ObjID,image_id,visit,detector,trail_length,lsst_psf_snr,x,y,nn_detected,stack_detected
K25F28Z,96,2025042900336,75,9.612382115146588,3.4362678430678093,165.60960881163305,1598.4428638992297,False,False
K25F28Z,55,2025042900346,31,9.612573300127345,6.282607146002372,1261.9545052372437,2326.652726929933,False,True
K25F28Z,210,2025050100470,180,9.794496677203378,5.015826148016036,3167.47180621844,2304.2842401380467,False,False
K25F28Z,209,2025050100478,143,9.7874438484953,4.208756991136769,3423.7149396569403,1468.1341169972634,False,False
K25F28Z,214,2025050100480,184,9.804970396898156,5.647505598725305,2969.7340888843883,3698.96158172827,False,True
K25F28Z,198,2025050100468,173,9.790455599763852,6.01137624041085,1738.5363614779255,1207.654509807774,False,True
K25F28Z,201,2025050100490,173,9.791307882951864,3.634132860298638,3012.08127702366,3709.560983215516,False,True
K25F28Z,211,2025050100475,150,9.790669132809482,8.122601634383841,1700.9288746815448,3347.120392766625,False,True
K25F28Z,202,2025050100483,184,9.800335853384311,3.84935617669596,241.6411458610611,1979.0543339665849,False,False
K25F28Z,199,2025050100473,180,9.79177055728364,7.894756505080134,273.5725498408224,671.9588081909759,False,True
K25F28Z,207,2025050100503,173,9.785608680332764,4.173204329591472,2107.6974509148645,1640.695940198986,False,False
K25F28Z,205,2025050100508,143,9.782094341855124,5.465884388831008,1411.0231263982091,2349.861743229574,False,True
K25F28Z,213,2025050100500,180,9.788925726317297,4.642311483590438,485.03497222398096,3691.703161800988,False,True
K25F28Z,197,2025050100465,180,9.79387315805744,3.24777350378528,564.392010795053,2829.999410636024,False,False
K25F28Z,212,2025050100493,173,9.789099680889,2.674006429005928,886.0699836227791,1361.213802139926,False,False
K25F28Z,220,2025050100498,172,9.783628048548172,7.031934060868438,3487.9094115390144,1721.181395787675,False,True
K25F28Z,206,2025050100510,186,9.79962230594629,3.3041924442817185,3610.453652992986,1349.2700939174429,False,False
K25F28Z,208,2025050100505,173,9.785705961641886,5.061101177492533,3694.7598754826895,199.74693879496533,False,True
K25F28Z,204,2025050100553,172,9.78008193579508,6.555514766193526,137.7833618835076,2096.976786741007,False,True
K21G12Z,248,2025050200793,1,6.940499038215734,3.0397279568095903,2215.3440505238304,2084.531009048351,False,False
K25F20L,254,2025050300758,183,9.13106938779234,2.381864143551192,2426.096650167121,452.85561812878416,False,False
K25F20L,256,2025050300761,165,9.132552684101398,2.255102544112851,1807.66044324513,3393.0751930014803,False,False
K25F20L,258,2025050300745,124,9.108617126188356,2.545846393890535,3804.428724847545,2718.532809824407,False,True
K25F20L,252,2025050300778,165,9.161232708584228,2.8066451743003125,2104.7330781209403,645.3986777453504,False,False
K25F20L,273,2025050300787,166,7.262065450776974,3.2261036213220486,2518.3351308409683,2234.150090419388,True,True
K25F20L,262,2025050300789,181,7.268718392969337,4.152116342698776,1383.18100354528,2882.3258045438342,False,True
K25F20L,260,2025050300790,166,7.2655090740474115,2.706361853354577,3732.2416323192447,1299.804235610813,False,True
K25F20L,263,2025050300797,169,7.279328293390018,2.477464879890784,2691.4850733837093,117.17979878664812,False,True
K25F20L,277,2025050300799,187,7.292731852907838,4.2308861165651415,1566.140739174698,1352.2325154240662,False,False
K25F20L,267,2025050300819,181,7.326526014116749,3.5447813038410496,3141.0201392700665,1499.2643151729053,False,True
K25F20L,278,2025050300820,167,7.324752219536501,4.14783373211402,1563.9217485558622,2106.8591666848106,False,True
K25F20L,281,2025050300827,170,7.342413305708025,4.8987128414632775,870.0237268085021,1008.7910847591062,False,True
K25F20L,280,2025050300825,170,7.33794200204913,3.240424468582157,429.2115844667916,1336.6223186063612,True,True
K25F20L,271,2025050300795,169,7.276691812226811,7.526404143756323,2244.847232789845,380.77921872176864,False,True
K25F20L,293,2025050400584,126,6.583712271356187,4.621302734522425,1766.2596935660374,277.5840374020073,False,True
K25F20L,275,2025050300817,167,7.319274805791929,5.998575372931359,405.9091219666875,3186.614987458324,False,True
K25F20L,301,2025050400594,126,6.582095804985386,3.134564895361492,1408.6819192360126,3430.381845447657,False,True
K25F20L,282,2025050300824,184,7.341439515618402,5.655988506192705,2510.465433193035,2907.64873949192,False,True
K25F20L,311,2025050400602,126,6.582523264694413,7.62363304262598,1248.6508128237172,1817.246107911452,False,False
K25F20L,305,2025050400605,126,6.583083281963455,9.832728524546615,2362.9542669147604,2738.374323884213,False,False
K25F20L,291,2025050400600,166,6.592880201991045,4.113967194858302,595.9739825556104,2078.0276161006086,False,False
K25F20L,314,2025050400615,150,6.59047482872972,5.884403912061974,2761.855120468268,1892.011288988981,False,True
K25F20L,308,2025050400621,150,8.35086219058623,2.6664569252149395,3864.800285408519,1066.0662676444863,False,False
K25F20L,286,2025050400612,150,6.588310582231649,2.045089668440832,1163.2869814673488,822.8801104314073,False,True
K25F20L,296,2025050400608,80,6.5854828435152015,5.477141604130587,169.48077107636345,2339.896925581429,False,True
K25F20L,298,2025050400588,172,6.588891476583759,2.492305155073784,201.04679241552745,2799.780948844449,False,True
K25F20L,289,2025050400626,180,8.359801875199393,2.574741616820809,1671.1554606754014,2380.5871426007125,False,False
K25F20L,302,2025050400613,130,6.585295937262229,4.244544987365967,75.68715783581638,683.5628291826911,False,True
K25F20L,288,2025050400634,124,8.366290892602587,2.9946191725163214,3077.227575240893,3581.714856520981,False,False
K25F20L,316,2025050400636,177,8.375777484904885,2.0294895267291726,3345.4982834096136,984.0306087009244,False,True
K20M02Y,354,2025052500522,72,10.18521172307774,2.6161800299351707,3289.8271512400347,1363.7752618924335,False,False
K20M02Y,338,2025052500550,29,12.911876385326396,2.848353185850052,1731.9821051149906,3461.293387291044,False,False
K20M02Y,369,2025052500575,5,10.218701482366166,2.0509151800046244,1541.2292395287843,3344.141238719328,False,False
K11UJ2Y,384,2025052500583,124,26.302002640555664,2.2371597746880907,406.55916259908975,2412.845889912698,False,False
K20M02Y,399,2025052500601,10,10.248966284706547,2.3900722396007485,2149.6176116935167,1522.8858552536672,False,False
K20P02Y,425,2025052800099,186,8.542142173951127,3.5069127078952915,3596.219571320017,2830.328310087512,False,False
K20P02Y,428,2025052800100,186,8.542693771786576,2.7349870703664383,669.8781079895238,3272.635108789278,False,False
K20P02Y,466,2025052800112,169,8.546620537339368,3.5413317611316355,812.4762498499657,3954.294640313256,False,False
K25H12F,452,2025052800122,26,11.590139799708329,8.805763913885468,2695.0114141271456,2525.7274627497973,True,True
K25H12F,468,2025052800134,67,11.579393644749176,9.423403919362176,617.2270086330702,3907.843863926485,True,True
K25H12F,453,2025052800123,56,11.584223232813097,7.732759861359549,1138.7988155174953,668.3545277005497,True,True
K25H12F,461,2025052800120,25,11.586282651822662,7.061237077461534,294.3425788957859,3027.944415553384,True,True
K25H12F,448,2025052800124,56,11.58266043428217,7.633912695788475,1739.9326466488735,2075.7234518069668,True,True
K25H12F,471,2025052800139,109,11.573265775165044,9.872616914380623,1567.91924819803,2763.507730966314,True,True
K25H12F,449,2025052800118,22,11.591953085185995,7.497941191412093,803.0326096628537,3044.8629967622733,True,True
K25H12F,464,2025052800135,109,11.578059394118153,7.716175283740213,3587.8982759981045,361.12123204429406,True,True
K25H12F,465,2025052800129,56,11.58178997107082,8.117862725194183,3738.261395411171,3092.96537556577,True,True
K25H12F,456,2025052800125,59,11.579523038188034,7.413628494917746,4019.6730448322746,522.7846673134753,True,True
K25H12F,477,2025052800140,112,11.570774436648504,9.532996812280649,2456.744044883741,3632.53056286181,True,True
K25H12F,467,2025052800136,109,11.574920451446811,8.355412344953928,1145.4950350015274,554.8147166191965,True,True
K25H12F,472,2025052800138,112,11.572638659021832,8.847708223659952,2308.1052458251143,518.677078889249,True,True
K25H12F,460,2025052800126,66,11.580671170376226,7.806573441269248,1234.122887764452,1203.4732194574735,True,True
K25H12F,459,2025052800127,63,11.585925048280757,6.852402459528737,166.29092703440404,876.0832939270636,True,True
K25H12F,450,2025052800130,66,11.579346393720092,8.519601845775135,948.6821128939916,872.9084293068681,True,True
K25H12F,478,2025052800151,55,11.555422608434286,8.749127656178276,2544.062733036076,1649.742061683828,True,True
K25H12F,490,2025052800155,66,11.552312533565786,9.640442079074576,1809.0074574789503,2879.8728293035806,True,True
K25H12F,492,2025052800157,63,11.557455995169455,9.908489739126306,2825.080983411314,3373.5695252692294,True,True
K25H12F,481,2025052800152,63,11.560707134228036,9.829373954896036,1377.4527748690866,511.8725609473265,True,True
K25H12F,487,2025052800156,66,11.55276872758492,8.460461130609323,3187.0297519103087,3784.4403723717983,True,True
K25H12F,489,2025052800153,56,11.557158988272198,8.278055840632515,3750.351287410471,2641.25579741764,True,True
K25H12F,488,2025052800158,66,11.55478177598337,9.494195380506882,2399.7669851297505,571.5320889443855,True,True
K25H12F,479,2025052800145,21,11.56976176545377,9.355959134678011,3121.800999556459,2408.8044643899952,True,True
K25H12F,482,2025052800144,21,11.568934221301276,9.07493890058228,610.7649381116188,2824.039040319097,True,True
K25H12F,486,2025052800146,22,11.568817329600767,8.093931647748619,92.6727617557026,2546.243598191815,True,True
K20P02Y,512,2025052800180,169,8.550105234581576,2.187737259619155,2637.216418533905,2005.346813240605,False,False
K24W02L,534,2025053000262,96,11.020765051066736,4.88585857394978,3035.08061741872,1562.402026673648,False,True
K24W02L,533,2025053000276,156,11.016461003726429,2.11106470379373,1086.3728560649213,1498.390968772511,False,False
K24W02L,574,2025053000329,114,10.900463794913534,2.0035451930981387,401.8874663943767,2239.248300167811,False,False
K24W02L,581,2025053000331,103,10.893811011989854,2.5772365934761368,3903.112025691309,3399.7506239373097,False,True
K24W02L,572,2025053000340,114,10.891820052196524,2.2005407183442,3344.1634779797905,284.0337699063797,False,False
K22M01M,603,2025060900547,5,10.43332048981149,2.1032650889842226,438.5660925327168,513.4879019245584,False,False
K22M01M,604,2025060900575,68,10.422051987474523,5.142539950076793,1220.6032280300387,1363.6171929177704,False,False
K22M01M,605,2025060900589,92,10.405104625863048,3.430633775134979,1413.615886916882,2609.182216748312,False,False
K22M01M,601,2025060900596,21,10.415216113848745,8.85197036637037,2582.8981802053618,3815.451795134786,True,True
K25L00V,630,2025062000319,37,7.824723569231118,8.663187179471509,2218.5024451301306,3340.303366060485,False,True
K22M01M,602,2025060900643,21,10.43576489682018,3.2981419176430973,2102.218262951504,3018.689852103486,False,False
K25M00X,623,2025062000329,82,23.248812901431823,5.015550106850688,1660.133745989016,2990.9088690623303,True,True
K13Y38E,608,2025062000345,16,11.27357998068063,3.359264118686092,2793.271848085282,3118.763911865979,False,False
K25M02N,681,2025062000563,78,34.70256987069266,8.11030348509747,1204.513936479645,3961.761635023104,True,True
K18P22D,663,2025062000588,183,7.771724271384367,6.514235840470295,2231.114812329316,2025.967405574136,True,True
K25M00E,684,2025062100502,107,6.670232940009445,6.839008446698218,3021.6662715589828,633.4805576783923,False,True
K25M88W,678,2025062100497,112,24.039331577837363,6.020886514526656,2208.510379407767,1132.862419185053,False,True
K25M02N,686,2025062100535,112,38.75566314010312,4.219981089549875,512.7288811644268,3511.6543995176394,True,True
J99M00N,709,2025062100534,71,11.928974839234,8.055275965024544,3058.4018845001606,3866.95477246735,True,True
K08X02B,707,2025062300430,134,12.34881483661087,2.3562673099469973,2555.0337149677043,1850.2483306938989,False,False
K25M89G,710,2025062100601,87,20.949442271410497,8.769550138173654,2917.3891803722754,324.9311705112086,True,True
K20X02O,735,2025063000532,169,10.220264466,2.433146394542598,972.0097048282468,2706.7136089076075,False,False
K25N01T,749,2025070100128,162,6.560612812198926,6.560754022432057,2430.582477762242,3993.183289701084,False,False
K25M91V,782,2025070100542,164,10.050909327889984,6.841306956177695,2922.8539283697523,2181.993470936814,True,True
K21T13V,800,2025070100677,107,6.943627657191837,4.636554576463863,1570.0504202534892,2050.843392149479,False,False
K18A04G,839,2025070300153,2,6.843264969259232,4.873219256988988,332.5353762180267,53.89687705626329,False,False
K25N00B,865,2025070400425,145,13.770537105963,6.326819610452223,1890.588567234313,1760.389683013112,True,True
K25N00K,888,2025070600227,148,8.656088864272773,2.292199484936755,615.8536214926196,993.3196279311352,True,False
K25M89D,876,2025070600051,52,35.3198931500674,3.4221372827693304,3847.8088629132735,3556.1330584202574,False,False
K25N00T,886,2025070600249,23,24.73797145658798,2.461037955480861,358.49000765223127,2649.390518346064,True,True
K25N00T,881,2025070600201,23,24.698979152344613,4.5240356996644,1740.7619664122126,1969.3885708125329,False,False
K25M00V,889,2025070600270,24,14.72324932918433,6.651748605622016,922.799170964393,377.024065844684,True,True
K25N00K,885,2025070600275,148,8.711212167600916,7.560472434386457,933.7195137882318,560.4038677250389,True,True
K25N00T,887,2025070600219,175,24.67616442237012,2.494345098431553,333.6132417152122,1560.2348870283197,False,False
K25M00V,894,2025070600278,166,14.707796179764062,4.033932320348445,641.6229371978031,2906.2225536052406,True,True
K19B01A,906,2025070600372,187,6.435096790021788,9.204820677493275,3436.3018984553537,1746.1896520688697,True,True
K25M00V,884,2025070600230,166,14.868473528330258,5.80411678349228,647.0035692301486,1959.8886214073184,False,True
K25N00Q,913,2025070600486,105,8.783768129362144,5.882953437233497,966.7889469648576,1951.056916852852,False,True
K25N00B,896,2025070600313,43,13.671075247101369,2.3337979275918186,425.1125046366518,3738.154399137783,False,True
K25N00T,897,2025070600267,174,24.721051845036275,2.710928535229395,3139.131144693972,2184.8036053174847,True,True
K25M93L,893,2025070600309,156,6.756558936956664,9.320086764346607,2708.0434992746896,3680.6052948725846,True,True
K18B01J,917,2025070600601,186,15.589531098945258,4.856080642100495,3346.692271912724,705.2378577914653,False,False
K17O19M,914,2025070600544,110,6.905613952992862,2.152603302395514,1392.2865872367415,1317.305744802058,False,False
K25O02D,948,2025071000331,120,13.069964862250147,7.270977208840898,423.232656282009,3974.180607726807,False,False
K25O04L,931,2025071000133,40,10.810647038875324,7.190622568313992,581.3277673145775,1295.660982564525,False,False
K22Y06N,962,2025071000396,146,8.580182409053599,7.324656284557051,2800.074280965993,2271.3663921803845,False,False
K25N02Y,950,2025071000381,105,17.286733322727784,2.6202546540064944,1505.6587251419855,2555.1624589524613,False,False
K20B05A,959,2025071000376,61,6.399761128956536,4.7102393577997095,1013.0667671115508,1081.172981302016,False,True
K25N02Y,976,2025071000428,105,17.199968693958564,2.3428312156138635,2135.397475998673,2160.6668316295163,False,False
K20B05A,986,2025071000479,61,6.35094629406749,4.8839011615217,2272.8810356512467,1568.513822198696,False,True
K20B05A,982,2025071000480,61,6.351849908974587,2.3124740182957733,2273.585771379572,1562.0355996856551,False,False
K18B05J,1025,2025071000606,140,9.286504828842771,7.111688370314803,3526.998789129225,2755.299770430853,False,True
K20M02P,1041,2025071000636,30,9.920353127782306,5.650611614656108,600.72240832277,1533.1062511443238,False,False
K17W13W,1036,2025071000636,64,6.459669883406432,3.861217590164511,4031.835765958268,1726.8961805994245,False,False
K25N02Y,1063,2025071000648,144,16.913425568271865,3.34563503357786,3663.293861106068,1192.7162338147682,True,True
K20B05A,1049,2025071000647,101,6.313804936395916,5.165896669622016,1809.5040732425448,3935.771460113976,True,True
K25M01T,1084,2025071100272,55,9.664513024939088,6.344150018438464,3249.456277721089,373.82321459279103,False,True
K25O01N,1069,2025071100244,177,7.762043756554201,3.4575670451881586,2121.3937471049703,2820.7984039131416,False,True
K25D49K,1099,2025071100380,157,9.443820474400296,5.268289270203628,220.67221291529407,3527.943026900499,True,True
K25O01N,1080,2025071100323,177,7.79709969787027,3.427052703795872,1245.8478299800363,2148.972626172635,False,True
K25D49K,1089,2025071100397,157,9.435322003915418,6.699761823931476,31.45279565918929,3686.256894876973,False,True
K25O01N,1094,2025071100337,14,7.804716142572958,2.0883614437001383,1003.7344973671889,3813.625600483018,False,True
K25M89G,1104,2025071100438,21,14.105557041612036,2.8078845968503803,1743.6692022294474,3621.760288670098,False,True
K18B06Y,1112,2025071100531,158,26.65957637350924,7.395745896043129,2676.7910825166764,1439.5250663741872,False,False
K25D49K,1106,2025071100518,176,9.379259843479211,7.693579174396239,210.6029789897121,3171.023338871494,True,True
K25M92E,1116,2025071100503,145,18.292468137843933,9.826318572728884,1276.75627858649,2803.423238614535,False,True
K20B05A,1153,2025071100769,143,6.394966834496648,6.6985096788006055,3900.943132691412,3521.1287883177247,False,True
K25F23V,1180,2025071200266,105,11.624333470577444,4.833265632942845,2911.171276536374,2754.8053163849054,False,True
K25O01N,1176,2025071200303,49,8.197450119336727,5.376096042165883,3182.073509233149,2812.15915279943,False,True
K25O01N,1190,2025071200351,49,8.20035160565903,3.894854856172735,3658.726426107464,2527.1365462447266,False,True
K20B05A,1240,2025071200650,97,6.468262438034844,6.96008020742031,3384.017761497489,2021.226406633936,True,True
K23Y01O,1231,2025071200634,179,6.719586397022177,6.217688028114726,3477.664690060658,652.9068368681029,True,True
K16X18H,1250,2025071200683,144,6.337895160204547,2.142851732476506,761.6995481433758,1055.8437279324653,False,False
K20B05A,1252,2025071200698,97,6.460157005064951,6.692306484498956,3891.961494757778,1878.7857594800348,True,True
K23Y01O,1249,2025071200682,179,6.728719471670107,4.197735428013516,3723.8763106969936,289.5118399647644,True,False
K25O09V,1283,2025071300192,14,12.481756843838784,2.2424481348269305,2518.4291926140872,2800.914011732246,False,False
K18X06T,1247,2025071200695,64,6.57908859891421,4.280812897431615,2502.573936121325,1872.0114956721789,False,True
K25O01N,1264,2025071300171,141,8.677374994669611,2.446226526264224,891.5534391808437,1966.6886143601807,False,True
K25O09V,1276,2025071300237,14,12.439738272039428,2.4922518832558573,2636.503170351225,1972.183122446668,False,True
K18P22D,1296,2025071300285,22,12.644488912115651,4.346497976385395,741.1208404725186,332.8785164590769,False,False
K25H06V,1270,2025071300171,110,6.562535024609998,5.6927893164813685,3778.537123682248,3697.290598442401,True,True
K18P22D,1281,2025071300244,19,12.613701351700726,6.201342199707135,397.2559863139514,3588.3360356345984,False,False
K23Y01O,1328,2025071300637,115,6.77129476263638,2.782883409334584,2545.31621300316,2505.378720674525,False,False
K25O07Y,1327,2025071300569,146,15.847549405883855,4.353715304581957,265.9224913940087,1874.9261028431013,False,True
K18B05J,1330,2025071300612,105,9.741146837407843,3.595238629192903,1634.6842701027706,1752.8149930553006,False,False
K25O01N,1308,2025071300484,43,9.222399885016126,8.447454576316376,3082.095831366681,3875.4375547584896,False,True
K25O09V,1335,2025071300672,40,12.769386174574167,2.5392602100466983,2094.78229303968,3710.801022278452,False,True
K18B01J,1343,2025071300638,148,26.395029821218746,2.0757163237148784,1443.6044940886827,985.895883363436,False,True
K25F23V,1351,2025071400057,29,10.747085198459525,4.357474000046198,3209.587656437299,1806.3896481192064,False,False
K25O09V,1338,2025071300719,43,12.863465194798628,2.262426906410464,2460.2423725365406,316.5722847069984,False,True
K25J01G,1353,2025071400067,165,9.471705722859223,5.539128772622481,862.3757786366818,1145.2215743898776,True,True
K25O07Y,1361,2025071400097,44,15.7978872949736,3.0607953428809567,328.8650911897398,356.7034181845217,False,False
K25O03Z,1348,2025071300758,107,6.660454900899239,5.521340494471475,2248.481732742708,2497.035226043635,True,True
K25O09V,1341,2025071300772,43,12.981183304857844,2.660915407686211,2241.3131358525275,2298.590664377196,False,True
K22P20K,1379,2025071500140,184,6.443833508067038,8.186346831592328,1105.5546459986465,1794.3622962691031,False,False
K22P20K,1436,2025071600301,8,8.851945337629989,5.309059481839164,3079.497694211638,3992.7179460640327,False,False
K22P20K,1433,2025071600302,21,8.867608709547355,7.115928052899505,3906.587814039623,2773.431722154749,False,True
K22P20K,1439,2025071600315,155,8.900502668251452,4.804982687566695,2446.540055502888,3049.952396783389,False,False
K22P20K,1442,2025071600308,23,8.884627065566802,7.087456719101586,3345.3957166387586,3867.476088167448,True,True
K22P20K,1438,2025071600316,115,8.895640252447789,9.503785976538026,2345.546969796193,691.458913733233,False,True
K22P20K,1446,2025071600305,115,8.866356345790676,4.765114876804013,1547.8632360722363,3121.758522814529,False,True
K22P20K,1452,2025071600317,66,8.891253307077054,8.272827431140598,692.0837543947302,3153.0348386537044,False,True
K22P20K,1440,2025071600311,63,8.88747259286268,9.30869611446318,2642.743783945775,2089.605097749965,True,True
K22P20K,1449,2025071600321,91,8.882974185975678,3.220448874133534,3539.6210987241084,3104.075662507571,False,False
K22P20K,1447,2025071600323,97,8.887796125039001,6.1523343920662485,656.7079746402184,1627.6794379622777,False,True
K22P20K,1450,2025071600322,184,8.902581727206101,5.7506719734405785,1002.5403102898384,3096.651422711464,False,True
K22P20K,1455,2025071600326,60,8.895974413388972,4.031388382890127,297.3208083015927,503.5548596235851,False,False
K22P20K,1448,2025071600319,62,8.889550762753602,6.317902442511052,1989.981329664668,1730.8810614931754,True,True
K25O07X,1480,2025071700078,88,6.564679802033435,2.486064717076713,3432.718824204164,2393.514511299992,False,True
K25M00V,1522,2025071700254,171,9.46139095950886,2.487680204530744,3267.483758964287,2293.5830561117928,False,False
K25O02E,1530,2025071700394,99,8.800864085168763,3.5179884066429072,2389.9681747702843,1812.8752316809805,False,False
K25O17H,1543,2025071700464,38,6.946832509532112,8.961288249375004,1971.79133942526,1340.4824460325535,True,True
K25O12U,1536,2025071700492,167,8.196241314480494,6.539227021886994,1134.7659174810667,3135.5323342143874,True,True
K25O12U,1540,2025071700493,5,8.196275507559545,5.429499491458534,1730.1496716079596,3557.0729310525194,True,True
K20B05A,1552,2025071700514,49,6.8463551880786575,9.232216026426771,2843.9391379402773,240.7256579462536,True,True
K25O07X,1566,2025071700619,52,6.36571577121671,3.620480473823192,3165.2121824351725,3239.3016494606827,False,True
K25O07X,1576,2025071700674,52,6.519953406828876,4.149991414322408,2862.182981121497,3558.059278685631,False,True
K25O03Z,1579,2025071700656,66,8.067463250590178,9.429363480034828,1222.77169034591,2551.04088207682,False,True
K25N01U,1616,2025071800215,26,8.485565125166266,4.189973903754665,1919.790990676724,945.1650220245216,False,False
K25O01Y,1593,2025071800129,87,23.52771680012953,4.214395616915012,1724.921284644581,2240.652949351728,False,True
K25M89U,1586,2025071800040,172,7.868538462642237,8.964421154500437,2241.998652137356,361.6481149707512,True,True
K25O01D,1615,2025071800265,130,9.720905928356396,4.346343054793295,3119.3165009612576,630.7720780575315,False,False
K25O11L,1614,2025071800236,101,21.54698420119857,2.119630217428474,202.1714591643571,316.5552475768079,False,False
K22P00J,1643,2025071800386,29,8.27664004302547,7.025864592015057,277.5790840427435,1795.604649909534,True,True
K25P00H,1629,2025071800279,39,11.880093476435627,5.702641698593907,2310.140494463837,1851.7626485850656,False,True
K25O17H,1628,2025071800341,57,7.132659350326499,5.810079939703734,2676.424308916358,1484.76538321528,False,True
K25O01U,1691,2025071900252,33,19.676963753384843,7.211412235897359,3873.1445416492697,3929.984867262797,True,True
K25M02D,1684,2025071900172,37,10.068988313249973,2.070484461542069,3722.198055185254,3712.070721353584,False,True
K25A02H,1699,2025071900276,28,8.764717408267943,4.775386009164411,853.811913326428,3414.0426595845624,False,True
K25O09W,1704,2025071900282,57,9.586423887017162,3.405868513072758,3704.452883335958,1958.096006660478,False,False
K25A02H,1698,2025071900277,178,8.752158113542238,5.021664134886661,3649.2652376721226,2556.516805504368,False,True
K25O03Z,1702,2025071900280,114,10.834958555346198,4.372620095910944,3965.666630301444,1400.3448471063275,False,True
K25O01U,1696,2025071900234,63,19.610338903966426,5.608072929222364,3698.701913585966,2680.333968550357,True,True
K25M89U,1689,2025071900261,184,7.563551003360305,8.388011607931794,200.20809848981776,1973.840130467668,False,True
K25D49K,1716,2025071900380,167,8.516184232317078,2.7995317997911813,2334.204487714892,1454.4037237378766,False,False
K25P00H,1726,2025071900410,84,9.724245421741967,6.097567054184505,1437.7745814053178,900.6654778863632,False,False
K17D15S,1739,2025071900498,117,6.578492383119003,3.5693279153940964,496.6950605636903,3867.3203856847695,False,False
K22P00J,1753,2025071900535,59,8.538049272798006,3.988115783964299,2070.177057142768,772.6114988350536,False,False
K23B08P,1767,2025071900572,135,14.551230532398757,2.2951309757650518,2124.991410810844,948.9942455761336,False,False
K18B05E,1789,2025071900661,46,15.26292097340304,3.642974079493121,2382.371220910205,3153.947624504386,False,False
K25O09W,1773,2025071900636,1,8.114379863760975,7.92568892784373,978.139852080242,3479.088639056289,False,False
K25O01U,1807,2025072000128,73,26.97886640193469,9.648053656396996,610.4673685819074,2252.891189450752,False,False
K25O01D,1825,2025072000177,128,10.904657215981366,8.695801811784701,548.3302710631183,2662.007366707038,True,True
K13T04M,1823,2025072000174,11,11.431761692485043,8.476123064416509,1530.0159138719982,3571.7078501090773,True,True
K25A02H,1822,2025072000150,70,8.584618776369407,5.760599924196586,1920.3640120648863,1764.8313946939645,False,True
K25O04Q,1844,2025072000225,63,14.536405085700125,9.782919438121027,2035.4877559277245,1141.2584342617151,True,True
K25O09W,1836,2025072000253,129,8.319296391189527,3.289881371062121,844.6755641603634,3079.535415359328,False,False
K25O12U,1865,2025072000380,107,11.84480058059665,8.149802777083147,2694.31534230898,2875.761144149292,True,True
K25O09V,1850,2025072000274,30,13.610059389767931,3.4524642309911107,1572.1005242845597,3818.680558748133,False,False
K25O17H,1860,2025072000369,16,7.532760337954028,5.702087878459851,3409.804965608667,383.3463807348452,True,True
K25O10K,1869,2025072000383,15,15.582606286436931,7.820055534900789,2765.889729144381,3091.836477071333,True,True
K25P01B,1852,2025072000312,102,10.322902782946688,3.2883281920164102,4010.242399389309,904.3775255034836,False,False
K20B05A,1887,2025072000446,89,7.041348616390051,2.841889167693328,654.6704015458959,1291.7077432503224,False,False
K20B05A,1890,2025072000494,89,7.023508276205822,7.765149931033968,869.6057189340899,845.0751609322978,True,True
K25P00K,1868,2025072000390,148,7.71853301716017,6.161790322481834,1828.7774625132893,588.8090164849264,False,False
K25N01J,1885,2025072000504,77,6.805312496726567,2.3944966838487947,2227.5681204086773,2002.3647474424945,False,False
K24Y13C,1875,2025072000449,70,9.675747339419091,4.462567422778909,1909.0284936771063,1972.9782449595264,False,True
K25N01U,1900,2025072100246,150,8.943638596965693,3.5101669211960465,2373.083388696452,380.7808247760119,False,False
K25A02H,1889,2025072100048,107,6.591192616937514,2.890936017307594,3883.935301599997,941.6189408268032,False,False
K25O03Z,1904,2025072100240,76,9.437601676735628,9.687612713046391,2106.84906682229,664.8087133477532,True,True
K21N00X,1902,2025072100259,58,10.410926470726654,5.031721102621607,3485.5060493696733,353.58710720675265,False,True
K25O17H,1934,2025072100332,104,9.823672426402355,2.028703858469261,920.3555217623514,2084.771091891328,False,False
K15N13Y,1923,2025072100325,85,10.527163877088134,9.717176206108434,1752.1771748161457,975.5724176757246,False,True
K25O00E,1928,2025072100339,86,19.94654016496296,6.578602352129746,319.28521948118555,1476.2357180840063,False,True
K25P00K,1949,2025072100403,54,8.283742918339481,8.1020510309759,3856.725249659216,1465.7891956946514,False,True
K22P00J,1966,2025072100499,61,9.102932507351325,6.747024656095858,604.0273744030744,913.4450430846772,False,True
K24O02N,1974,2025072100498,142,10.28070017097977,7.430076642495658,3816.3653719271233,3444.708169770168,False,False
K25O04S,2003,2025072100611,128,14.996413263832894,6.911165568017522,3003.5600425470475,2552.848366351631,True,True
K25O07W,2017,2025072200128,45,7.526050932078323,7.279065511385784,2310.1763525641763,2342.251342198981,False,True
K25O09W,2025,2025072200191,108,10.369244720859408,7.766972153964466,3334.1673476022024,575.8608284657162,False,True
K25O11L,2037,2025072200247,147,24.55668016827581,2.657889206551359,3530.409082788283,3509.5617511215733,False,False
K25N01U,2040,2025072200242,42,9.070787336483775,2.7790769534039703,3883.642759236035,3971.548482094048,False,False
K25O09V,2038,2025072200259,78,12.710608739222412,2.9778380069642494,2563.032228555763,2648.31917626096,False,False
K25O09V,2036,2025072200261,67,12.702584905565118,2.1246791596846437,1241.5948978460356,3374.598597999613,False,False
K13T04M,2067,2025072200281,124,15.89490258200262,3.3761764477027745,1663.3138534426885,1196.383825963378,False,False
K22P00J,2083,2025072200454,28,9.427687583643886,5.145555642078962,183.05053221283856,1205.637115433354,False,True
K24P03R,2078,2025072200401,109,10.065908995546446,4.247600605843183,3169.256457938446,513.0340535625066,False,True
K22P00J,2093,2025072200459,183,9.409753127507487,4.556935220732619,3770.6706018391537,432.0695351170733,True,True
K14A16B,2084,2025072200449,35,6.64541364804091,3.2792990444986345,1638.6694537082876,1526.3157816781422,False,False
K25O10K,2086,2025072200442,72,20.01449578047329,4.370185248353274,2929.3342024366366,1089.3944043966003,False,False
K25O02G,2082,2025072200442,166,17.532885907705495,5.532066141122754,121.0982240740086,3001.142039153945,False,True
K19J00M,2144,2025072200577,144,18.7019319610374,2.1651515700025743,3242.313487202834,370.50534702974846,False,False
K22P00J,2186,2025072300425,32,9.728543009068956,8.22074368615693,3235.567116547668,3819.030447921821,False,False
K19J00M,2223,2025072300551,125,13.669169173994968,4.641798130587502,2358.526871424312,915.6481183484294,False,False
K19J00M,2242,2025072300565,142,13.660041664308014,7.205611099266827,1606.4633461586232,3258.8564252022616,False,False
K19J00M,2252,2025072300575,89,13.664087966040752,8.134321122684602,2888.3717622581285,3159.681629227335,False,False
K19J00M,2226,2025072300549,140,13.64714255776331,3.342207845398934,1133.6006091779575,3442.9374502597457,False,False
K19J00M,2228,2025072300545,33,13.676664182947572,2.3862322861028185,787.6391414371966,3322.5648896396697,False,False
K19J00M,2240,2025072300577,83,13.665515457147343,5.735061149590863,2884.709624576004,2930.782630420574,False,False
K19J00M,2255,2025072300578,42,13.681530066948886,2.6013492044899205,391.1938617369989,2891.320787822104,False,False
K19J00M,2241,2025072300576,79,13.687341324276222,5.704033521771724,3758.05246320356,1956.7279817050496,False,False
K19J00M,2234,2025072300563,88,13.661169881982213,2.1403204265863205,1708.149541130839,2726.2021953190365,False,False
K19J00M,2243,2025072300573,132,13.675747186324902,4.225057178827845,3391.793797472384,3681.719719153666,False,False
K19J00M,2225,2025072300550,86,13.642408706468183,3.2961302227891665,808.8790629264522,3229.089844457393,False,False
K19J00M,2229,2025072300554,120,13.685039613150808,2.960065603398997,1957.6866143656896,1827.5396572738955,False,False
K25O11L,2320,2025080900274,28,9.20008957481882,3.1030319000581805,3559.956307171863,1077.497158881637,False,False
K25O11L,2339,2025080900316,39,9.1610714627846,2.2060377717550503,420.2537917246218,479.3607688284743,True,True
K25O11L,2333,2025080900310,21,9.16925716543262,2.2255061895688413,2760.7667456342274,3389.865746372462,True,True
K25O11L,2340,2025080900315,32,9.163345848518851,2.70414598209771,1731.921757211034,1485.4743274647883,True,True
K25O04M,2344,2025081000308,136,13.104981525232835,8.69874169338422,1815.3718714142308,159.21480778560704,True,True
K25O04M,2356,2025081000369,136,12.855216036013765,6.458023472343824,1316.782246885622,40.70003727335836,True,True
K25O04M,2354,2025081000410,136,12.734257511610574,5.517506338692589,1991.7543418448709,170.541282717547,True,True
K18P10K,2366,2025081200252,128,7.658761139499056,7.908104659864874,3470.581043083476,3471.745792155504,False,True
K13P20S,2362,2025081200257,136,9.449040904353255,2.5849217341122337,2184.425609247573,1306.2396322480615,False,True
K13P20S,2378,2025081300344,109,9.45439563909545,6.893682030533315,1557.0869660759588,2874.018656106284,False,True
K18P10K,2365,2025081200273,128,7.650357615236333,9.806208571433718,3525.499489288016,3717.338774850372,True,True
K13P20S,2373,2025081300394,109,9.453934457846708,5.608348605331472,1706.4350956428727,3322.032793196648,False,True
K13P20S,2375,2025081300389,73,9.454557649053784,5.506753549865455,297.83245419739774,2822.770316489399,False,True
K13P20S,2377,2025081300415,109,9.454917414108245,5.947048457834309,1754.1033585092662,3034.600619236311,False,True
K13P20S,2385,2025081300457,109,9.46095668203933,4.463768226621273,1849.9795670225271,2897.578714731134,False,True
K13P20S,2363,2025081200278,136,9.452192427840204,2.7733492183840807,2191.113722705039,1005.8287470582422,True,True
K25O09P,2382,2025081300309,1,13.414462934147735,2.088824731633028,4055.385504377488,1544.960022964377,False,False
K13P20S,2374,2025081300393,73,9.455134708288474,5.918559529800636,410.3078760772652,1960.656966722735,False,True
K25O11B,2413,2025081600316,147,7.719401396695537,2.335601494564256,819.436386093557,437.0077367393852,False,True
K25O11B,2417,2025081600360,140,7.671845429536307,2.7793179626501985,3001.855289609447,2144.973751596177,False,True
K25O04M,2411,2025081600418,150,7.472399297297516,7.019622376971386,2674.741582913185,3042.7517573513023,True,True
K21J01U,2473,2025090600318,30,6.391386784893463,8.34618289371269,1953.841094616952,2261.387500712383,False,False
K22C01L,2440,2025081600615,93,6.757192159827471,6.907389420984201,630.9247938309417,2574.225978933034,True,True
K17Q02F,2499,2025092000110,56,9.034914441479604,4.771807532160124,1090.6010572209025,1042.9049467896186,False,False
K17Q02F,2523,2025092100133,16,9.188204263866334,4.987267901184253,2073.8759370614853,2463.8852759980155,True,True
K17Q02F,2513,2025092000138,56,9.06973099243294,5.302968342314334,883.7171066805485,1331.0541992430267,False,True
