src,image_id,trail_length,snr,stack,pmax,pmean,n_over50
synth,7,9.84261723304347,5.89783369187931,True,0.99951171875,0.750505268573761,474.0
synth,7,19.44458615512127,3.8820483930956176,True,0.99609375,0.7171924710273743,497.0
synth,7,35.65676396013329,6.487450458620262,True,1.0,0.8206695318222046,514.0
synth,7,13.811703077183608,4.352988826020389,True,0.99951171875,0.7632823586463928,480.0
synth,7,27.24837717716481,3.1509577783015703,False,0.865234375,0.5631120800971985,474.0
synth,7,25.86539761408281,3.549402318642106,False,0.998046875,0.6665553450584412,442.0
synth,7,18.985503008181013,5.560491099949691,True,0.99951171875,0.7935495972633362,500.0
synth,7,36.447170517589065,5.068680963189295,False,0.9990234375,0.8142510056495667,519.0
synth,7,50.16731500913067,6.145789750599837,True,1.0,0.8372129201889038,525.0
synth,7,52.59527615552598,2.0238450530136887,False,0.99853515625,0.814567506313324,516.0
synth,7,27.52317320494483,3.9012650484490714,False,0.99951171875,0.8274935483932495,518.0
synth,7,27.936713278388947,6.764617660236069,True,1.0,0.8363364338874817,523.0
synth,7,48.78102692839232,4.544015860026149,True,0.99951171875,0.7875033617019653,508.0
synth,7,30.40109734546077,7.072924839634902,True,0.99951171875,0.830040454864502,526.0
synth,7,33.36480985645063,7.015700014976932,True,1.0,0.826478123664856,519.0
synth,7,14.350979388160471,2.291135930775803,False,0.01522064208984375,0.0007664573495276272,0.0
synth,7,45.02748246469258,4.946549118490305,False,0.99951171875,0.8225562572479248,522.0
synth,7,6.956504330801852,7.721734445107427,True,0.990234375,0.6560038328170776,463.0
synth,7,30.899117522601216,7.439926815041804,True,1.0,0.8377497792243958,524.0
synth,7,58.52832281781989,5.755873681279004,False,0.99951171875,0.8311378955841064,521.0
synth,21,59.66981226419072,2.787055372631987,False,0.99755859375,0.7115185260772705,441.0
synth,21,7.427296127908215,6.2270296297687775,False,0.99267578125,0.7838583588600159,513.0
synth,21,34.17103714824735,7.02706823630662,True,0.99853515625,0.7817983627319336,502.0
synth,21,27.75535500071588,7.65463802834089,True,0.9990234375,0.7903087139129639,506.0
synth,21,33.44900182605678,6.099709502658067,True,0.99951171875,0.8254171013832092,518.0
synth,21,12.293132716929104,3.0325414050957726,False,0.0010585784912109375,0.00023774814326316118,0.0
synth,21,17.953765600711776,3.138488196163032,False,0.94921875,0.16991747915744781,71.0
synth,21,22.268394852806985,2.952765017070516,False,0.003147125244140625,0.00042504662997089326,0.0
synth,21,32.50136587516157,4.456835465788664,True,0.99951171875,0.8195262551307678,517.0
synth,21,40.806818412765885,5.943473619271237,True,0.9990234375,0.8300504088401794,528.0
synth,21,43.24902442687031,4.706000282406375,False,0.99951171875,0.8123379349708557,513.0
synth,21,28.688138154541907,3.663796389851276,False,0.9951171875,0.654367983341217,463.0
synth,21,35.86412044767056,5.277530774421377,True,0.9990234375,0.8180518746376038,523.0
synth,21,19.29944453567629,5.20736861605688,True,0.99951171875,0.8196940422058105,515.0
synth,21,8.73488220864123,2.860681502461017,False,0.005008697509765625,0.0008646064670756459,0.0
synth,21,36.44756213668373,2.317341716027438,False,0.00789642333984375,0.00037637967034243047,0.0
synth,21,32.05746692455627,4.570252159136357,False,0.9990234375,0.823533296585083,520.0
synth,21,47.968621052692185,2.9972282943939765,False,0.99853515625,0.7986791133880615,509.0
synth,21,12.534234289569536,2.3718845006223144,False,0.0003528594970703125,0.00010208835738012567,0.0
synth,21,7.35242329865038,6.879231718804472,True,0.99853515625,0.6933403611183167,443.0
synth,32,59.30538522726407,3.657367416374724,False,0.99853515625,0.7098408341407776,461.0
synth,32,39.47888153091422,2.76519545751041,False,0.998046875,0.7959946393966675,508.0
synth,32,22.086916988871547,7.352824788353014,True,1.0,0.8608683347702026,541.0
synth,32,55.515577720878696,7.233566360858212,True,1.0,0.8359991908073425,525.0
synth,32,49.98296430378952,2.1147428556901,False,0.00048065185546875,0.00012411928037181497,0.0
synth,32,32.73190654268849,5.867386090558665,True,1.0,0.8556527495384216,535.0
synth,32,35.19803333518242,6.438192761885896,True,0.99853515625,0.8068052530288696,512.0
synth,32,49.31754425734225,7.533419396039312,True,1.0,0.8362851738929749,523.0
synth,32,25.780553681935977,2.0848504451901446,False,0.0092620849609375,0.001079695881344378,0.0
synth,32,38.27364191516256,3.287991359012807,False,0.0169677734375,0.001583401462994516,0.0
synth,32,35.12906166032236,4.883369772439542,True,0.9990234375,0.6712825298309326,426.0
synth,32,48.59210197709898,2.513401882176915,False,0.173095703125,0.011465937830507755,0.0
synth,32,50.24411502375853,3.70275702247066,False,0.69482421875,0.24832680821418762,62.0
synth,32,56.48090680445715,2.386229374865563,False,0.97509765625,0.5444602966308594,382.0
synth,32,14.067856443272897,6.762836891463556,True,0.99951171875,0.7795636653900146,488.0
synth,32,19.264272820635423,4.942020204898959,False,0.9970703125,0.7498862743377686,487.0
synth,32,29.7977833518055,2.095569937155871,False,0.9970703125,0.8306196331977844,534.0
synth,32,33.94848876783973,6.195857121808038,True,1.0,0.8549736142158508,539.0
synth,32,27.09223752421659,2.038121801101417,False,0.077392578125,0.00982729997485876,0.0
synth,32,40.38513224865583,3.686200892383217,False,0.9990234375,0.7630523443222046,481.0
synth,11,9.799069166788488,2.4656251136328886,False,0.267822265625,0.11793214082717896,0.0
synth,11,16.402260669285766,3.9750343141555495,False,0.99951171875,0.8146814107894897,512.0
synth,11,48.62295689323844,4.058433275755098,False,1.0,0.826365053653717,518.0
synth,11,32.52856801122315,3.928349505168437,False,1.0,0.8424278497695923,527.0
synth,11,57.4857731412255,4.299907495081456,False,1.0,0.8601070046424866,539.0
synth,11,25.70036396598695,4.881205959297146,False,1.0,0.8213657140731812,524.0
synth,11,25.569425676352665,7.099073259540831,True,0.99951171875,0.8213777542114258,521.0
synth,11,50.0573744650589,4.696076925864106,False,1.0,0.8346845507621765,521.0
synth,11,36.73521942059253,5.413771829938693,False,1.0,0.8251543045043945,523.0
synth,11,45.77448801033591,4.243256720938804,False,0.9208984375,0.10431257635354996,51.0
synth,11,51.83975160805569,3.954544301429749,False,0.99853515625,0.8019194006919861,520.0
synth,11,15.8230470272962,8.157548654263353,True,0.99755859375,0.786198079586029,520.0
synth,11,8.487470680859907,4.78994727237734,False,0.99951171875,0.7810770273208618,492.0
synth,11,43.15202827480015,7.236586902241777,False,1.0,0.8473663926124573,532.0
synth,11,14.249447287623232,2.791887853025442,False,0.0004391670227050781,7.824620843166485e-05,0.0
synth,11,6.819396814881405,2.5865197397739177,False,0.00017535686492919922,5.980501009617001e-05,0.0
synth,11,30.502450551658946,4.157587641710792,False,0.99951171875,0.834886908531189,527.0
synth,11,18.451594022801384,4.797456872810207,False,0.99853515625,0.7457776665687561,497.0
synth,11,30.22731677726941,5.049169595692011,False,1.0,0.8559308648109436,535.0
synth,11,25.42887767514079,7.373476049318269,True,1.0,0.838179886341095,528.0
synth,19,16.292054543188186,7.084482891081874,True,1.0,0.795205295085907,502.0
synth,19,16.141651914729486,7.178254469693455,True,1.0,0.7847293615341187,493.0
synth,19,10.194600701760429,4.515761283202003,False,0.0024814605712890625,0.00040107325185090303,0.0
synth,19,32.83619791486106,3.091291165952742,False,0.9990234375,0.830039381980896,523.0
synth,19,17.58188248830578,5.951438433411962,True,1.0,0.8253975510597229,519.0
synth,19,46.602522791127775,7.78457042632191,True,1.0,0.8129400610923767,507.0
synth,19,15.922677680572887,6.45343719784408,True,0.99951171875,0.8230825066566467,519.0
synth,19,8.478617138899665,4.3881563935115775,False,0.296142578125,0.04327617958188057,0.0
synth,19,52.04611074011724,5.119178966640866,False,0.99951171875,0.8682382702827454,543.0
synth,19,33.3502621032889,5.433297211062754,False,1.0,0.8247250914573669,518.0
synth,19,46.56155482729363,6.958309670338311,True,0.9990234375,0.8173051476478577,524.0
synth,19,50.541175823486846,6.1225502401030205,True,1.0,0.8217048645019531,514.0
synth,19,21.523828501618453,6.401073778733055,True,0.99853515625,0.8042236566543579,523.0
synth,19,56.45538498261641,7.964828767344097,True,1.0,0.816081166267395,513.0
synth,19,55.27829034596259,3.8713790317897616,False,0.99755859375,0.7919051051139832,511.0
synth,19,53.35679523641772,2.230020787425933,False,0.99755859375,0.4412955641746521,278.0
synth,19,14.92530310500988,8.24466413462688,True,1.0,0.814758837223053,510.0
synth,19,37.30923193818422,5.476342988892688,True,0.9990234375,0.8131453990936279,519.0
synth,19,30.98300180113644,7.665788618022804,True,0.9990234375,0.8012397289276123,527.0
synth,19,36.51060969272541,7.863833963180829,True,1.0,0.8001790046691895,499.0
synth,0,39.59602708376636,5.070673148495022,True,0.99951171875,0.8389615416526794,526.0
synth,0,50.74155565061815,6.227543394876753,True,0.99951171875,0.8444013595581055,531.0
synth,0,6.377802888860658,7.199589341142995,True,0.99951171875,0.7582287192344666,476.0
synth,0,11.915861187446176,4.619250586809392,False,0.73876953125,0.1610940843820572,23.0
synth,0,35.64551591122907,5.8709423408359225,False,0.998046875,0.8106498122215271,538.0
synth,0,51.81335106241134,4.750504430899455,True,1.0,0.84710294008255,533.0
synth,0,47.69026837318569,2.587143652373845,False,0.919921875,0.4037509858608246,291.0
synth,0,59.33813761520298,5.164603117524377,False,0.99951171875,0.8462947010993958,530.0
synth,0,58.33176832853101,2.8805592762243117,False,0.97900390625,0.5414937734603882,356.0
synth,0,55.82880474275987,3.3582981567296404,False,0.99853515625,0.6906103491783142,446.0
synth,0,18.105903655820715,7.130748504193829,True,0.99951171875,0.8428457975387573,531.0
synth,0,23.49972137998622,7.905642185958452,True,0.9990234375,0.8509767651557922,541.0
synth,0,45.973792807718574,6.820789045763669,True,0.99951171875,0.8575847744941711,537.0
synth,0,12.486370562434656,4.740049407595102,False,0.0010128021240234375,0.00015388622705359012,0.0
synth,0,11.370333455617674,5.668765436861815,True,0.044464111328125,0.003211044240742922,0.0
synth,0,25.579745345728323,3.7082620643002064,False,0.0018301010131835938,0.00026910161250270903,0.0
synth,0,30.960309877228543,8.349514567159474,True,0.9990234375,0.8315916061401367,531.0
synth,0,27.426025163235103,2.822571992241247,False,0.97412109375,0.18270456790924072,122.0
synth,0,44.11450210742226,4.910773160484059,True,0.99853515625,0.7903713583946228,502.0
synth,0,29.02574251657848,6.068524580201876,False,0.1607666015625,0.06136087700724602,0.0
synth,20,25.657433024482927,7.65551285803917,True,1.0,0.819645881652832,514.0
synth,20,47.38747507261307,7.854537168674782,True,0.99951171875,0.8180286884307861,513.0
synth,20,49.36681415905123,7.329132807254493,True,1.0,0.8212575912475586,516.0
synth,20,27.322707913440414,2.998622453816903,False,0.99853515625,0.7826333045959473,510.0
synth,20,46.72230532431002,5.641631350484741,True,1.0,0.825524628162384,518.0
synth,20,36.36563206257591,3.4995510608096603,False,0.0865478515625,0.009097804315388203,0.0
synth,20,34.322687702362224,4.183276299145046,False,0.86669921875,0.2998272478580475,197.0
synth,20,56.32141955104464,5.095991511764337,False,1.0,0.8154701590538025,512.0
synth,20,53.62144914776018,6.234100860520174,False,1.0,0.8342338800430298,524.0
synth,20,54.063935957861965,5.867284430716405,True,1.0,0.8020584583282471,505.0
synth,20,20.832549568639,3.944493813989819,False,0.68212890625,0.15646608173847198,28.0
synth,20,38.20803531216898,4.293458496433743,False,1.0,0.8532312512397766,535.0
synth,20,15.878396994611585,2.871415806793029,False,0.0208892822265625,0.001336451736278832,0.0
synth,20,10.654827079718382,7.5990594870465475,True,0.99365234375,0.7114923596382141,509.0
synth,20,50.09940272804121,7.336811470342271,True,0.99951171875,0.7908592224121094,499.0
synth,20,30.33486522341221,4.027742391513475,False,0.99951171875,0.845292866230011,531.0
synth,20,30.124050235570166,4.681720746185957,False,0.99951171875,0.791836142539978,497.0
synth,20,39.04303672059088,4.112840809309878,False,1.0,0.8234627842903137,517.0
synth,20,28.20022216644803,2.7617276901716954,False,0.136962890625,0.009785501286387444,0.0
synth,20,19.877663307731392,6.873967254201237,True,1.0,0.8356240391731262,522.0
synth,17,24.902259336481013,3.2170448546254176,False,0.99853515625,0.712041974067688,458.0
synth,17,19.522854944834613,5.689435776659105,True,0.99951171875,0.8490663170814514,529.0
synth,17,19.386487062856386,3.917520327773649,False,0.98388671875,0.608573853969574,424.0
synth,17,47.93067032390678,4.068321459908844,False,1.0,0.8766685724258423,551.0
synth,17,38.992654112167045,7.219587992738902,True,0.99951171875,0.8442508578300476,531.0
synth,17,59.03587524409059,3.754057059670183,False,0.99853515625,0.812501847743988,520.0
synth,17,17.868256889320712,2.291934394915132,False,0.0028400421142578125,0.0003693236212711781,0.0
synth,17,35.988522469678074,6.434557295885273,True,1.0,0.8321958780288696,522.0
synth,17,50.33620962963021,5.848484282810083,False,0.99951171875,0.835656464099884,524.0
synth,17,53.09773094775488,5.439648287774156,False,1.0,0.8139354586601257,508.0
synth,17,42.22042079652807,5.390619234399085,True,1.0,0.8389888405799866,524.0
synth,17,34.0326360436702,5.575300268788083,True,1.0,0.8539285063743591,536.0
synth,17,17.92506855059294,5.143330629608428,False,0.99365234375,0.5642955303192139,365.0
synth,17,23.666308026123005,7.689099032569478,True,1.0,0.8291671872138977,521.0
synth,17,51.41371529010557,3.648943021211991,True,0.9990234375,0.8276731371879578,523.0
synth,17,43.3648679239718,5.128373847660983,True,1.0,0.8404355645179749,529.0
synth,17,17.507577474031564,5.878384986481096,True,0.9990234375,0.8093501925468445,523.0
synth,17,22.48197622939106,5.529304412024866,True,0.99951171875,0.8379073143005371,527.0
synth,17,50.88424488897055,8.052777016478736,True,1.0,0.8452854752540588,531.0
synth,17,19.07366069016671,4.875790159281735,True,0.99951171875,0.7930566668510437,497.0
synth,1,26.73908328801562,5.802295420889413,False,0.99951171875,0.841798722743988,530.0
synth,1,14.2112270964066,6.734883806548099,True,1.0,0.819870114326477,514.0
synth,1,37.6227118628435,7.5649928804935715,True,1.0,0.8246753811836243,515.0
synth,1,34.033091236138034,4.06939066492949,False,0.9990234375,0.7916174530982971,498.0
synth,1,48.71392683590613,6.293462857300931,True,1.0,0.8331529498100281,526.0
synth,1,43.14865324637356,4.773791191763857,False,1.0,0.8405089974403381,528.0
synth,1,28.957484487844145,5.634988539843927,True,1.0,0.8328090906143188,529.0
synth,1,41.9743946546534,4.138761933561603,False,0.99658203125,0.7350911498069763,479.0
synth,1,46.612672817968274,7.063580611463366,True,1.0,0.836334764957428,523.0
synth,1,13.243670467678452,6.158658707529535,True,0.8388671875,0.4643302857875824,370.0
synth,1,29.542144799541468,2.397696399106508,False,0.99853515625,0.8106628656387329,510.0
synth,1,36.44366648825972,6.743999893959084,True,1.0,0.8445757627487183,529.0
synth,1,30.450500829642117,4.070835397058078,False,0.44921875,0.03614445775747299,0.0
synth,1,34.531771865676774,5.520444240912904,False,0.99853515625,0.776821494102478,502.0
synth,1,9.49325532482435,5.380257379423762,False,0.99853515625,0.7076765894889832,456.0
synth,1,14.963817493689223,2.673480604190042,False,0.0002186298370361328,8.430815069004893e-05,0.0
synth,1,38.20233986198786,7.417912930417294,True,1.0,0.8508028388023376,532.0
synth,1,52.14114115314131,4.143827488444166,False,1.0,0.8310630917549133,524.0
synth,1,48.197450034608,5.559926780020373,False,0.078369140625,0.02255256287753582,0.0
synth,1,58.44032021386439,6.490508656555424,True,1.0,0.8286253213882446,518.0
synth,10,38.50241117686688,6.88717749939998,True,0.99951171875,0.8265573978424072,522.0
synth,10,45.74791123965593,3.8566769986739935,False,0.99951171875,0.8395052552223206,526.0
synth,10,44.231918021585976,3.5674919350766428,False,0.9990234375,0.7978373169898987,508.0
synth,10,48.70788409113764,3.749183846571912,False,0.99951171875,0.787058413028717,503.0
synth,10,21.392481663685125,2.383652608098475,False,0.0006346702575683594,0.00012146234803367406,0.0
synth,10,52.48817387113891,3.816765046524521,False,0.99951171875,0.8183597922325134,513.0
synth,10,44.6813656300167,6.099029220204998,True,1.0,0.8085725903511047,509.0
synth,10,7.204874417833841,3.07444200712667,False,0.904296875,0.2788633406162262,188.0
synth,10,50.27233234415132,5.097231906558814,False,0.99951171875,0.8306130766868591,522.0
synth,10,42.79849519575311,7.66555698686646,True,1.0,0.8368406295776367,523.0
synth,10,42.35999518078583,5.108874687973363,False,1.0,0.8394314646720886,523.0
synth,10,57.05412605521604,3.930557863229859,False,0.99951171875,0.7860848307609558,493.0
synth,10,39.00581462304643,5.22640250491656,False,0.99951171875,0.8266717791557312,523.0
synth,10,58.66491875110612,4.78211542008308,False,1.0,0.8354441523551941,526.0
synth,10,42.92342085129129,7.528185662879882,True,0.99951171875,0.8167982697486877,513.0
synth,10,45.02109480716391,5.612373250364018,True,0.99951171875,0.8166636824607849,513.0
synth,10,26.51507775820197,5.87230020184448,True,0.99951171875,0.8519868850708008,537.0
synth,10,56.765721281353954,7.118058330982805,True,0.99951171875,0.8319470882415771,523.0
synth,10,8.059687025431899,2.0878114156510974,False,0.0003707408905029297,8.432311733486131e-05,0.0
synth,10,36.83093510434382,4.2556207283269165,False,1.0,0.8563928008079529,537.0
synth,14,56.97788491981897,6.073802269615646,True,0.99951171875,0.8433675765991211,535.0
synth,14,6.391758990885361,4.083328142338466,False,0.00019121170043945312,7.091141014825553e-05,0.0
synth,14,12.60911783144618,2.3335181791262127,False,0.0010242462158203125,0.00019920215709134936,0.0
synth,14,31.001624237577527,6.188296699617405,False,0.001262664794921875,0.00048365231486968696,0.0
synth,14,42.23687952099955,3.248876378641841,False,0.9990234375,0.8523675799369812,542.0
synth,14,8.896842250390867,3.712222447408467,False,0.57470703125,0.19906027615070343,17.0
synth,14,23.469659363562943,7.928766020459359,True,0.99951171875,0.8365238308906555,525.0
synth,14,34.615790183829574,2.6160825929260305,False,0.0008335113525390625,0.00015403986617457122,0.0
synth,14,20.42379073951969,2.221176473308551,False,0.030029296875,0.0019084860105067492,0.0
synth,14,35.939272314879254,3.7100601642491258,False,0.82568359375,0.36083289980888367,268.0
synth,14,34.17100982478512,3.902352312203913,False,0.99951171875,0.856652557849884,537.0
synth,14,44.47613334331772,8.402809627634623,True,0.99951171875,0.8478996157646179,536.0
synth,14,43.53362220439437,5.259036664910895,False,0.99951171875,0.8423576354980469,528.0
synth,14,16.26292594603529,8.853034477239666,True,1.0,0.8484216928482056,533.0
synth,14,18.8029276924898,8.48652762868011,True,1.0,0.8523744344711304,532.0
synth,14,49.16438533891794,4.694065566549828,True,0.99951171875,0.8458744883537292,531.0
synth,14,22.50063799483454,5.893297149254849,True,0.99951171875,0.8130151629447937,511.0
synth,14,42.11719249647825,6.123431906269226,True,0.99951171875,0.7682048082351685,485.0
synth,14,31.78069838277925,6.625051866239658,True,1.0,0.8147028088569641,513.0
synth,14,27.207854147319573,2.716188300447376,False,0.00012218952178955078,5.347566548152827e-05,0.0
synth,34,36.02819790026284,7.174200800082448,True,1.0,0.815801739692688,513.0
synth,34,15.40271173137444,2.695413421419443,False,0.68994140625,0.3162626326084137,146.0
synth,34,48.52899302092847,6.313511031646596,True,0.9990234375,0.8053648471832275,510.0
synth,34,42.28888967268706,8.144090131076,True,1.0,0.8340808749198914,522.0
synth,34,10.68392150394798,3.777677126202303,False,0.00035309791564941406,9.744091221364215e-05,0.0
synth,34,53.02008477475783,3.33691076686552,False,0.0023746490478515625,0.0003110822581220418,0.0
synth,34,24.55336369413888,2.8487424703866586,False,0.04754638671875,0.0013376334682106972,0.0
synth,34,28.798525513353592,5.624010911327968,True,0.99951171875,0.8271921873092651,523.0
synth,34,22.71082689492725,2.6568617007243933,False,0.001407623291015625,0.0002583746099844575,0.0
synth,34,19.947644702997884,3.5270678238278084,False,0.99951171875,0.8181926608085632,512.0
synth,34,37.6319766694705,6.708545090620069,True,1.0,0.8346323370933533,525.0
synth,34,54.12991255209655,2.5155510788970674,False,0.95703125,0.09445127844810486,58.0
synth,34,57.59630325913907,3.8911347239648095,True,0.998046875,0.8311365246772766,548.0
synth,34,53.50305183381047,2.5684351085216743,False,0.9990234375,0.6954726576805115,453.0
synth,34,11.646969608928622,8.332367239834403,True,0.99951171875,0.772942304611206,486.0
synth,34,40.81632452282636,6.638895671616433,True,1.0,0.8305997252464294,520.0
synth,34,58.76729773629632,7.632060623742667,True,0.99951171875,0.8266049027442932,517.0
synth,34,30.844847504493572,2.6726241340286268,False,0.0008196830749511719,0.00011615190305747092,0.0
synth,34,39.87648373599574,6.834014267773797,True,1.0,0.8390783071517944,526.0
synth,34,15.622002515165637,2.2977612504387666,False,0.580078125,0.13247348368167877,12.0
synth,35,57.517969814267474,2.034863704030297,False,0.0233154296875,0.00039098167326301336,0.0
synth,35,41.442648762896205,2.6820612726334128,False,0.99658203125,0.7985596656799316,512.0
synth,35,57.642694149681134,2.372949880697384,False,0.003795623779296875,0.0003387321485206485,0.0
synth,35,12.385907149171569,5.860401211140897,False,0.2435302734375,0.08286827057600021,0.0
synth,35,15.243556886687587,6.70916213029654,True,1.0,0.8504486083984375,531.0
synth,35,15.778736806827707,4.00657696180786,False,0.9990234375,0.7270865440368652,461.0
synth,35,33.30912728534952,3.189679914236926,False,0.71044921875,0.07851455360651016,19.0
synth,35,9.173253083575831,8.102775826980272,True,0.998046875,0.690224826335907,468.0
synth,35,36.10537301124708,4.416196970439992,False,0.7216796875,0.10573671013116837,42.0
synth,35,15.114622311897996,7.233212929462283,True,0.99951171875,0.8120447993278503,514.0
synth,35,51.22299094859334,7.769187616272248,True,0.9990234375,0.8111397624015808,521.0
synth,35,22.407514523135703,6.785949329164298,True,0.99951171875,0.8378979563713074,527.0
synth,35,58.77869185906951,6.047481955180082,True,1.0,0.8489904403686523,530.0
synth,35,55.91159687710067,4.448928822379133,False,0.99951171875,0.835332989692688,524.0
synth,35,57.54475706975903,5.997045508988246,True,1.0,0.8466416001319885,529.0
synth,35,16.270235099391343,5.256521466061655,False,0.8837890625,0.42023569345474243,326.0
synth,35,48.90536318121544,4.704976685825904,False,0.99462890625,0.722630500793457,506.0
synth,35,8.699330279387304,7.958990494661908,True,0.9970703125,0.6624033451080322,437.0
synth,35,19.525584249985027,6.490167703480205,True,1.0,0.8432843685150146,532.0
synth,35,10.888578895368765,6.2890441408409465,True,0.9970703125,0.718421459197998,469.0
synth,22,11.139308170219149,6.1427553495336005,False,0.99951171875,0.7623425722122192,485.0
synth,22,30.66698655092724,6.199850757550725,False,1.0,0.8448706865310669,530.0
synth,22,59.37392794745043,4.3688813627552605,False,1.0,0.8406292200088501,528.0
synth,22,10.32821771602897,3.712120643651645,False,0.98046875,0.7086200714111328,504.0
synth,22,27.42703535154932,7.1163334569544885,True,1.0,0.8278796672821045,515.0
synth,22,15.23088062847793,3.667688092103339,False,0.99853515625,0.8002136945724487,507.0
synth,22,11.186868444938384,5.171903225290999,False,1.0,0.8187137246131897,515.0
synth,22,48.85160087961426,3.622358315309065,False,0.99951171875,0.8272220492362976,522.0
synth,22,59.14895162968364,5.999773094860247,True,1.0,0.8168261647224426,512.0
synth,22,14.03510833157361,2.816462355781208,False,0.9990234375,0.7965986728668213,504.0
synth,22,13.991715639433703,3.522047410271373,False,0.9736328125,0.6425120830535889,487.0
synth,22,6.0616351917006295,6.572331434928574,False,0.0007023811340332031,6.704502447973937e-05,0.0
synth,22,39.50585325646157,4.3296777801308455,False,1.0,0.8482707142829895,535.0
synth,22,36.06533564434309,5.528633390401142,False,1.0,0.827483594417572,517.0
synth,22,31.36094738175067,2.546549543938615,False,0.8984375,0.25938335061073303,157.0
synth,22,21.38688313111789,3.040606007961161,False,0.99951171875,0.8043215870857239,507.0
synth,22,51.30009231020868,2.0069348061597574,False,0.99169921875,0.49160125851631165,325.0
synth,22,37.96515704617835,5.57607384511307,False,1.0,0.8198881149291992,511.0
synth,22,20.13210850961484,3.817464997376933,False,0.99462890625,0.7104296088218689,464.0
synth,25,50.64168925337907,6.327820160579785,True,1.0,0.8461076021194458,527.0
synth,25,18.947813757969016,7.640262096259319,True,1.0,0.8467578291893005,533.0
synth,25,16.17576982100804,4.265014514536982,True,0.99951171875,0.8234046697616577,519.0
synth,25,44.78709927837316,4.945068480690839,False,0.99951171875,0.7666050791740417,493.0
synth,25,59.54101093565075,4.453038536162985,True,0.99951171875,0.8181353807449341,513.0
synth,25,40.79178054125194,2.3375519463324146,False,0.9970703125,0.3736546039581299,234.0
synth,25,12.499031159537342,2.9408376258446145,False,0.99755859375,0.7804057598114014,507.0
synth,25,8.809385212242702,5.218244203295879,True,0.99853515625,0.8054205775260925,521.0
synth,25,47.501269688523685,7.252815532749026,True,1.0,0.835959792137146,525.0
synth,25,55.24077686581799,6.610582713094254,True,0.99951171875,0.8236066699028015,515.0
synth,25,19.65789183438595,2.978921629535143,False,0.7138671875,0.07045778632164001,25.0
synth,25,59.954113124404415,8.297939392772738,True,0.99951171875,0.8326471447944641,524.0
synth,25,47.60721789729013,5.5004659146864014,True,1.0,0.8429931402206421,528.0
synth,25,35.027775883977114,7.983835884140033,True,0.99951171875,0.8424251079559326,532.0
synth,25,36.24207579290169,5.462208896736594,True,0.994140625,0.781364381313324,518.0
synth,25,39.236830638262006,2.847692917925144,False,1.0,0.8502520322799683,533.0
synth,25,23.048595446441084,2.927326220460279,False,0.54345703125,0.17891645431518555,4.0
synth,25,22.23668428274365,5.762274684604697,True,0.99951171875,0.8476744890213013,532.0
synth,25,38.51177474938254,4.858651252730316,False,0.9990234375,0.8419406414031982,528.0
synth,25,53.798893817683606,7.224159159049681,True,0.99951171875,0.8412355184555054,528.0
synth,12,37.57832474920221,5.844807666930185,False,0.77880859375,0.07875297963619232,2.0
synth,12,8.629410393042624,7.584431649471812,False,0.332275390625,0.022114286199212074,0.0
synth,12,59.13111766200767,2.7614449822170086,False,0.99755859375,0.8330029249191284,535.0
synth,12,34.54733609919133,8.074690219694062,True,0.99951171875,0.8338480591773987,522.0
synth,12,37.30629888315872,4.87978022516624,False,0.99951171875,0.8275278210639954,520.0
synth,12,48.71378651331467,3.550153214528274,False,0.9990234375,0.8364773392677307,530.0
synth,12,17.935730822105697,3.173099393663082,False,0.9990234375,0.8176292777061462,518.0
synth,12,50.39423982347115,5.584965106887688,False,1.0,0.8332894444465637,522.0
synth,12,16.24689664345512,7.23769390755145,True,0.99951171875,0.8396826386451721,527.0
synth,12,18.213259998586043,6.359933544373322,True,0.99951171875,0.8298673629760742,521.0
synth,12,48.80215519585883,2.527053816936818,False,0.0882568359375,0.004795109387487173,0.0
synth,12,34.08119378707673,6.31314407163387,True,1.0,0.8266602754592896,519.0
synth,12,50.65055173332101,2.591080396041976,False,0.99658203125,0.7201576232910156,469.0
synth,12,11.785858921139344,7.6581848374877,True,1.0,0.7916231155395508,497.0
synth,12,13.233065729138794,2.282090368004385,False,0.98388671875,0.6032929420471191,429.0
synth,12,13.646839119959632,6.854173735617396,True,0.9990234375,0.7861026525497437,512.0
synth,12,14.692827791681784,3.943492605143068,False,0.98974609375,0.6824674010276794,460.0
synth,12,41.46535675654518,6.766551513783124,True,1.0,0.8354411125183105,522.0
synth,12,51.63839324411295,7.769644127674104,True,1.0,0.8278810381889343,518.0
synth,12,44.62967497155263,5.295520608441173,False,1.0,0.8325013518333435,521.0
synth,13,57.12059775616484,3.484477626797573,False,0.9326171875,0.34749311208724976,246.0
synth,13,50.22427351050391,8.566198758838548,True,0.9990234375,0.8302552700042725,531.0
synth,13,20.57130391602964,5.179759671152027,False,0.99560546875,0.7880849838256836,521.0
synth,13,44.7664351028685,6.352949123189966,True,0.99951171875,0.8262500166893005,522.0
synth,13,27.74579364093091,3.5738265986768085,False,0.006420135498046875,0.0006314039928838611,0.0
synth,13,49.01301395574944,2.725407707798419,False,0.9873046875,0.41501161456108093,281.0
synth,13,38.62650369685526,6.758611333190858,False,1.0,0.8718386888504028,547.0
synth,13,51.57596402577884,2.501889569369081,False,0.2054443359375,0.04135969653725624,0.0
synth,13,7.601106859400302,2.7811095501218617,False,0.2196044921875,0.022419491782784462,0.0
synth,13,30.71730320305096,2.572468182850827,False,0.9970703125,0.7997674942016602,520.0
synth,13,19.28977808869677,6.295574166632217,True,0.99853515625,0.7744040489196777,492.0
synth,13,27.59694384181952,7.913353214371605,True,1.0,0.8471049070358276,533.0
synth,13,42.642905072112185,7.705645969747907,True,1.0,0.861973226070404,540.0
synth,13,6.705381708741729,3.645915412809858,False,0.9619140625,0.6722002625465393,474.0
synth,13,51.23845590875224,7.222659241839663,True,1.0,0.8856422901153564,556.0
synth,13,25.291649830383346,3.966567637333667,False,0.9990234375,0.8172492384910583,514.0
synth,13,12.320148772441614,4.190778151110135,False,0.99853515625,0.8166884779930115,517.0
synth,13,6.830178913842729,3.998459858926508,False,0.1678466796875,0.03131726384162903,0.0
synth,13,28.91030883743431,3.397433814888273,False,0.99609375,0.8358821272850037,543.0
synth,13,35.50541315152138,4.47064992708665,False,0.004329681396484375,0.0004253177612554282,0.0
synth,42,42.8469279495242,3.430082933687591,False,0.970703125,0.4561392664909363,314.0
synth,42,22.66020752029489,7.674135977378855,True,1.0,0.8187810778617859,513.0
synth,42,57.656804481675664,5.251506522021687,True,0.99951171875,0.8405888676643372,532.0
synth,42,52.89231024330734,8.022859745782705,True,1.0,0.8270016312599182,521.0
synth,42,13.977785450197931,8.178002283527697,True,0.958984375,0.594372570514679,455.0
synth,42,53.09269633337857,8.404730022925332,True,1.0,0.83001309633255,522.0
synth,42,54.63389210893875,6.103785139131447,True,0.99951171875,0.8405595421791077,528.0
synth,42,23.992932676249215,7.406514672309692,True,1.0,0.840309202671051,527.0
synth,42,27.1525473954722,2.1766828545441683,False,0.0007967948913574219,0.00015311851166188717,0.0
synth,42,45.60592090113055,4.1975943083284335,False,0.6767578125,0.3235342800617218,113.0
synth,42,41.85987869788074,3.820464875243156,False,0.99951171875,0.8096979260444641,510.0
synth,42,53.937161248863525,7.259362317769512,True,0.99951171875,0.8075717687606812,523.0
synth,42,28.66167903057656,3.601249935520837,False,0.7705078125,0.23811982572078705,61.0
synth,42,42.96930228282088,8.277252274819235,True,1.0,0.8247847557067871,514.0
synth,42,47.25799039547288,3.405056681339909,False,0.73388671875,0.10117257386445999,17.0
synth,42,59.44394743680016,4.438512163558177,False,0.9970703125,0.021291764453053474,14.0
synth,42,9.945561148693546,2.2790144533214614,False,0.00040411949157714844,9.546070214128122e-05,0.0
synth,42,19.849602811276085,5.490161335074408,True,1.0,0.8583092093467712,538.0
synth,42,19.892380703344717,6.220674983191906,False,0.99951171875,0.8431009650230408,528.0
synth,42,20.547431541671155,4.622000974359353,False,0.78564453125,0.22955632209777832,140.0
synth,27,52.848551067423095,7.358613082859592,True,1.0,0.8475881814956665,530.0
synth,27,15.613627493725067,4.841237559136392,False,0.99658203125,0.7455757856369019,493.0
synth,27,56.49876163301162,5.349064702472596,True,0.99951171875,0.8002859354019165,505.0
synth,27,31.530967529041924,5.802168333769648,True,1.0,0.8213676810264587,514.0
synth,27,24.93833233395964,4.753531241058668,False,0.99951171875,0.8627722859382629,543.0
synth,27,26.397699910922466,2.5034248044676843,False,0.9912109375,0.7581229209899902,521.0
synth,27,30.567170875146328,6.399038276804259,True,0.9990234375,0.8167006373405457,528.0
synth,27,9.625851939612105,3.434779283558993,False,0.0002918243408203125,7.064513920340687e-05,0.0
synth,27,22.979174067401097,4.41641968567881,True,0.99951171875,0.8448646664619446,528.0
synth,27,23.301110955726077,2.8703317237947794,False,0.99365234375,0.7389751076698303,479.0
synth,27,36.48863665547096,6.530808743193475,True,1.0,0.829762876033783,523.0
synth,27,8.137829363562382,3.755902310063054,False,0.000957489013671875,0.00015701570373494178,0.0
synth,27,18.058598068871888,4.280548681033487,True,1.0,0.8236982226371765,514.0
synth,27,11.6457223995488,6.640332248770399,True,1.0,0.8087822794914246,504.0
synth,27,49.151349814193466,7.884092337177373,True,1.0,0.8205084204673767,515.0
synth,27,9.790364060209388,2.5056846623754487,False,0.0002257823944091797,8.013353362912312e-05,0.0
synth,27,9.929443837438573,6.65982252076757,True,0.99755859375,0.6246826648712158,406.0
synth,27,55.6230468352316,6.599641139294706,True,1.0,0.8399061560630798,525.0
synth,27,24.631532561487536,4.218578404996974,True,1.0,0.8548564314842224,539.0
synth,27,32.8108858449393,3.3207627351831,False,0.99951171875,0.7770377397537231,495.0
synth,36,44.26251793736144,4.55375957232335,True,0.99951171875,0.8404882550239563,526.0
synth,36,28.200314728790147,3.413356043550852,False,0.9990234375,0.8145802617073059,512.0
synth,36,55.9661541213642,5.234118666036348,False,0.9990234375,0.812267005443573,520.0
synth,36,40.222225343379975,6.631987291361291,True,1.0,0.8102073073387146,509.0
synth,36,7.0842266527537445,2.4610030664940843,False,0.00024402141571044922,7.25706122466363e-05,0.0
synth,36,10.596283924178326,4.816557526604516,True,0.99951171875,0.6504933834075928,410.0
synth,36,30.516535076214907,2.1796580047943785,False,0.00045490264892578125,7.69231774029322e-05,0.0
synth,36,45.00806601533061,4.989010634350819,True,1.0,0.8201570510864258,514.0
synth,36,32.89659984940295,4.385439050083591,True,0.99951171875,0.797325849533081,499.0
synth,36,20.84799526733705,4.541678327328839,True,0.99951171875,0.8276662230491638,519.0
synth,36,27.392529749963455,5.033932268809709,False,0.99951171875,0.8533101677894592,536.0
synth,36,44.95355933032563,3.799269393487064,False,0.9970703125,0.7811066508293152,510.0
synth,36,30.639511180166245,3.112043781223848,False,0.99853515625,0.7764902114868164,510.0
synth,36,47.17863765312742,7.421790690879062,True,1.0,0.8286209106445312,520.0
synth,36,53.72289478789418,7.187724329436278,True,0.99951171875,0.8282566666603088,519.0
synth,36,43.070688169210825,6.0901162889991625,True,1.0,0.8545790910720825,537.0
synth,36,17.68815370078091,3.020925932875269,False,0.91943359375,0.2709624469280243,184.0
synth,36,35.83084881581715,7.91763548967817,True,1.0,0.8360334038734436,524.0
synth,36,39.27214648049387,3.69305338283698,False,0.69970703125,0.09413813799619675,33.0
synth,36,36.83013882167355,7.483703943524328,True,1.0,0.8216865062713623,516.0
synth,23,50.5617517686695,2.9476473378044266,False,0.998046875,0.8207175731658936,530.0
synth,23,41.09338171388942,7.339396379454353,True,1.0,0.8414577841758728,526.0
synth,23,27.72150688931506,6.058151956891583,True,1.0,0.7981308698654175,503.0
synth,23,55.57878795853756,4.015480114918686,True,0.99951171875,0.8089888691902161,516.0
synth,23,19.465182949234883,5.698963316410718,True,0.99951171875,0.8171854615211487,515.0
synth,23,40.295423838191645,7.622861748202117,True,0.99951171875,0.8438728451728821,529.0
synth,23,52.043167439609846,8.701355813053123,True,1.0,0.8461005687713623,529.0
synth,23,49.32419533365709,5.974340102616517,True,0.99951171875,0.8024279475212097,505.0
synth,23,31.462525353919872,8.33547376869523,True,0.99951171875,0.8377099633216858,529.0
synth,23,43.5688099400774,2.7115438792193025,False,0.9990234375,0.8167856335639954,513.0
synth,23,33.324496441680054,6.324732110033941,True,1.0,0.8523457050323486,535.0
synth,23,55.28427285543968,5.96605757393028,True,1.0,0.8181862235069275,516.0
synth,23,45.4507925940029,7.85190986614545,True,1.0,0.8151140809059143,509.0
synth,23,36.71563507687944,5.703617026650046,True,1.0,0.8443540930747986,529.0
synth,23,38.94486656725253,4.844731739250309,False,0.99951171875,0.82241290807724,519.0
synth,23,50.77583988308865,8.306206169163575,True,1.0,0.8468732237815857,530.0
synth,23,34.86748729026419,3.2125290383074376,False,0.92626953125,0.4821310043334961,365.0
synth,23,26.18355892849993,4.075929902918176,False,0.99560546875,0.7723640203475952,491.0
synth,23,21.560896924763217,5.393623292983564,True,0.99755859375,0.786759078502655,517.0
synth,23,44.7510251463902,7.139851349080354,True,1.0,0.8611719012260437,541.0
synth,30,14.067833163330343,3.0538914698650115,False,0.1427001953125,0.03852302208542824,0.0
synth,30,28.200448337069982,5.943813623902144,True,0.99951171875,0.800682008266449,502.0
synth,30,52.14149284524074,7.928303385699123,True,1.0,0.826179027557373,519.0
synth,30,14.042726346146344,7.381050101177817,True,0.9990234375,0.7729588150978088,501.0
synth,30,44.75617243927597,3.4917532699341427,False,0.0933837890625,0.00609259819611907,0.0
synth,30,20.88244199436305,4.216674002941595,False,0.150634765625,0.009973110631108284,0.0
synth,30,45.92660541847805,3.661091037956137,False,0.99951171875,0.82421875,516.0
synth,30,42.72039872766705,7.949113307904505,True,0.99951171875,0.8236830830574036,516.0
synth,30,28.363151176713604,3.187916502390552,False,0.99560546875,0.6257466077804565,408.0
synth,30,25.53475361234088,2.995071785979192,False,0.0011377334594726562,0.00011026468564523384,0.0
synth,30,57.14415651147613,5.92187338701101,True,1.0,0.8377012014389038,525.0
synth,30,29.103707439630877,8.210905763180019,True,0.99951171875,0.829552173614502,521.0
synth,30,32.22677478497504,4.672880818836605,False,0.99951171875,0.8127865791320801,512.0
synth,30,10.878133857258852,5.05904874717875,True,0.998046875,0.7495734095573425,490.0
synth,30,53.34041410579542,3.783376397654449,True,0.99951171875,0.8119298815727234,513.0
synth,30,49.41860408749073,5.347604577342843,False,0.99951171875,0.8406575918197632,529.0
synth,30,32.32799281689023,5.763123356801016,False,0.99951171875,0.8264880776405334,523.0
synth,30,50.301742766562114,5.9239125828844506,True,1.0,0.8390361070632935,527.0
synth,30,11.306664892564132,5.730155415844506,True,0.9990234375,0.7364290952682495,464.0
synth,30,39.48601272359481,3.3677821556961285,False,0.9853515625,0.6392583250999451,433.0
synth,8,45.27366085258343,4.604064472347016,False,0.99951171875,0.8614838123321533,542.0
synth,8,35.935782848924106,7.681442845925329,True,1.0,0.8440542221069336,528.0
synth,8,59.84620375393071,2.350166497670416,False,0.9755859375,0.21153511106967926,137.0
synth,8,41.45627360554717,4.808072757222021,True,1.0,0.832373857498169,522.0
synth,8,34.16241347955284,4.183239459009264,False,0.99755859375,0.7844931483268738,496.0
synth,8,27.46351183106791,5.072180325781759,True,0.99951171875,0.8302392363548279,527.0
synth,8,44.169322254390586,8.65939011404711,True,1.0,0.8288130164146423,520.0
synth,8,51.949179748860026,3.6785932999733806,False,0.99951171875,0.8191860914230347,514.0
synth,8,53.844609997358745,7.185664219409264,True,0.99951171875,0.8484081029891968,531.0
synth,8,8.134771601685701,5.317015809973774,False,0.94140625,0.36568623781204224,226.0
synth,8,37.85394294736675,5.765999750267911,True,1.0,0.8376059532165527,525.0
synth,8,52.72344992558737,2.3094929681167966,False,0.9990234375,0.8294920921325684,528.0
synth,8,7.016679208505025,5.211386212048053,False,0.99755859375,0.833389937877655,529.0
synth,8,39.94423293080474,3.871616464653811,False,1.0,0.8339738249778748,522.0
synth,8,32.742985179117454,6.525862460620458,True,1.0,0.8445695042610168,532.0
synth,8,54.99818250790032,5.404613468923087,True,0.99951171875,0.8240780234336853,517.0
synth,8,18.26729558367813,7.363828957116742,True,0.99951171875,0.7979860305786133,499.0
synth,8,30.421653569208303,3.3379059845004653,False,0.99951171875,0.8233506679534912,518.0
synth,8,54.46248797957091,6.044459509208891,True,1.0,0.8380042910575867,526.0
synth,8,8.647158041271275,2.4455261332711125,False,0.04071044921875,0.00048319989582523704,0.0
synth,33,39.607294183502304,7.379685926649259,True,1.0,0.8599140644073486,541.0
synth,33,15.29696894050026,4.392948550904044,False,0.007030487060546875,0.0007363511249423027,0.0
synth,33,11.589476962372585,7.771622478290221,True,0.99853515625,0.6697849631309509,435.0
synth,33,56.08568632600566,8.97576019489043,True,1.0,0.8367466926574707,523.0
synth,33,56.45865325338279,5.923641892856691,True,1.0,0.8435994386672974,525.0
synth,33,11.515985456432007,4.092119089827887,False,0.000484466552734375,0.0001119753869716078,0.0
synth,33,45.62547447034711,5.841010119871891,True,0.99951171875,0.8353642821311951,525.0
synth,33,54.64183648325445,4.37138323517947,False,0.90673828125,0.318002849817276,228.0
synth,33,34.63852579875399,7.722381853893339,True,1.0,0.8366451263427734,525.0
synth,33,41.32414658342958,4.330887676288382,False,0.98486328125,0.5735007524490356,387.0
synth,33,54.5073694322461,7.761738475817498,True,0.9990234375,0.8182593584060669,535.0
synth,33,8.779579332404042,8.22733444341469,True,0.9990234375,0.7841817736625671,509.0
synth,33,39.9942179452378,4.016838230946668,False,0.99072265625,0.7792189717292786,514.0
synth,33,16.535077057103827,8.942288568121167,True,0.99951171875,0.7353038191795349,462.0
synth,33,32.660354755158735,3.081390934588329,False,0.00030517578125,0.00011549348710104823,0.0
synth,33,29.80009703939417,7.686854047804863,True,0.99951171875,0.8345898389816284,526.0
synth,33,55.06791234379171,5.068949313069215,True,0.99951171875,0.8284189701080322,519.0
synth,33,55.14245894382346,5.684626416752479,False,0.99853515625,0.7737165093421936,514.0
synth,33,20.769436234905143,4.8950047783139246,False,0.99755859375,0.8000855445861816,521.0
synth,33,10.253090010438662,6.000766276782268,True,0.8515625,0.3544108271598816,209.0
synth,4,52.01627488420387,6.356748798969327,True,0.99951171875,0.8309649229049683,522.0
synth,4,21.343620671620364,3.250520068687704,False,0.99853515625,0.829465925693512,522.0
synth,4,49.564639218751054,3.082034883482979,False,0.9951171875,0.7567583918571472,507.0
synth,4,54.52359729599118,2.9717169395844394,False,0.99951171875,0.8298009634017944,531.0
synth,4,16.09881699983532,7.479688953355477,True,0.99951171875,0.7978943586349487,502.0
synth,4,21.050080915204585,2.0559197131908533,False,0.0034618377685546875,0.0003015770053025335,0.0
synth,4,22.97388022850005,7.804152483480133,True,0.99951171875,0.8468289971351624,532.0
synth,4,51.42425197371794,2.0362340644482164,False,0.99853515625,0.7799727916717529,512.0
synth,4,33.726570543549144,2.6666593354672417,False,0.99853515625,0.8029924035072327,514.0
synth,4,37.10822721393309,6.676317914313116,False,1.0,0.8474850654602051,533.0
synth,4,59.36409991390048,2.87041658147502,False,0.99755859375,0.7964049577713013,516.0
synth,4,36.059304056591,6.972010413496014,True,1.0,0.8482283353805542,529.0
synth,4,45.11947198325432,3.5045347050475617,False,0.9990234375,0.8063491582870483,518.0
synth,4,57.37488464678583,3.1200056981643125,False,0.99658203125,0.7966920137405396,519.0
synth,4,37.69284133227378,6.059132213759045,False,1.0,0.8359884023666382,525.0
synth,4,23.861007612613385,3.414306530016535,False,0.99609375,0.7193112969398499,492.0
synth,4,51.954039325849095,3.896638489524152,False,0.99951171875,0.8193444609642029,514.0
synth,4,50.81912469543772,2.654081022065147,False,0.0116729736328125,0.001422465080395341,0.0
synth,4,9.00632043554584,2.2882168373392062,False,0.0003223419189453125,8.986339526018128e-05,0.0
synth,3,21.92455254282145,3.589284562398563,False,0.9990234375,0.7805101871490479,500.0
synth,3,54.61350963475603,5.9862265590056,True,1.0,0.8234038949012756,515.0
synth,3,17.09563400194537,3.4053966950551886,False,0.89501953125,0.4076295495033264,241.0
synth,3,55.74010314759315,4.367968212610263,False,0.99853515625,0.7383568286895752,471.0
synth,3,13.13465256912751,3.951229909514418,False,0.006229400634765625,0.000540967914275825,0.0
synth,3,19.71713951653344,5.302793464103586,True,0.99951171875,0.8338202834129333,527.0
synth,3,12.400849535162603,6.876385507134841,True,0.9990234375,0.8039958477020264,518.0
synth,3,57.074966815158994,2.3735346620700426,False,0.515625,0.028755154460668564,3.0
synth,3,57.122209236381615,6.259317447283106,True,1.0,0.8339348435401917,523.0
synth,3,45.44173537625741,2.8792142537690486,False,0.71240234375,0.09576015174388885,36.0
synth,3,41.79178066041998,3.760894308297388,False,0.9990234375,0.8402778506278992,538.0
synth,3,12.505120260061023,2.2185723964158,False,0.05157470703125,0.004816421307623386,0.0
synth,3,50.99864749162259,2.0473001094973804,False,0.99755859375,0.5708556175231934,362.0
synth,3,59.77594764026573,6.37110634578841,True,0.99951171875,0.8061983585357666,504.0
synth,3,35.028444424736406,3.312408928311725,False,0.9970703125,0.7647513747215271,518.0
synth,3,24.327505808703084,2.317663825338153,False,0.98974609375,0.5967548489570618,390.0
synth,3,11.50763297691956,6.297755332521783,False,0.99951171875,0.757729172706604,484.0
synth,3,38.676501817023,4.2161299037618525,False,0.99951171875,0.8237096667289734,523.0
synth,3,22.516391432095347,6.308668441058283,True,1.0,0.832785427570343,523.0
synth,15,6.082353515047095,8.293114267830237,True,1.0,0.7812116146087646,491.0
synth,15,45.97764737159856,8.776444307265606,True,1.0,0.8172542452812195,511.0
synth,15,29.270372313154848,3.9642258013014393,False,0.78125,0.29084792733192444,197.0
synth,15,35.81636661240356,9.85143056393565,True,0.99951171875,0.8701635003089905,548.0
synth,15,16.439492953665294,4.565834465247392,False,0.99755859375,0.6460067629814148,441.0
synth,15,25.23348897506903,4.537566717937581,False,0.732421875,0.08655327558517456,33.0
synth,15,36.01781286905276,6.843062093279958,True,0.99951171875,0.8129315376281738,519.0
synth,15,11.404968012282469,5.226982657763461,True,0.99755859375,0.7353217601776123,472.0
synth,15,52.03881390451728,3.440935096099099,False,0.03387451171875,0.0016305679455399513,0.0
synth,15,34.73816864325563,8.50192573453827,True,1.0,0.843943178653717,528.0
synth,15,31.425418407215027,5.834666708004702,False,0.187744140625,0.022944524884223938,0.0
synth,15,21.61006538423324,8.530693244507129,True,1.0,0.8490389585494995,532.0
synth,15,36.31266864123545,4.76473902608451,False,0.6708984375,0.12370141595602036,13.0
synth,15,35.12976229782414,5.369675572033251,False,0.9990234375,0.8218033313751221,518.0
synth,15,48.98561887243618,6.189269936835598,True,0.99951171875,0.846644937992096,532.0
synth,15,14.35661321291121,4.906654116875755,True,0.99951171875,0.8618309497833252,535.0
synth,15,58.84156342479937,6.846814053419839,True,0.99951171875,0.8458402156829834,525.0
synth,15,37.904757868926936,7.782625331172314,True,0.99951171875,0.8424623012542725,531.0
synth,15,44.42900010409745,3.386016763120048,False,0.69775390625,0.16520093381404877,85.0
synth,38,24.076278083705272,5.709030827724472,False,1.0,0.8284088969230652,522.0
synth,38,30.094921148820948,6.831323794457385,True,1.0,0.8397842645645142,526.0
synth,38,47.54896942887746,5.714447404738298,True,0.9990234375,0.859393835067749,541.0
synth,38,48.30644751401912,4.970785080937091,True,1.0,0.8136453032493591,514.0
synth,38,9.646058689359544,4.0156389572981945,False,0.70654296875,0.1873662918806076,66.0
synth,38,26.29284747428066,5.950284034124457,False,0.9990234375,0.8216714859008789,529.0
synth,38,25.734383706345877,2.7557532619605483,False,0.359375,0.10767703503370285,0.0
synth,38,54.65159204379461,4.86340291830922,False,0.9990234375,0.8257680535316467,519.0
synth,38,15.759668072221116,7.243390719158231,True,0.9990234375,0.7771100401878357,492.0
synth,38,10.214812104964423,7.217549023778276,True,0.99951171875,0.7433953285217285,465.0
synth,38,56.03093275602127,5.539331307361781,False,0.99951171875,0.8525996208190918,532.0
synth,38,22.98971853407565,5.984323194153938,True,0.99951171875,0.8490043878555298,539.0
synth,38,13.77445756363316,3.75887115465882,False,0.99853515625,0.7974696159362793,517.0
synth,38,26.15961800277348,2.310766642423318,False,0.99462890625,0.6783024072647095,439.0
synth,38,37.99561747520096,3.139694440140338,False,0.99365234375,0.7154514789581299,503.0
synth,38,12.271255722265424,5.631483453243939,False,0.98828125,0.6556945443153381,448.0
synth,38,46.65220685789632,4.33030873937675,False,0.9990234375,0.8079260587692261,528.0
synth,38,10.838556526007396,5.84048249912858,False,0.95751953125,0.5895065665245056,436.0
synth,38,28.103757023742126,8.842443562730375,True,1.0,0.8390039801597595,525.0
synth,38,51.082941953158965,8.848162950950162,True,1.0,0.8322922587394714,520.0
synth,31,28.281194568233698,3.838167457480001,False,0.99853515625,0.6758111119270325,425.0
synth,31,21.492588819967928,5.43741863363076,False,0.9970703125,0.7746567130088806,523.0
synth,31,40.96728945097588,3.939259652629747,False,0.1591796875,0.02085551619529724,0.0
synth,31,17.53855339478452,6.3554231504532925,True,0.9990234375,0.7584679126739502,483.0
synth,31,21.644878728988736,5.468653849245097,True,0.9990234375,0.7980902194976807,517.0
synth,31,31.02878168528201,7.12265014532712,True,1.0,0.854958713054657,536.0
synth,31,53.23761866908281,2.198714626240446,False,0.1578369140625,0.005231169983744621,0.0
synth,31,11.81056763121754,7.812732525958407,True,0.99951171875,0.7831000685691833,492.0
synth,31,41.8261091681721,7.459555133271808,True,1.0,0.8332298994064331,521.0
synth,31,14.52326102680938,9.189424088600289,True,0.9990234375,0.80388343334198,511.0
synth,31,50.414640117466526,2.940231907634053,False,0.99560546875,0.7597198486328125,499.0
synth,31,28.93669284447837,3.957808853132569,False,0.9833984375,0.5005519986152649,331.0
synth,31,39.68190374840727,3.048547723350356,False,0.86962890625,0.23613561689853668,111.0
synth,31,30.58598183308656,6.224048397435904,True,1.0,0.8434538841247559,531.0
synth,31,7.548303115636097,5.358931662681841,False,0.077880859375,0.0029563058633357286,0.0
synth,31,45.65122482824332,3.999350459260429,False,0.99462890625,0.6230942606925964,430.0
synth,31,42.3600895264975,5.998060532915198,True,0.9990234375,0.8257683515548706,533.0
synth,31,23.865657453729412,8.08010711430259,True,1.0,0.8525742292404175,531.0
synth,31,25.449408393185816,7.756001323238596,True,1.0,0.8388794660568237,524.0
synth,31,29.849281826895677,9.283698129063588,True,1.0,0.8307966589927673,522.0
synth,39,54.30184092110995,6.645816503837572,False,1.0,0.8553066253662109,535.0
synth,39,9.564273211469486,3.80927911437208,False,0.001293182373046875,0.0001993346231756732,0.0
synth,39,48.29717010770223,7.205388296060259,True,1.0,0.8372341990470886,523.0
synth,39,52.74825354883154,5.5476838484307125,True,0.99755859375,0.7984567284584045,507.0
synth,39,6.793394082767573,5.620961066939478,True,0.9990234375,0.7669581770896912,487.0
synth,39,18.631696281498723,6.215913104589519,True,0.99853515625,0.807113528251648,525.0
synth,39,57.14295047311808,7.164114777020064,True,1.0,0.8395906090736389,527.0
synth,39,48.27374978942744,2.9228775062284447,False,0.0012969970703125,0.00023525094729848206,0.0
synth,39,59.112646305474215,8.039997771946368,True,0.99951171875,0.8377335071563721,527.0
synth,39,47.83571300680609,7.410131325426977,True,1.0,0.8251222372055054,516.0
synth,39,49.502041604107816,4.196377444222669,False,0.998046875,0.8105276226997375,514.0
synth,39,47.00141282950529,3.320886223900374,False,0.0013294219970703125,0.000265061273239553,0.0
synth,39,18.89269078472465,6.7340416135493015,False,0.9970703125,0.8332474827766418,540.0
synth,39,17.163937461862233,7.209746441232195,True,0.998046875,0.761504590511322,492.0
synth,39,6.2574779692530775,6.025851837781615,True,0.99853515625,0.7757629752159119,505.0
synth,39,40.43591903384164,4.942595349757775,False,0.9736328125,0.4859089255332947,315.0
synth,39,54.98021043847798,4.602705300189446,True,0.984375,0.37802356481552124,210.0
synth,39,10.89256816734578,7.72047371715451,True,1.0,0.7774844169616699,488.0
synth,39,10.954339438535795,8.079607101044335,True,0.99951171875,0.7789146304130554,487.0
synth,39,13.278066258898155,9.080709488592662,True,0.49365234375,0.17010582983493805,0.0
synth,6,7.151631872421099,2.9492775293687803,False,0.0006117820739746094,0.0002332027506781742,0.0
synth,6,57.68493357466304,3.340438185126566,False,0.99951171875,0.7725632786750793,482.0
synth,6,30.539027158512205,4.11692282592294,False,0.99951171875,0.7947096228599548,499.0
synth,6,49.7054621552403,3.7990688299175503,False,0.99609375,0.7755190134048462,520.0
synth,6,12.3507436906923,2.2441194041153345,False,0.53662109375,0.10302311927080154,3.0
synth,6,13.73049201525334,4.215277292642003,False,0.74072265625,0.407519668340683,290.0
synth,6,46.46567446086463,6.642016196376384,True,1.0,0.8463451266288757,530.0
synth,6,36.632314629319765,6.248520800480018,True,1.0,0.8534123301506042,536.0
synth,6,14.005255080865496,3.4672798706975514,False,0.040863037109375,0.00512404041364789,0.0
synth,6,15.70849870548292,2.8101562643316336,False,0.0207977294921875,0.0028472687117755413,0.0
synth,6,23.857199873981497,5.868121772717735,False,0.044036865234375,0.008161998353898525,0.0
synth,6,20.370001075172876,4.109819369118968,False,0.99658203125,0.705017626285553,472.0
synth,6,42.15916700680567,2.1439756103976557,False,0.998046875,0.48048314452171326,301.0
synth,6,32.79855509845983,5.224962784545251,True,0.99951171875,0.8166914582252502,514.0
synth,6,8.651252323711692,8.023263063341759,True,0.9990234375,0.7892651557922363,495.0
synth,6,44.687305235360455,2.6239691855117586,False,0.0017824172973632812,0.0003365658631082624,0.0
synth,6,30.38668725537331,7.001640873211031,True,0.99951171875,0.825804591178894,526.0
synth,6,55.20120937171708,3.197071272416492,False,0.257080078125,0.028470367193222046,0.0
synth,6,20.436848606404848,4.752145798269367,True,1.0,0.8368387818336487,526.0
synth,6,6.149606618082301,2.739575299799999,False,0.02783203125,0.0024177921004593372,0.0
synth,43,24.891031008546456,4.179458922217834,False,0.95947265625,0.6185018420219421,436.0
synth,43,22.956715050846128,2.775340443254207,False,0.9990234375,0.8536648154258728,536.0
synth,43,14.208664166953335,6.483019931434831,True,0.97216796875,0.4434715807437897,315.0
synth,43,29.83822244858347,3.5716430681522806,False,0.9970703125,0.7645305395126343,501.0
synth,43,43.10337676570548,8.152187216968375,True,1.0,0.8347743153572083,523.0
synth,43,41.11623973607249,4.876014220130135,True,1.0,0.8135617971420288,512.0
synth,43,52.7752505228112,7.375728029729222,True,1.0,0.8576638698577881,531.0
synth,43,14.705566750696155,6.554677526389662,True,0.99072265625,0.6995619535446167,459.0
synth,43,27.47522210481077,3.00500884741936,False,0.9326171875,0.5502349138259888,389.0
synth,43,31.122501939616782,2.218784421259356,False,0.0020198822021484375,0.00024464502348564565,0.0
synth,43,57.72659979750432,4.8325487258166735,False,0.99951171875,0.8134593963623047,512.0
synth,43,29.79227082199873,4.708066610696577,True,0.99951171875,0.8101153373718262,510.0
synth,43,16.99044407545108,7.072302898173222,True,0.9990234375,0.8139755725860596,525.0
synth,43,54.01565944656464,5.78603690418519,True,1.0,0.8447973728179932,529.0
synth,43,22.831319951282136,6.34295324305153,True,1.0,0.8430803418159485,527.0
synth,43,29.790058833748407,3.320178141139424,False,0.0015745162963867188,0.00025909548276104033,0.0
synth,43,41.72059491575962,6.599797194525901,True,1.0,0.8247388601303101,517.0
synth,43,58.67243518221868,5.413368764633589,False,0.9990234375,0.7941858172416687,514.0
synth,43,25.90395010703201,3.1051942487345623,False,0.99951171875,0.8457778096199036,537.0
synth,43,9.481259291349865,4.667091256566562,True,0.9990234375,0.8018745183944702,506.0
synth,18,51.98346590904664,3.139392405336735,False,0.0010633468627929688,0.00016739282000344247,0.0
synth,18,35.17341290302818,4.142978285245287,False,0.0102386474609375,0.0008211956010200083,0.0
synth,18,44.80777009879677,2.9796550166143017,False,0.1771240234375,0.010419250465929508,0.0
synth,18,12.704718264413607,4.165641947951407,True,0.953125,0.5391739010810852,412.0
synth,18,46.62088946554178,9.120992545350358,True,1.0,0.8310608267784119,523.0
synth,18,21.742531088044288,8.60846842784578,True,0.99951171875,0.8249603509902954,513.0
synth,18,24.923100257446364,3.918681215179277,False,0.0001919269561767578,7.415695290546864e-05,0.0
synth,18,17.215642408614748,3.5699899021557484,False,0.0002994537353515625,9.524736378807575e-05,0.0
synth,18,31.477752333992367,7.474249582455752,True,1.0,0.8447010517120361,531.0
synth,18,26.1699292779128,6.375716866887696,True,0.9970703125,0.8064953088760376,515.0
synth,18,18.835854761629413,8.625016313674326,True,0.99951171875,0.8342222571372986,524.0
synth,18,44.10789064999023,8.472667626894674,True,0.9990234375,0.8427314162254333,530.0
synth,18,42.184313198433145,5.502793680093203,True,0.9990234375,0.797904908657074,500.0
synth,18,20.340424793433463,2.5732185344831024,False,0.0003936290740966797,9.014386887429282e-05,0.0
synth,18,58.97418065122778,6.4341834398058815,True,1.0,0.8424085974693298,525.0
synth,18,53.88737406424354,6.554545592614123,True,1.0,0.860667884349823,541.0
synth,18,30.595431905138145,5.098778271959633,False,0.9990234375,0.8188174962997437,532.0
synth,18,27.09135978081565,3.649656332240297,False,0.98779296875,0.4707302749156952,308.0
synth,18,8.72125622766688,3.849843865623749,False,0.0003514289855957031,0.0001053311352734454,0.0
synth,18,51.20586636430407,8.395453518971385,True,1.0,0.8666115403175354,543.0
synth,29,27.377126268861566,3.589391990686856,False,0.99755859375,0.6206628084182739,396.0
synth,29,44.94122911564215,4.713646956839845,True,0.99951171875,0.8437091708183289,528.0
synth,29,14.872775510313602,5.277693598434724,False,0.0278167724609375,0.0014857519418001175,0.0
synth,29,6.448244147792255,8.768909488671623,True,0.99755859375,0.6911998391151428,468.0
synth,29,16.51255303762433,7.456792738343436,True,1.0,0.8409685492515564,529.0
synth,29,24.80350290936968,9.466956720887191,True,0.99951171875,0.8500118851661682,534.0
synth,29,46.50409344723556,4.360804283955479,True,1.0,0.8655579090118408,543.0
synth,29,23.09392430933703,7.887201901917381,True,1.0,0.8440669775009155,529.0
synth,29,52.3439941470848,7.099454546083938,True,1.0,0.8212251663208008,514.0
synth,29,48.047761300655694,2.5783492027336976,False,0.00033855438232421875,0.00011184492177562788,0.0
synth,29,48.58517706437111,5.042198964192126,True,0.99951171875,0.8285679817199707,519.0
synth,29,20.017472756269864,5.830455614003193,True,0.99853515625,0.6698822975158691,431.0
synth,29,18.874646078973985,6.910952921648804,True,1.0,0.8648408055305481,544.0
synth,29,30.444727664618167,4.215440673763789,True,0.99853515625,0.7655249834060669,500.0
synth,29,39.84214951789089,8.963858441070153,True,1.0,0.8570495843887329,534.0
synth,29,41.64599277031589,4.579690197010297,False,0.99951171875,0.8244134783744812,519.0
synth,29,8.338680237152968,5.904225358282284,False,0.6171875,0.14040139317512512,7.0
synth,29,40.65698007166834,7.851389865696452,True,1.0,0.8615066409111023,540.0
synth,29,9.89989149919448,4.114574459652474,False,0.4736328125,0.133096843957901,0.0
synth,29,32.17015732048755,6.732822620344378,True,0.99951171875,0.8453656435012817,533.0
synth,28,55.05231786319439,3.651320619961505,False,0.0946044921875,0.009271050803363323,0.0
synth,28,57.39073489894466,6.970460944333403,True,1.0,0.8624736070632935,550.0
synth,28,27.28407024575689,6.115931921734511,True,0.91748046875,0.5405631065368652,407.0
synth,28,49.92091232734885,5.757897944158238,True,0.9990234375,0.8327504992485046,534.0
synth,28,46.74889520597197,7.215461830735086,True,1.0,0.8515013456344604,533.0
synth,28,55.82794283969309,8.814328037465831,True,1.0,0.8463541865348816,530.0
synth,28,54.202678261700754,3.756478236179806,False,0.000392913818359375,8.463049016427249e-05,0.0
synth,28,12.916408749689854,5.831526699951449,True,0.99853515625,0.708211362361908,453.0
synth,28,43.54173481343002,4.697023174892425,False,0.99658203125,0.7489919662475586,484.0
synth,28,8.763614916007109,4.317313344843892,True,0.9990234375,0.7627862691879272,476.0
synth,28,51.52478666132286,3.6181983333947807,False,0.876953125,0.20292018353939056,89.0
synth,28,17.098123448847296,2.75713869266818,False,0.000621795654296875,0.00017474031483288854,0.0
synth,28,36.734276450837655,9.613610151404616,True,1.0,0.861550509929657,540.0
synth,28,6.8398754219187206,5.664843604786122,False,0.9990234375,0.7163360118865967,452.0
synth,28,29.54917827717841,5.119556692714938,False,0.99951171875,0.6904047131538391,433.0
synth,28,17.151694821921136,8.470608147648433,True,0.99951171875,0.8419064283370972,532.0
synth,28,24.2746606527036,3.879982283674486,False,0.98583984375,0.7223535180091858,473.0
synth,28,8.796659458754853,8.09356488149071,True,0.99951171875,0.7925398349761963,495.0
synth,28,55.92403283858189,6.0648345068763865,True,0.99951171875,0.8089079856872559,516.0
synth,28,55.15540913224676,5.818849424348425,True,0.99951171875,0.868861734867096,542.0
synth,9,45.39739679750854,7.346432169476195,False,0.994140625,0.2783506214618683,165.0
synth,9,31.00464830419052,6.645737033713734,True,0.9990234375,0.834526002407074,542.0
synth,9,9.699632246495764,6.258026376251931,True,0.99951171875,0.8073599934577942,502.0
synth,9,57.39028121514384,5.423673534275766,True,0.99951171875,0.8484615087509155,532.0
synth,9,21.831975270032707,3.388338015606541,True,0.982421875,0.7472680807113647,511.0
synth,9,12.144935819220535,5.903752175108069,True,0.9990234375,0.8274531364440918,533.0
synth,9,48.45944381272256,4.917720100162384,False,0.9990234375,0.41749393939971924,262.0
synth,9,26.576816234669742,9.42022366923744,True,0.99951171875,0.8513001799583435,537.0
synth,9,22.556074250414515,3.62339459244242,False,0.9970703125,0.789021372795105,518.0
synth,9,44.85274550382495,9.214702524634902,True,1.0,0.8348453044891357,521.0
synth,9,11.80390016669471,8.673717440414217,True,0.9990234375,0.7503296136856079,480.0
synth,9,16.815939045857014,5.196413194024872,False,0.99560546875,0.6608849763870239,432.0
synth,9,18.083129857177678,5.897584351641543,True,0.99951171875,0.7871934175491333,497.0
synth,9,55.68335562251519,6.83679187972872,True,0.9990234375,0.8386996984481812,530.0
synth,9,14.483513453879286,6.770248083957474,True,0.9990234375,0.773614227771759,496.0
synth,9,8.62898489626195,4.675630472371361,False,0.9990234375,0.7489069700241089,472.0
synth,9,24.17114774989889,2.9701422231441263,False,0.1336669921875,0.006715966854244471,0.0
synth,9,30.963103778263157,5.475750263145017,False,0.99609375,0.7680997252464294,506.0
synth,9,52.642592156168,5.239968542732929,False,0.99951171875,0.8553327918052673,540.0
synth,9,42.24747864890268,4.675845894129315,False,0.9970703125,0.8170498609542847,536.0
synth,40,52.65930753723614,4.681344758066668,False,0.9990234375,0.8381556868553162,525.0
synth,40,59.63051515421563,9.715728908025186,True,0.99951171875,0.8669956922531128,546.0
synth,40,52.50260383310189,3.138909290182903,False,0.9638671875,0.36446407437324524,264.0
synth,40,20.19259877877789,5.192730269294418,True,0.99853515625,0.6958017349243164,439.0
synth,40,28.9766187836579,3.830453485373279,False,0.99853515625,0.7340693473815918,474.0
synth,40,39.41522551452992,3.31372496327494,False,0.935546875,0.24100695550441742,177.0
synth,40,14.49412310696775,2.59822481754459,False,0.03778076171875,0.0023457398638129234,0.0
synth,40,15.349995052348248,3.0950493503699024,False,0.0682373046875,0.005570851266384125,0.0
synth,40,59.29529317756927,5.824051062111908,True,0.99951171875,0.8260334134101868,523.0
synth,40,31.296231569296985,4.6329932384567725,False,0.99853515625,0.7339578866958618,484.0
synth,40,10.184288912402538,7.085167584158911,True,0.99951171875,0.8071426153182983,506.0
synth,40,58.02273890722787,3.762489245854898,False,0.01349639892578125,0.0007484625093638897,0.0
synth,40,58.07650618097883,3.203526008636823,False,0.99658203125,0.7289581298828125,492.0
synth,40,28.136226011626523,3.235908542361176,False,0.9970703125,0.8087576031684875,528.0
synth,40,41.40088299634631,8.861693325343747,True,1.0,0.8435026407241821,528.0
synth,40,36.54949900174569,6.707892120305332,True,0.99951171875,0.8126311302185059,510.0
synth,40,29.811947876088297,8.12941523254185,True,1.0,0.8425257802009583,528.0
synth,40,36.67622552445722,2.770045611692156,False,0.99609375,0.7166078686714172,483.0
synth,40,59.19887588341565,2.8358353580449696,False,0.9658203125,0.563150942325592,431.0
synth,40,18.277051985827413,4.00458217584009,False,0.0029754638671875,0.0004854548315051943,0.0
synth,24,40.32739391567132,3.613499465919949,True,0.99853515625,0.7479995489120483,478.0
synth,24,47.13015635634987,8.116182202448762,True,1.0,0.8228796720504761,515.0
synth,24,15.249929205659807,7.169269166252551,True,0.99951171875,0.8544636964797974,537.0
synth,24,58.1506469964429,4.2945618767270295,False,0.99951171875,0.8374550938606262,527.0
synth,24,25.077037695553773,8.611594002136055,True,1.0,0.848301351070404,530.0
synth,24,40.94574204379531,2.7444405017503417,False,0.97705078125,0.511817216873169,291.0
synth,24,57.08720198509477,5.868036211180979,True,1.0,0.8228065371513367,515.0
synth,24,24.366456145471886,2.1746259888298494,False,0.59716796875,0.0532098151743412,9.0
synth,24,30.08948687660488,3.5686918310074267,False,0.0001519918441772461,5.773239172413014e-05,0.0
synth,24,15.48770841090404,5.392509901371822,False,0.9990234375,0.7863394618034363,497.0
synth,24,25.16410947256901,2.4554725245381523,False,0.00139617919921875,0.00017213249520864338,0.0
synth,24,9.834325926172234,5.420129473248164,False,0.40576171875,0.026829401031136513,0.0
synth,24,57.77754012632665,6.798494370685569,True,0.99951171875,0.8182042241096497,518.0
synth,24,48.58959126227819,3.2392768280353117,False,0.9990234375,0.8043037056922913,508.0
synth,24,43.7381480413456,5.424083497154088,True,1.0,0.8271975517272949,519.0
synth,24,42.27575591468551,3.637217002867231,False,0.98583984375,0.6267314553260803,425.0
synth,24,57.01031914043283,4.466084501878447,False,0.99951171875,0.8049901127815247,507.0
synth,24,29.421206205397382,3.8824303587754905,False,0.9990234375,0.856662392616272,538.0
synth,24,57.4282899353569,7.1938534983540405,True,0.99951171875,0.8179247975349426,513.0
synth,24,10.685160133302102,5.010360506832377,False,0.9931640625,0.7138399481773376,467.0
synth,44,17.14487702869347,8.777613332939799,True,1.0,0.863960325717926,543.0
synth,44,21.4175201107263,5.273918399594288,True,0.99951171875,0.8443877696990967,528.0
synth,44,9.643539925964806,3.1374629896973776,False,0.0241241455078125,0.0030259874183684587,0.0
synth,44,25.030082380508382,2.574800214097729,False,0.00804901123046875,0.0029391266871243715,0.0
synth,44,9.017925007631865,7.2552151926330115,True,0.99951171875,0.8170342445373535,519.0
synth,44,53.479378524353336,6.652440266202577,True,0.99951171875,0.8747534155845642,547.0
synth,44,34.49746607138654,5.807385942470804,True,0.998046875,0.7141886949539185,459.0
synth,44,43.27887830734731,3.6866464651718034,False,0.9990234375,0.8083439469337463,508.0
synth,44,25.2997655187943,4.921401125184315,True,0.9990234375,0.7508959770202637,474.0
synth,44,13.313746844273984,8.366263218393806,True,0.9990234375,0.7993649244308472,516.0
synth,44,33.83078962554308,5.095560968949092,False,0.99462890625,0.7962377667427063,506.0
synth,44,49.60228679214253,9.347500105754914,False,0.99951171875,0.8613682389259338,542.0
synth,44,33.182908294337764,8.249197904017027,True,1.0,0.850731611251831,536.0
synth,44,54.94270377150964,9.950363007966407,True,1.0,0.8475195169448853,531.0
synth,44,28.15571343072006,7.1143955396001255,True,0.99951171875,0.8531994223594666,537.0
synth,44,26.01055561337967,8.25128875184419,True,0.99951171875,0.8372169733047485,524.0
synth,44,55.254838220495714,7.858837617224644,True,1.0,0.8371519446372986,524.0
synth,44,7.072942897466669,3.364472376925197,False,0.037811279296875,0.0024005097802728415,0.0
synth,44,48.74794536812168,8.397693753526774,True,1.0,0.8365179896354675,523.0
synth,44,59.59971535158616,2.8758638366217344,False,0.44873046875,0.05959782749414444,0.0
synth,5,55.93416326797898,2.6176013409882586,False,0.78564453125,0.14206698536872864,99.0
synth,5,43.26865514016852,6.601683223105206,True,0.99951171875,0.8193787336349487,516.0
synth,5,41.34869374766253,6.688043173933443,True,1.0,0.8565697073936462,536.0
synth,5,30.91137453117861,2.053630026689551,False,0.1190185546875,0.007382160052657127,0.0
synth,5,9.255596565629036,3.539861609003034,True,0.440673828125,0.0669647753238678,0.0
synth,5,48.83086175516561,2.5844895762159394,False,0.9970703125,0.6809175610542297,455.0
synth,5,26.712990185053982,5.860937932166958,True,1.0,0.8331500291824341,523.0
synth,5,8.815644100216034,5.855178721482972,False,0.76513671875,0.24258603155612946,100.0
synth,5,44.7710553659841,7.094305170898975,True,0.99951171875,0.8359798789024353,532.0
synth,5,29.398199434853264,2.965398981694485,False,0.97900390625,0.6912405490875244,515.0
synth,5,23.08846059212059,7.755865579176412,True,0.9990234375,0.8064252138137817,509.0
synth,5,39.16940888065562,2.400239923938589,False,0.15771484375,0.016454380005598068,0.0
synth,5,21.08534278984904,4.636846500248794,True,0.998046875,0.8043432831764221,524.0
synth,5,9.104212425809296,4.732669123986966,True,0.998046875,0.7609211206436157,478.0
synth,5,55.18106122524681,5.186699338967801,True,1.0,0.8558652400970459,536.0
synth,5,12.798860493501572,5.1367418087622685,False,0.998046875,0.7884531617164612,498.0
synth,5,29.87632937458495,2.836459402627936,False,0.99560546875,0.72774338722229,493.0
synth,5,37.468443372707256,3.6698461588851305,False,0.99365234375,0.6473299264907837,425.0
synth,5,45.28436095332507,5.254173765815368,True,1.0,0.839055061340332,527.0
synth,5,15.412287814748328,5.438432392369744,True,0.98486328125,0.7244399785995483,496.0
synth,48,7.124802352795891,3.4826696409980538,False,0.76953125,0.3722124695777893,244.0
synth,48,56.68368032625023,3.597201588173069,False,0.99853515625,0.41887542605400085,261.0
synth,48,34.28944201880989,6.037370473009107,True,0.99951171875,0.8360482454299927,541.0
synth,48,51.57207187959076,5.058658730705223,False,0.99951171875,0.8663243055343628,541.0
synth,48,51.21007808137295,9.155029002837583,True,0.99951171875,0.8359901309013367,524.0
synth,48,38.98939924123656,4.894411646472713,False,0.99853515625,0.8225831985473633,535.0
synth,48,38.54566790850387,7.845005106405941,True,0.99951171875,0.8662160038948059,546.0
synth,48,41.90162189630095,5.5362141657875,True,1.0,0.8297582864761353,521.0
synth,48,20.53221597910797,8.152619888697835,True,0.99951171875,0.8408108353614807,530.0
synth,48,11.57406515645183,3.026367796925664,False,0.0005779266357421875,9.555664291838184e-05,0.0
synth,48,31.964561833958008,4.149256119932732,False,0.99951171875,0.8187441229820251,515.0
synth,48,56.66954192026272,9.558510745354983,True,0.99951171875,0.8390132784843445,529.0
synth,48,11.548120652221876,5.486248776468585,False,0.99755859375,0.760194718837738,499.0
synth,48,51.14099137344724,8.312958200592297,True,0.99951171875,0.8014354705810547,504.0
synth,48,49.18747884374056,3.0907678569101416,False,0.99755859375,0.6678422093391418,428.0
synth,48,57.41352096707335,3.7364013808035703,False,0.544921875,0.12310145050287247,6.0
synth,48,58.91764026708066,6.154239477002135,False,0.9990234375,0.8283100724220276,520.0
synth,48,39.27134086339468,2.8906377740625064,False,0.150390625,0.012813818641006947,0.0
synth,48,22.4621304724302,4.781408628855068,False,0.998046875,0.7709794640541077,487.0
synth,26,30.143840564536724,4.550009179369462,False,0.99755859375,0.7685724496841431,505.0
synth,26,37.43222567535884,7.481402370949152,True,0.9990234375,0.8303699493408203,532.0
synth,26,8.509477324206404,2.597682026447348,False,0.0004010200500488281,0.00011384601384634152,0.0
synth,26,44.65288384132408,3.497231487385974,False,0.9990234375,0.8352252244949341,527.0
synth,26,7.725204671959506,7.562657865357863,True,0.99951171875,0.7993860244750977,505.0
synth,26,12.963307218478016,4.581080116904113,False,0.0008411407470703125,0.00020839233184233308,0.0
synth,26,23.68948329576821,4.423495286688575,False,0.97265625,0.6417354941368103,474.0
synth,26,44.28217893379508,7.511613761499278,True,1.0,0.8355004191398621,524.0
synth,26,59.410808725475576,7.126865315909571,True,1.0,0.844393253326416,528.0
synth,26,12.435553335737843,3.4427580356890424,False,0.9990234375,0.8155783414840698,517.0
synth,26,52.15302116750901,7.74311407444558,True,1.0,0.8413200974464417,526.0
synth,26,24.73116734077336,3.269686876026904,False,0.0006756782531738281,0.000190350430784747,0.0
synth,26,37.90413077841786,3.733771221313604,False,0.30224609375,0.06417765468358994,0.0
synth,26,39.78409837223162,9.031154681512923,True,1.0,0.8297768831253052,516.0
synth,26,10.507475159822906,2.740525052536797,False,0.006954193115234375,0.0008788213017396629,0.0
synth,26,58.14586022976557,4.891166589226142,True,0.9931640625,0.6833751797676086,461.0
synth,26,8.314019616105242,4.323852731327851,False,0.0003497600555419922,0.00010632543853716925,0.0
synth,26,11.82660970562856,8.622303989286815,True,0.998046875,0.7101833820343018,463.0
synth,26,36.90033144167334,8.50752937605499,True,1.0,0.849427342414856,532.0
synth,26,24.271570205880085,4.880476394101445,True,0.3505859375,0.05761171877384186,0.0
synth,16,48.976885888139336,8.385264095843667,True,0.99951171875,0.8263072371482849,520.0
synth,16,20.189469910909768,3.33545786862361,False,0.006134033203125,0.0014813767047598958,0.0
synth,16,26.617571735944807,6.563297753911344,True,0.99755859375,0.6519607305526733,417.0
synth,16,45.38658480965356,2.897118019139288,False,0.9990234375,0.8130651116371155,509.0
synth,16,46.95491505516485,3.396200626150754,False,0.98876953125,0.6437908411026001,477.0
synth,16,54.50630629127143,4.623673052828106,True,0.99951171875,0.7510528564453125,475.0
synth,16,56.448508486364034,6.936037828692729,True,0.99951171875,0.8443765640258789,525.0
synth,16,24.35689808350764,7.806829786689319,True,1.0,0.8478648662567139,529.0
synth,16,11.94487430426974,5.690225966725006,True,0.99951171875,0.8347180485725403,523.0
synth,16,42.69433180399962,6.779483908579612,True,0.99853515625,0.7993892431259155,513.0
synth,16,29.904681011512317,3.166411449986275,False,0.0022602081298828125,0.0002731358399614692,0.0
synth,16,24.219034334448494,3.609487930088709,True,0.38232421875,0.14784756302833557,0.0
synth,16,36.84262774614406,2.781946338947757,False,0.027069091796875,0.001767889247275889,0.0
synth,16,34.290829604648465,2.965248760446769,True,0.998046875,0.7797151207923889,516.0
synth,16,44.06605980144531,2.879175391794814,False,0.9462890625,0.4357074201107025,275.0
synth,16,24.763317930288565,2.9019811312391326,False,0.99169921875,0.6734218001365662,440.0
synth,16,54.0298283078761,5.530213945881966,True,0.99951171875,0.8506261706352234,535.0
synth,16,51.59691427621676,5.429098484181974,True,0.99951171875,0.4392291009426117,279.0
synth,16,14.03923785053316,7.736026170602835,True,0.9990234375,0.7899200320243835,496.0
synth,16,43.55065244089108,4.417991090339967,False,0.99951171875,0.8713414072990417,549.0
synth,41,41.796638764069705,2.750868825191989,False,0.515625,0.065705306828022,1.0
synth,41,47.43156795882136,5.207237062222111,False,1.0,0.8140925765037537,519.0
synth,41,11.73406430007768,4.5245982831665374,False,0.0008974075317382812,0.00020115137158427387,0.0
synth,41,35.37283038299541,6.968975623869354,True,0.99951171875,0.8318020701408386,523.0
synth,41,51.15391472116561,6.097285133949569,True,1.0,0.8266599774360657,518.0
synth,41,55.03790927321808,7.917917322535899,True,0.99951171875,0.838106632232666,517.0
synth,41,27.40014437179813,5.154623179671391,False,0.9990234375,0.7178273797035217,460.0
synth,41,31.712778094103545,6.003850782533039,True,1.0,0.8283784985542297,521.0
synth,41,13.390993631445358,8.5543671183462,True,0.99951171875,0.8018659949302673,502.0
synth,41,21.713986812538465,4.644678218822221,False,0.0006961822509765625,0.00023497037182096392,0.0
synth,41,31.782676827081254,6.214673735649598,True,1.0,0.84718918800354,532.0
synth,41,42.19732325409676,5.825464791987616,False,0.99951171875,0.8387155532836914,525.0
synth,41,30.979410220759227,4.362250210970334,False,0.37060546875,0.03685369715094566,0.0
synth,41,9.032597230171502,6.202256960163568,True,0.9990234375,0.7397246956825256,467.0
synth,41,17.38536535390837,4.747625776205777,False,0.99853515625,0.7821388244628906,508.0
synth,41,55.94888142177028,2.6224628336054763,False,0.88818359375,0.2294340878725052,158.0
synth,41,44.836635236550606,3.667675932417993,False,0.99951171875,0.7470649480819702,465.0
synth,41,50.59071303816968,4.006896063654482,True,0.9990234375,0.811272144317627,523.0
synth,41,29.038107477578308,2.662261498282936,False,0.0008111000061035156,0.000137372495373711,0.0
synth,41,23.987331754456864,8.325524654647472,True,0.998046875,0.8242456316947937,525.0
synth,46,58.43979005253173,4.854074922676041,False,0.9970703125,0.7123737335205078,482.0
synth,46,14.544157527853654,7.261801448034999,True,0.99951171875,0.8049391508102417,508.0
synth,46,42.04756623655705,8.520121897801609,True,1.0,0.8472291231155396,531.0
synth,46,27.48895636771574,5.496303781351376,False,0.99853515625,0.7673686742782593,486.0
synth,46,54.86960121554357,6.841867176443929,True,1.0,0.845838189125061,531.0
synth,46,51.88600940697141,6.545038233316022,True,0.99951171875,0.8662529587745667,549.0
synth,46,26.83412750465312,8.381109568201001,True,0.99951171875,0.8427416086196899,532.0
synth,46,45.27310750778349,3.0408041143890987,False,0.47705078125,0.02335473895072937,0.0
synth,46,59.322775848639786,4.834146501927718,False,0.80029296875,0.05297718569636345,22.0
synth,46,29.66657662228636,3.834266303982684,False,0.9931640625,0.6894621849060059,442.0
synth,46,49.75939768149552,5.874885239397593,False,0.6533203125,0.10701098293066025,5.0
synth,46,19.574234464307374,8.475729652166853,True,0.9990234375,0.8250342607498169,534.0
synth,46,59.73373793830479,3.5904715326541763,False,0.71630859375,0.13544224202632904,46.0
synth,46,37.17372929564117,4.253584659776689,False,0.91943359375,0.50874263048172,409.0
synth,46,51.77587354841634,4.470961117949565,False,0.998046875,0.7645070552825928,496.0
synth,46,39.145412664295314,3.9357653358704376,True,0.99951171875,0.6980662941932678,462.0
synth,46,45.99185740527606,4.3753736511214045,True,1.0,0.8121377229690552,509.0
synth,46,15.73393155685816,2.600861363424717,False,0.078369140625,0.005463771056383848,0.0
synth,46,34.52378289964476,6.861176228681961,True,0.99951171875,0.8321424722671509,529.0
synth,46,14.577309141585449,6.690138254341428,True,1.0,0.8330313563346863,524.0
synth,49,36.080537522645,4.204543255087621,False,0.9990234375,0.8174195885658264,517.0
synth,49,55.89208702462532,6.512022854158971,True,1.0,0.8412020802497864,526.0
synth,49,53.37489493180895,8.446697057398437,True,1.0,0.8471724390983582,533.0
synth,49,42.52945798267524,2.5399823827649417,False,0.006900787353515625,0.00037419405998662114,0.0
synth,49,11.184604142365435,7.343174806302739,True,0.99560546875,0.6334899067878723,408.0
synth,49,27.419880147440765,4.026244148242312,False,0.99755859375,0.7466723918914795,493.0
synth,49,42.628553980216935,5.027822752642299,True,0.99951171875,0.8452838659286499,529.0
synth,49,6.508924812136604,7.596162996400536,False,0.9970703125,0.7251415848731995,475.0
synth,49,17.560418990581447,3.457340542505871,False,0.00305938720703125,0.0004744369362015277,0.0
synth,49,14.018717815361237,7.349462092462827,True,0.99951171875,0.8226929903030396,514.0
synth,49,58.75149216005914,3.998326650403904,False,0.99951171875,0.8662328124046326,544.0
synth,49,8.041338492200694,4.3490299496449625,False,0.0005092620849609375,0.00010945129179162905,0.0
synth,49,44.699769727554674,2.4331385027392054,False,0.88916015625,0.4819108843803406,396.0
synth,49,38.82579959204457,4.674453419037525,False,1.0,0.848078727722168,532.0
synth,49,37.18368975225203,7.402098948440508,True,1.0,0.8461770415306091,529.0
synth,49,36.63364535030172,2.7594270833351318,False,0.6171875,0.16021479666233063,15.0
synth,49,11.16629630528101,3.515951248493735,False,0.0308380126953125,0.0026038719806820154,0.0
synth,49,55.818718946834565,9.064639993718748,True,1.0,0.859375,541.0
synth,49,28.539743383387368,6.84943788698683,True,1.0,0.8287981152534485,522.0
synth,49,48.9725800895592,8.96224002753914,True,0.99951171875,0.8583641648292542,540.0
synth,37,11.61999173601825,5.412788510250252,False,0.9970703125,0.7669975757598877,511.0
synth,37,58.77200504513663,3.835935736021709,False,0.99853515625,0.7197327017784119,460.0
synth,37,54.48977892728075,3.199992936157535,False,0.990234375,0.5573329925537109,367.0
synth,37,8.916980779659749,3.804303867788142,False,0.422607421875,0.11984880268573761,0.0
synth,37,27.8471940153651,2.824994662378961,False,0.91845703125,0.311519980430603,186.0
synth,37,24.91730238951436,2.6651632764595896,False,0.5009765625,0.04798627272248268,1.0
synth,37,14.546550488441504,6.367549469988421,True,0.99951171875,0.8274696469306946,522.0
synth,37,51.571142605972526,7.41697480687513,True,0.9990234375,0.8376777172088623,538.0
synth,37,50.76836853778404,6.582570143324383,False,0.998046875,0.7630700469017029,491.0
synth,37,56.28690338598573,3.417289931913707,False,0.998046875,0.7902249693870544,506.0
synth,37,33.52424322123245,8.001123106890725,True,1.0,0.840959370136261,526.0
synth,37,21.498820019681894,5.276881769947157,False,0.97314453125,0.5942811369895935,402.0
synth,37,13.970137785969866,6.124995233099434,True,0.9990234375,0.8166274428367615,526.0
synth,37,46.79119816505127,6.542396376244279,True,1.0,0.8573115468025208,541.0
synth,37,49.20124319645857,3.133066712193994,False,0.4189453125,0.021339688450098038,0.0
synth,37,37.22031355664196,8.454262349028983,True,1.0,0.8427818417549133,528.0
synth,37,30.336319553927677,6.235940459552112,False,0.998046875,0.7892872095108032,527.0
synth,37,57.40144611560521,8.924310216876664,True,1.0,0.843180775642395,527.0
synth,37,33.94580150101248,7.54511591852186,True,0.9990234375,0.8071107268333435,527.0
synth,37,35.36948979959728,5.216118193613575,False,0.9990234375,0.6817195415496826,427.0
synth,47,37.22156468787992,8.269647910522979,True,0.99951171875,0.8525885939598083,539.0
synth,47,44.5353888664157,9.629470680467607,True,0.99951171875,0.8404236435890198,530.0
synth,47,7.628222155563171,8.56264511157074,True,0.99951171875,0.8442032337188721,531.0
synth,47,57.44165913412008,8.383885896807561,True,0.99951171875,0.8722876906394958,545.0
synth,47,38.88285647556442,2.864181171879926,False,0.00024235248565673828,6.892986129969358e-05,0.0
synth,47,55.37402864251906,6.066436494896354,True,0.75927734375,0.3838554620742798,231.0
synth,47,34.51282385590031,5.945574730142607,True,0.99853515625,0.7956634759902954,526.0
synth,47,6.748501402148317,4.93750271154849,False,0.99755859375,0.7474417686462402,498.0
synth,47,14.2098110162241,2.415041561681209,False,0.9970703125,0.7719839215278625,503.0
synth,47,47.044160202228255,3.51889647690961,False,0.0004169940948486328,0.0001149070740211755,0.0
synth,47,41.8292963907012,3.007757695777944,False,0.79736328125,0.3219856023788452,157.0
synth,47,10.585746440603526,5.55752527876606,True,0.99951171875,0.8184548616409302,515.0
synth,47,11.594870009696006,6.721484857245735,True,0.99951171875,0.8551281094551086,537.0
synth,47,48.15604217233451,7.941440571800189,True,0.99853515625,0.7947424054145813,517.0
synth,47,55.21022801716376,6.673356974841262,False,0.9970703125,0.7497373223304749,487.0
synth,47,45.57379870559368,6.973678629727467,False,0.99951171875,0.8326437473297119,523.0
synth,47,51.10357805065258,4.671193468812891,False,0.99951171875,0.8338659405708313,523.0
synth,47,11.212581589803788,4.756012453260673,False,0.99365234375,0.7354017496109009,503.0
synth,47,8.427937695593856,3.1053884715702518,False,0.0009598731994628906,0.00019069651898462325,0.0
synth,47,47.891373391013325,9.06954614586226,False,0.99951171875,0.8830553889274597,556.0
synth,2,13.845492887202475,6.0638246275665,False,0.9970703125,0.6774512529373169,442.0
synth,2,9.089200519723944,5.103811503333885,False,0.99658203125,0.7091658115386963,456.0
synth,2,15.962409575192826,4.285469928762464,False,0.998046875,0.7218554615974426,466.0
synth,2,56.24832866156113,4.420214083558633,False,0.9990234375,0.8201179504394531,528.0
synth,2,6.960395628695361,2.154526595722835,False,0.0004010200500488281,0.00012653398152906448,0.0
synth,2,25.819895342660484,2.595183068397686,False,0.3388671875,0.03401367366313934,0.0
synth,2,42.38572229074955,3.78816357110072,False,0.9990234375,0.8213707804679871,533.0
synth,2,45.29823922633234,4.585424215981088,False,0.99951171875,0.8239885568618774,526.0
synth,2,38.52047060195091,3.988364557889596,False,0.94091796875,0.24553163349628448,158.0
synth,2,59.01638435347781,4.414024906055162,False,1.0,0.8614160418510437,540.0
synth,2,55.71225684693712,5.611503763286435,False,1.0,0.8490435481071472,531.0
synth,2,44.246244379268376,2.031643484765039,False,0.98974609375,0.7975133061408997,531.0
synth,2,26.283062602531786,2.360129635518948,False,0.77001953125,0.03117448464035988,15.0
synth,2,41.88623610079793,5.012698557444986,False,1.0,0.8431349396705627,529.0
synth,2,19.073000399580863,6.623735886366099,True,0.99951171875,0.8035283088684082,507.0
synth,2,16.2718599121281,6.330032873439389,False,0.99951171875,0.834699809551239,529.0
synth,2,43.706742060769,6.454652083536801,False,0.99951171875,0.8374754190444946,525.0
synth,2,55.029922983339546,5.588734157729204,False,1.0,0.8606464862823486,537.0
synth,2,15.916482507491438,5.436220916304436,False,0.98681640625,0.6746994256973267,466.0
synth,2,32.27484403107537,5.344943421498894,False,0.99951171875,0.8434885740280151,525.0
synth,45,21.883173404419374,8.676350105297132,False,0.96875,0.6121563911437988,428.0
synth,45,40.84723479277973,7.477250988824243,True,0.998046875,0.8370778560638428,527.0
synth,45,57.13894133338599,9.27785301459078,True,0.99755859375,0.8822011947631836,571.0
synth,45,9.888491335815992,2.711648889064354,False,0.0035572052001953125,0.0003825285821221769,0.0
synth,45,49.72433008378314,8.739539765012115,True,0.99951171875,0.8542428612709045,539.0
synth,45,22.33108156533988,6.909862128731233,True,0.99853515625,0.8021122813224792,528.0
synth,45,25.023065487607678,9.74922107366342,True,0.99951171875,0.8768476843833923,553.0
synth,45,11.716164042603046,7.057992798044567,True,0.99951171875,0.8522369861602783,536.0
synth,45,54.09734925622017,4.423867876603182,False,0.97412109375,0.4876415431499481,368.0
synth,45,16.37217746899426,8.10233004529447,True,0.99951171875,0.8765670657157898,551.0
synth,45,22.88408339257443,8.329853867449364,True,0.99951171875,0.8685430884361267,545.0
synth,45,58.68000757431378,8.833865001755052,True,0.99951171875,0.7890521287918091,518.0
synth,45,44.51248106474449,7.579821680790038,True,0.99951171875,0.8531671762466431,536.0
synth,45,44.960582528480586,9.770665504792545,False,0.92529296875,0.38309168815612793,256.0
synth,45,55.22739759042297,9.995686363963053,False,0.84423828125,0.28288009762763977,130.0
synth,45,37.19640853024998,2.9983050207298514,False,0.2208251953125,0.03103214129805565,0.0
synth,45,46.54375402620338,6.58247179701523,True,0.99853515625,0.8401427865028381,529.0
synth,45,46.34870225319256,4.596806174825043,True,0.9990234375,0.8342058658599854,529.0
