ObjID,image_id,trail_length,snr,pmax_pt,line_thr0.5,pt_thr0.5,line_thr0.3,pt_thr0.3,line_thr0.1,pt_thr0.1
K25F28Z,96,9.612382115146588,3.4362678430678093,0.9876761436462402,True,True,True,True,True,True
K25F28Z,210,9.794496677203378,5.015826148016036,0.9948493838310242,True,True,True,True,True,True
K25F28Z,209,9.7874438484953,4.208756991136769,0.34130921959877014,False,False,True,True,True,True
K25F28Z,202,9.800335853384311,3.84935617669596,0.4745939373970032,False,False,True,True,True,True
K25F28Z,207,9.785608680332764,4.173204329591472,0.0019246049923822284,False,False,False,False,False,False
K25F28Z,197,9.79387315805744,3.24777350378528,0.0011133443331345916,False,False,False,False,False,False
K25F28Z,212,9.789099680889,2.674006429005928,0.0006161101046018302,False,False,False,False,False,False
K25F28Z,206,9.79962230594629,3.3041924442817185,0.02597173862159252,False,False,False,False,False,False
K21G12Z,248,6.940499038215734,3.0397279568095903,0.00031233459594659507,False,False,False,False,False,False
K25F20L,254,9.13106938779234,2.381864143551192,0.011741246096789837,False,False,False,False,False,False
K25F20L,256,9.132552684101398,2.255102544112851,0.0007402070914395154,False,False,False,False,False,False
K25F20L,252,9.161232708584228,2.8066451743003125,0.9969147443771362,True,True,True,True,True,True
K25F20L,277,7.292731852907838,4.2308861165651415,0.9951798915863037,True,True,True,True,True,True
K25F20L,311,6.582523264694413,7.62363304262598,0.993838906288147,True,True,True,True,True,True
K25F20L,305,6.583083281963455,9.832728524546615,0.9468896985054016,True,True,True,True,True,True
K25F20L,291,6.592880201991045,4.113967194858302,0.9980875253677368,True,True,True,True,True,True
K25F20L,308,8.35086219058623,2.6664569252149395,0.9980456233024597,True,True,True,True,True,True
K25F20L,289,8.359801875199393,2.574741616820809,0.0009777408558875322,False,False,False,False,False,False
K25F20L,288,8.366290892602587,2.9946191725163214,0.9960964322090149,True,True,True,True,True,True
K20M02Y,354,10.18521172307774,2.6161800299351707,0.91350257396698,True,True,True,True,True,True
K20M02Y,338,12.911876385326396,2.848353185850052,0.00013726593169849366,False,False,False,False,False,False
K20M02Y,369,10.218701482366166,2.0509151800046244,0.0010142311220988631,False,False,False,False,False,False
K11UJ2Y,384,26.302002640555664,2.2371597746880907,0.0001800907775759697,False,False,False,False,False,False
K20M02Y,399,10.248966284706547,2.3900722396007485,0.3461555242538452,False,False,True,True,True,True
K20P02Y,425,8.542142173951127,3.5069127078952915,0.0001562542311148718,False,False,False,False,False,False
K20P02Y,428,8.542693771786576,2.7349870703664383,0.0002831095189321786,False,False,False,False,False,False
K20P02Y,466,8.546620537339368,3.5413317611316355,0.4130573868751526,False,False,True,True,True,True
K20P02Y,512,8.550105234581576,2.187737259619155,0.4761117398738861,False,False,True,True,True,True
K24W02L,533,11.016461003726429,2.11106470379373,0.2455630898475647,False,False,False,False,True,True
K24W02L,574,10.900463794913534,2.0035451930981387,0.006332601886242628,False,False,False,False,False,False
K24W02L,572,10.891820052196524,2.2005407183442,0.0020330995321273804,False,False,False,False,False,False
K22M01M,603,10.43332048981149,2.1032650889842226,0.9728038311004639,True,True,True,True,True,True
K22M01M,604,10.422051987474523,5.142539950076793,0.006475869566202164,False,False,False,False,False,False
K22M01M,605,10.405104625863048,3.430633775134979,0.035429563373327255,False,False,False,False,False,False
K22M01M,602,10.43576489682018,3.2981419176430973,0.9920637607574463,True,True,True,True,True,True
K13Y38E,608,11.27357998068063,3.359264118686092,0.8601982593536377,True,True,True,True,True,True
K08X02B,707,12.34881483661087,2.3562673099469973,0.00019962165970355272,False,False,False,False,False,False
K20X02O,735,10.220264466,2.433146394542598,0.008541745133697987,False,False,False,False,False,False
K25N01T,749,6.560612812198926,6.560754022432057,0.8782302737236023,True,True,True,True,True,True
K21T13V,800,6.943627657191837,4.636554576463863,0.0018730516312643886,False,False,False,False,False,False
K18A04G,839,6.843264969259232,4.873219256988988,0.4786813259124756,False,False,True,True,True,True
K25N00K,888,8.656088864272773,2.292199484936755,0.9909565448760986,True,True,True,True,True,True
K25M89D,876,35.3198931500674,3.4221372827693304,0.9994473457336426,True,True,True,True,True,True
K25N00T,881,24.698979152344613,4.5240356996644,0.9988739490509033,True,True,True,True,True,True
K25N00T,887,24.67616442237012,2.494345098431553,0.9980352520942688,True,True,True,True,True,True
K18B01J,917,15.589531098945258,4.856080642100495,0.0027958389837294817,False,False,False,False,False,False
K17O19M,914,6.905613952992862,2.152603302395514,0.011678784154355526,False,False,False,False,False,False
K25O02D,948,13.069964862250147,7.270977208840898,0.49031561613082886,True,False,True,True,True,True
K25O04L,931,10.810647038875324,7.190622568313992,0.6855894327163696,True,True,True,True,True,True
K22Y06N,962,8.580182409053599,7.324656284557051,0.9497664570808411,True,True,True,True,True,True
K25N02Y,950,17.286733322727784,2.6202546540064944,0.4848516583442688,False,False,True,True,True,True
K25N02Y,976,17.199968693958564,2.3428312156138635,0.0072882394306361675,False,False,False,False,False,False
K20B05A,982,6.351849908974587,2.3124740182957733,0.0012045629555359483,False,False,False,False,False,False
K20M02P,1041,9.920353127782306,5.650611614656108,0.003322429256513715,False,False,False,False,False,False
K17W13W,1036,6.459669883406432,3.861217590164511,0.0015152955893427134,False,False,False,False,False,False
K18B06Y,1112,26.65957637350924,7.395745896043129,0.4761117398738861,False,False,True,True,True,True
K16X18H,1250,6.337895160204547,2.142851732476506,0.001169524621218443,False,False,False,False,False,False
K23Y01O,1249,6.728719471670107,4.197735428013516,0.9964687824249268,True,True,True,True,True,True
K25O09V,1283,12.481756843838784,2.2424481348269305,0.4761117398738861,False,False,True,True,True,True
K18P22D,1296,12.644488912115651,4.346497976385395,0.99835205078125,True,True,True,True,True,True
K18P22D,1281,12.613701351700726,6.201342199707135,0.9265375733375549,True,True,True,True,True,True
K23Y01O,1328,6.77129476263638,2.782883409334584,0.06215094029903412,False,False,False,False,False,False
K18B05J,1330,9.741146837407843,3.595238629192903,0.9775893688201904,True,True,True,True,True,True
K25F23V,1351,10.747085198459525,4.357474000046198,0.0010872614802792668,False,False,False,False,False,False
K25O07Y,1361,15.7978872949736,3.0607953428809567,0.00039212789852172136,False,False,False,False,False,False
K22P20K,1379,6.443833508067038,8.186346831592328,0.2545118033885956,False,False,False,False,False,True
K22P20K,1436,8.851945337629989,5.309059481839164,0.07658688724040985,False,False,False,False,False,False
K22P20K,1439,8.900502668251452,4.804982687566695,0.9984833598136902,True,True,True,True,True,True
K22P20K,1449,8.882974185975678,3.220448874133534,0.010757728479802608,False,False,False,False,False,False
K22P20K,1455,8.895974413388972,4.031388382890127,0.9911892414093018,True,True,True,True,True,True
K25M00V,1522,9.46139095950886,2.487680204530744,0.997504472732544,True,True,True,True,True,True
K25O02E,1530,8.800864085168763,3.5179884066429072,0.9777535796165466,True,True,True,True,True,True
K25N01U,1616,8.485565125166266,4.189973903754665,0.9411721229553223,True,True,True,True,True,True
K25O01D,1615,9.720905928356396,4.346343054793295,0.9977629780769348,True,True,True,True,True,True
K25O11L,1614,21.54698420119857,2.119630217428474,0.995927631855011,True,True,True,True,True,True
K25O09W,1704,9.586423887017162,3.405868513072758,0.9973635077476501,True,True,True,True,True,True
K25D49K,1716,8.516184232317078,2.7995317997911813,0.008674846030771732,False,False,False,False,False,False
K25P00H,1726,9.724245421741967,6.097567054184505,0.05912578105926514,False,False,False,False,False,False
K17D15S,1739,6.578492383119003,3.5693279153940964,0.9413474798202515,True,True,True,True,True,True
K22P00J,1753,8.538049272798006,3.988115783964299,0.9980936646461487,True,True,True,True,True,True
K23B08P,1767,14.551230532398757,2.295130975765052,0.2851443886756897,True,False,True,False,True,True
K18B05E,1789,15.26292097340304,3.642974079493121,0.9912895560264587,True,True,True,True,True,True
K25O09W,1773,8.114379863760975,7.92568892784373,0.4761117398738861,False,False,True,True,True,True
K25O01U,1807,26.97886640193469,9.648053656396996,0.4761117398738861,False,False,True,True,True,True
K25O09W,1836,8.319296391189527,3.289881371062121,0.9885507822036743,True,True,True,True,True,True
K25O09V,1850,13.610059389767931,3.4524642309911107,0.04544217512011528,False,False,False,False,False,False
K25P01B,1852,10.322902782946688,3.2883281920164102,0.9994013905525208,True,True,True,True,True,True
K20B05A,1887,7.041348616390051,2.841889167693328,0.0011273883283138275,False,False,False,False,False,False
K25P00K,1868,7.71853301716017,6.161790322481834,0.2947518825531006,False,False,True,False,True,True
K25N01J,1885,6.805312496726567,2.3944966838487947,0.0027197059243917465,False,False,False,False,False,False
K25N01U,1900,8.943638596965693,3.5101669211960465,0.5214515924453735,True,True,True,True,True,True
K25A02H,1889,6.591192616937514,2.890936017307594,0.9975970983505249,True,True,True,True,True,True
K25O17H,1934,9.823672426402355,2.028703858469261,0.0006982097984291613,False,False,False,False,False,False
K24O02N,1974,10.28070017097977,7.430076642495658,0.8716416954994202,True,True,True,True,True,True
K25O11L,2037,24.55668016827581,2.657889206551359,0.9632431864738464,True,True,True,True,True,True
K25N01U,2040,9.070787336483775,2.7790769534039703,0.008012421429157257,False,False,False,False,False,False
K25O09V,2038,12.710608739222412,2.9778380069642494,0.3568209707736969,False,False,True,True,True,True
K25O09V,2036,12.702584905565118,2.124679159684644,0.5470304489135742,True,True,True,True,True,True
K13T04M,2067,15.89490258200262,3.3761764477027745,0.4761117398738861,False,False,True,True,True,True
K14A16B,2084,6.64541364804091,3.2792990444986345,0.017916550859808922,False,False,False,False,False,False
K25O10K,2086,20.01449578047329,4.370185248353274,0.015847954899072647,False,False,False,False,False,False
K19J00M,2144,18.7019319610374,2.1651515700025743,0.059540241956710815,False,False,False,False,True,False
K22P00J,2186,9.728543009068956,8.22074368615693,0.4761117398738861,False,False,True,True,True,True
K19J00M,2223,13.669169173994968,4.641798130587502,0.00016361438611056656,False,False,False,False,False,False
K19J00M,2242,13.660041664308014,7.205611099266827,8.214920671889558e-05,False,False,False,False,False,False
K19J00M,2252,13.664087966040752,8.134321122684602,0.0002529349294491112,False,False,False,False,False,False
K19J00M,2226,13.64714255776331,3.342207845398934,0.000426058832090348,False,False,False,False,False,False
K19J00M,2228,13.676664182947572,2.3862322861028185,0.952038049697876,True,True,True,True,True,True
K19J00M,2240,13.665515457147343,5.735061149590863,0.002080728067085147,False,False,False,False,False,False
K19J00M,2255,13.681530066948886,2.6013492044899205,0.000640835496596992,False,False,False,False,False,False
K19J00M,2241,13.687341324276222,5.704033521771724,0.000642061117105186,False,False,False,False,False,False
K19J00M,2234,13.661169881982213,2.1403204265863205,0.00011520479893079028,False,False,False,False,False,False
K19J00M,2243,13.675747186324902,4.225057178827845,0.5573784112930298,True,True,True,True,True,True
K19J00M,2225,13.642408706468183,3.2961302227891665,0.0001927488046931103,False,False,False,False,False,False
K19J00M,2229,13.685039613150808,2.960065603398997,0.998938798904419,True,True,True,True,True,True
K25O11L,2320,9.20008957481882,3.1030319000581805,0.997590959072113,True,True,True,True,True,True
K25O09P,2382,13.414462934147735,2.088824731633028,0.01128158625215292,False,False,False,False,False,False
K21J01U,2473,6.391386784893463,8.34618289371269,0.01636827364563942,False,False,False,False,False,False
K17Q02F,2499,9.034914441479604,4.771807532160124,0.9877598285675049,True,True,True,True,True,True
