area,bbox_h,bbox_w,aspect,elongation,max_p,mean_p,top5_mean_p,integrated_logit,frac_real_label_overlap,mf_snr,mf_n_line,mf_flux,mf_length,lmf_snr_30,lmf_flux_30,lmf_snr_60,lmf_flux_60,lmf_snr_90,lmf_flux_90,lmf_snr_120,lmf_flux_120,loc_med_z,loc_std_z,loc_max_z,loc_min_z,loc_skew,loc_pos_frac,loc_neg_frac,loc_sum_z,loc_dipole,loc_npos,loc_nneg,pcount,p_med_mf_snr,mf_snr_norm,area_ratio,masnr_30,maflux_30,meanang_30,masnr_50,maflux_50,meanang_50,masnr_80,maflux_80,meanang_80,lpca_snr_w48_t10_L50,lpca_flux_w48_t10_L50,lpca_elong_w48_t10,lpca_L_w48_t10,lpca_snr_w48_t10_L80,lpca_flux_w48_t10_L80,lpca_snr_w32_t05_L40,lpca_flux_w32_t05_L40,lpca_elong_w32_t05,lpca_L_w32_t05,lpca_snr_w64_t20_L60,lpca_flux_w64_t20_L60,lpca_elong_w64_t20,lpca_L_w64_t20,or_r,or_beta,or_n_pix,or_agg_max,or_agg_mean_loose,or_agg_mean_tight,or_snr_L30,or_flux_L30,or_snr_L50,or_flux_L50,or_snr_L80,or_flux_L80,ObjID,image_id,score_rf,trail_length,snr
608.0,31.0,30.0,1.0333333333333334,3.4531618537230018,0.9876761436462402,0.8549675941467285,0.9845368266105652,1247.1424560546875,0.0,2.355710983276367,142.0,456.21881103515625,42.13445281982422,3.072615146636963,528.4746704101562,1.6686041355133057,377.71234130859375,2.217639446258545,613.7576904296875,2.498793363571167,797.867919921875,0.026183439418673515,1.0065685510635376,3.708066463470459,-3.6520943641662598,-0.012498578056693077,0.022705078125,0.025634765625,46.04396057128906,0.05597209930419922,93.0,105.0,8.0,1.3515191078186035,1.0041918754577637,0.927536231884058,3.635608196258545,547.9403686523438,30.0,3.856691837310791,757.35302734375,15.0,2.823517084121704,724.6729736328125,15.0,2.422220468521118,462.4450988769531,1.8535255193710327,53.30997085571289,1.2817741632461548,307.57196044921875,3.1225831508636475,596.1568603515625,3.139660596847534,43.92250442504883,2.4122605323791504,475.32415771484375,16.2679443359375,94.93590545654297,0.882975697517395,50.50387954711914,792.0,0.9813004732131958,0.6001545190811157,0.6918990015983582,3.1434693336486816,520.9942016601562,2.518167495727539,533.6002807617188,2.1439154148101807,566.1305541992188,K25F28Z,96,0.030316645075540303,9.612382115146588,3.4362678430678093
490.0,29.0,23.0,1.2608695652173914,1.9514452504966446,0.9948493838310242,0.9036020636558533,0.9927627444267273,1296.612060546875,0.0,2.66823148727417,91.0,263.0635681152344,32.700645446777344,2.1284337043762207,196.75311279296875,1.9930599927902222,256.45001220703125,2.2495715618133545,356.4103088378906,2.1567957401275635,393.73388671875,0.014160911552608013,0.988647997379303,3.6412694454193115,-4.046065807342529,0.08312803506851196,0.02685546875,0.01708984375,63.526878356933594,-0.4047963619232178,110.0,70.0,9.0,1.7545815706253052,0.9136499166488647,0.8277027027027027,3.453972578048706,338.6543273925781,105.0,3.1364545822143555,443.27813720703125,135.0,3.142988920211792,508.443115234375,90.0,1.6770004034042358,201.38009643554688,2.0420939922332764,31.4942569732666,1.984199047088623,298.5861511230469,2.4272022247314453,263.0987548828125,2.054612398147583,32.30562973022461,1.8241652250289917,238.47378540039062,2.0482277870178223,30.861562728881836,0.7956137657165527,67.5922622680664,560.0,0.9958747029304504,0.7347406148910522,0.7973193526268005,2.2474286556243896,209.04747009277344,1.392472743988037,167.8311767578125,1.8082858324050903,274.032958984375,K25F28Z,210,0.08144265763384537,9.794496677203378,5.015826148016036
784.0,35.0,40.0,1.1428571428571428,4.494709327163394,0.9969147443771362,0.854486882686615,0.9953047633171082,1734.049560546875,0.0,2.955606698989868,169.0,496.7999572753906,49.966976165771484,4.130816459655762,544.683349609375,3.3453593254089355,614.7662353515625,3.540611982345581,790.2745971679688,3.9350321292877197,1009.9222412109375,0.055627841502428055,1.0008856058120728,4.08146333694458,-4.155760288238525,0.013652630150318146,0.02685546875,0.02099609375,213.1569366455078,-0.07429695129394531,110.0,86.0,9.0,1.2686938047409058,1.6869128942489624,1.5223300970873785,3.881478786468506,531.1262817382812,45.0,4.169132709503174,727.23193359375,45.0,4.052599906921387,895.3992309570312,45.0,1.726183295249939,262.1911315917969,1.5574806928634644,88.70635986328125,1.8411399126052856,349.8688049316406,3.0740134716033936,456.6508483886719,4.501285076141357,64.80188751220703,0.9019066095352173,167.77926635742188,1.9630309343338013,117.2366943359375,0.8559170365333557,40.81364059448242,1106.0,0.9966968297958374,0.5686067342758179,0.652761697769165,4.130816459655762,544.683349609375,3.780979633331299,633.651611328125,3.6466410160064697,768.998291015625,K25F20L,252,0.13596488582345106,9.161232708584228,2.8066451743003125
376.0,22.0,22.0,1.0,1.4296653732178337,0.9951798915863037,0.9064034819602966,0.9928658604621887,1006.3878173828125,0.0,15.054121017456055,94.0,4855.79052734375,27.429807662963867,14.335833549499512,4863.8505859375,10.884909629821777,5069.8310546875,9.410789489746094,5404.73974609375,8.497724533081055,5539.98828125,0.021570052951574326,1.1729280948638916,7.314991474151611,-3.5151453018188477,0.6710248589515686,0.04638671875,0.02392578125,235.83676147460938,3.7998461723327637,190.0,98.0,13.0,1.420179843902588,13.633941650390625,1.0,15.187424659729004,4793.42578125,15.0,11.690237998962402,5056.119140625,60.0,9.48304557800293,5001.462890625,15.0,10.482230186462402,4493.12353515625,1.483893632888794,25.575958251953125,9.643424034118652,5193.05029296875,10.297656059265137,3965.80517578125,1.489350438117981,26.201906204223633,10.868568420410156,5139.11865234375,1.4717679023742676,24.818944931030273,0.6774260401725769,42.4902229309082,436.0,0.9964640736579895,0.7581416964530945,0.7842516303062439,14.71263313293457,4919.16845703125,10.482230186462402,4493.12353515625,9.643424034118652,5193.05029296875,K25F20L,277,0.19885092362834647,7.292731852907838,4.2308861165651415
509.0,28.0,25.0,1.12,2.1808181848846124,0.993838906288147,0.9030378460884094,0.9928833246231079,1349.9462890625,0.0,25.315948486328125,126.0,11773.7041015625,34.57882308959961,26.313982009887695,11118.26171875,17.933467864990234,10767.318359375,15.430933952331543,11147.119140625,14.65231704711914,12171.7490234375,0.0,1.2752599716186523,11.812613487243652,-3.7252681255340576,2.0179660320281982,0.047119140625,0.026123046875,486.0328063964844,8.087345123291016,193.0,107.0,8.0,2.865607738494873,22.450340270996094,0.8583473861720068,25.720020294189453,11277.529296875,45.0,20.496858596801758,11202.0,60.0,16.287071228027344,11210.66015625,60.0,19.9868106842041,10796.962890625,2.2007052898406982,33.00244140625,17.12228775024414,11613.4921875,23.682723999023438,11442.8642578125,2.2604942321777344,33.59897994995117,17.933467864990234,10767.318359375,2.2316439151763916,31.974605560302734,0.8041890263557434,52.5563850402832,581.0,0.9971128702163696,0.7666537761688232,0.8056749105453491,25.455238342285156,10858.34765625,20.54546356201172,11163.845703125,16.971330642700195,11553.9755859375,K25F20L,311,0.11912789930399811,6.582523264694413,7.62363304262598
270.0,23.0,18.0,1.2777777777777777,2.094821948256226,0.9468896985054016,0.7828004360198975,0.9429753422737122,383.732666015625,0.0,21.18022346496582,83.0,7949.02587890625,27.084781646728516,21.03615379333496,8446.416015625,15.292333602905273,8451.900390625,12.52931022644043,8465.4033203125,10.606791496276855,8232.705078125,0.04933202266693115,2.1686246395111084,37.89585494995117,-30.40201759338379,3.5885207653045654,0.05859375,0.03369140625,563.4710693359375,7.493837356567383,240.0,138.0,12.0,1.5533485412597656,19.626874923706055,1.7088607594936709,23.044706344604492,10268.5341796875,45.0,18.245763778686523,10278.439453125,45.0,18.52252197265625,11967.560546875,30.0,12.299019813537598,5973.40869140625,14.258316993713379,66.05281066894531,24.6894588470459,14773.9677734375,18.94938850402832,9334.8544921875,4.762300968170166,53.651668548583984,11.463423728942871,5917.0947265625,4.127767086029053,70.65107727050781,0.21337904036045074,46.216407775878906,767.0,0.9171915054321289,0.3519977927207947,0.37651345133781433,23.10847282409668,9567.0107421875,18.783987045288086,9939.71875,18.90149688720703,12579.42578125,K25F20L,305,0.039402366166061034,6.583083281963455,9.832728524546615
1183.0,64.0,37.0,1.7297297297297298,11.2757975493831,0.9984719753265381,0.9309272170066833,0.9983382225036621,3966.777099609375,0.0,8.022928237915039,186.0,4794.98193359375,70.38973236083984,4.084925174713135,1601.13037109375,9.003399848937988,4990.73046875,7.164664268493652,4823.357421875,5.775524139404297,4499.17138671875,0.0,1.0760148763656616,5.853799343109131,-4.082793712615967,0.4055260419845581,0.038818359375,0.027587890625,179.3636932373047,1.771005630493164,159.0,113.0,7.0,1.932072401046753,6.090855598449707,2.7704918032786887,3.2533910274505615,1352.5555419921875,15.0,7.609040260314941,4398.474609375,60.0,6.635187149047852,4830.64697265625,60.0,9.915475845336914,5048.68212890625,10.707391738891602,70.56184387207031,8.160956382751465,5207.2275390625,8.869315147399902,3982.743408203125,10.027484893798828,71.91972351074219,9.003399848937988,4990.73046875,11.003192901611328,68.84930419921875,0.9444345235824585,69.1774673461914,1375.0,0.9969378709793091,0.8040420413017273,0.8373894095420837,3.8686208724975586,1572.1826171875,8.718680381774902,4520.76953125,6.183659076690674,4019.33740234375,K25F20L,291,0.12065241769602618,6.592880201991045,4.113967194858302
479.0,23.0,26.0,1.1304347826086956,1.4189095853342122,0.9980456233024597,0.9350427985191345,0.997574508190155,1603.6593017578125,0.0,2.848803758621216,81.0,321.563720703125,30.388742446899414,2.729583740234375,306.1987609863281,3.7358455657958984,592.667236328125,1.5290074348449707,297.0826110839844,1.8096133470535278,407.26373291015625,0.020130179822444916,0.9984327554702759,3.7116103172302246,-3.5120277404785156,0.0691550150513649,0.027587890625,0.018310546875,149.21990966796875,0.19958257675170898,113.0,75.0,5.0,2.5623981952667236,0.2864055633544922,0.7639553429027113,4.1417717933654785,486.1297912597656,30.0,5.4832892417907715,836.631103515625,165.0,2.9194469451904297,557.7076416015625,165.0,2.5055620670318604,369.15325927734375,1.3842087984085083,28.478574752807617,2.0309512615203857,376.0882263183594,3.0003511905670166,394.6666564941406,1.4065402746200562,30.98819923400879,2.863182306289673,457.0550537109375,1.4258785247802734,28.17755126953125,0.6183814406394958,157.08802795410156,539.0,0.9968229532241821,0.7845854163169861,0.8357272744178772,2.729583740234375,306.1987609863281,4.1309428215026855,601.9744873046875,1.6630021333694458,303.6845703125,K25F20L,308,0.18653737981759508,8.35086219058623,2.6664569252149395
938.0,53.0,33.0,1.606060606060606,6.844736570000481,0.9960964322090149,0.8299885988235474,0.9947386980056763,1883.9371337890625,0.0,2.002837896347046,152.0,321.8194580078125,61.66889953613281,3.386523962020874,384.77392578125,2.270784616470337,358.82220458984375,0.8937264680862427,171.97984313964844,0.9204666018486023,203.93963623046875,0.012241005897521973,0.9970514178276062,3.5660550594329834,-3.6366021633148193,0.09620800614356995,0.02392578125,0.02001953125,127.25181579589844,-0.07054710388183594,98.0,82.0,9.0,2.002837896347046,0.0,1.5844594594594594,3.386523962020874,434.01348876953125,60.0,3.0710294246673584,483.62091064453125,75.0,3.499087333679199,700.5763549804688,75.0,1.308766484260559,211.67384338378906,6.335304260253906,83.53119659423828,1.7429624795913696,351.91546630859375,3.4973769187927246,478.0611572265625,5.863835334777832,67.42855834960938,0.5766898393630981,101.67461395263672,10.095993041992188,98.47175598144531,0.8958209156990051,64.79405975341797,1619.0,0.9965857267379761,0.5453448295593262,0.5789793729782104,3.9236273765563965,457.3802795410156,4.349841594696045,656.2518310546875,3.1914267539978027,598.431884765625,K25F20L,288,0.06853977665602887,8.366290892602587,2.9946191725163214
238.0,20.0,18.0,1.1111111111111112,1.667588812411383,0.91350257396698,0.6601304411888123,0.8957902789115906,167.09359741210938,0.0,2.2723143100738525,88.0,657.9168090820312,25.053335189819336,2.683467149734497,828.2425537109375,2.1818363666534424,957.10400390625,1.4812145233154297,786.5477294921875,2.1456925868988037,1307.859375,-0.015549849718809128,0.9750927090644836,3.4892191886901855,-3.2674877643585205,0.059778906404972076,0.0205078125,0.0166015625,61.456321716308594,0.22173142433166504,84.0,68.0,5.0,1.4088780879974365,0.863436222076416,1.0,3.0607128143310547,954.078125,135.0,3.3484549522399902,1323.51123046875,135.0,2.0940005779266357,1018.3522338867188,105.0,2.0446293354034424,772.896728515625,3.153186321258545,35.100990295410156,0.7221253514289856,343.8446960449219,2.1575541496276855,729.4803466796875,3.301222085952759,38.01456069946289,1.9432724714279175,804.69482421875,3.1273348331451416,33.534461975097656,0.9006977677345276,101.19806671142578,549.0,0.8258357048034668,0.38518497347831726,0.42098578810691833,1.929930567741394,565.0985717773438,2.0446293354034424,772.896728515625,0.7221253514289856,343.8446960449219,K20M02Y,354,0.010888164421026612,10.18521172307774,2.6161800299351707
686.0,31.0,35.0,1.1290322580645162,3.2962991625607154,0.9728038311004639,0.8415274024009705,0.9714363813400269,1318.121337890625,0.0,2.2774994373321533,146.0,1627.9368896484375,42.52848434448242,2.879314661026001,1737.035400390625,2.6236984729766846,2205.933837890625,2.171999216079712,2225.477294921875,2.655089855194092,3149.162841796875,0.019825562834739685,0.9560084939002991,3.672636032104492,-3.3917582035064697,0.03673557564616203,0.017333984375,0.01416015625,68.24581909179688,0.28087782859802246,71.0,58.0,11.0,1.5848057270050049,0.6926937103271484,1.3584158415841585,3.209200143814087,1850.38232421875,0.0,3.4162981510162354,2408.2568359375,30.0,3.196248769760132,2772.443359375,30.0,2.566502571105957,1979.561767578125,3.3974077701568604,43.59028625488281,2.4214725494384766,2345.03759765625,2.2629363536834717,1561.150146484375,3.388305425643921,44.99853515625,0.6612829566001892,555.9885864257812,9.393961906433105,105.61988067626953,0.8544275164604187,39.78419494628906,865.0,0.9710331559181213,0.6299754977226257,0.6685010194778442,1.9423518180847168,1171.78369140625,1.89461350440979,1457.0245361328125,1.763238787651062,1701.1978759765625,K22M01M,603,0.030762592887695714,10.43332048981149,2.1032650889842226
622.0,37.0,23.0,1.608695652173913,3.5577519070505725,0.9920637607574463,0.8767831921577454,0.9907678365707397,1458.4075927734375,0.0,2.8669800758361816,122.0,2017.5894775390625,41.62968063354492,2.5443081855773926,1537.868408203125,1.1589081287384033,976.7788696289062,0.47920894622802734,487.5545654296875,0.6260506510734558,740.87890625,0.01600465551018715,0.9905523657798767,3.507199287414551,-3.122570276260376,-0.007831435650587082,0.021240234375,0.02099609375,13.117081642150879,0.3846290111541748,87.0,86.0,3.0,2.5918054580688477,0.275174617767334,1.0,2.8372750282287598,1714.94775390625,75.0,2.608518600463867,1903.3905029296875,60.0,1.6899290084838867,1729.444091796875,45.0,2.196406126022339,1690.8975830078125,3.6504292488098145,41.05550765991211,0.4544762372970581,444.83135986328125,2.518463134765625,1728.1953125,3.5888760089874268,41.755184173583984,1.1589081287384033,976.7788696289062,3.687704563140869,40.52083969116211,0.8607807755470276,70.77706909179688,722.0,0.9930452704429626,0.7311662435531616,0.765035092830658,2.83379864692688,1684.05712890625,2.752260208129883,2074.826171875,2.074198007583618,1977.8914794921875,K22M01M,602,0.029113731011686184,10.43576489682018,3.2981419176430973
595.0,44.0,30.0,1.4666666666666666,7.031003974161643,0.8601982593536377,0.6715345978736877,0.8539398312568665,447.1910705566406,0.0,0.0,131.0,0.0,52.874176025390625,0.0,0.0,0.0,0.0,0.1644458770751953,25.347679138183594,-0.12971659004688263,-19.21265983581543,0.0,1.0636907815933228,8.506049156188965,-8.12341594696045,-0.10035230964422226,0.03955078125,0.0390625,-20.861297607421875,0.3826332092285156,162.0,160.0,11.0,0.0,0.0,5.776699029126213,0.6422916054725647,51.89488220214844,30.0,0.5588876605033875,62.35761260986328,45.0,1.0085759162902832,128.84597778320312,30.0,0.0,0.0,8.292241096496582,95.55711364746094,-0.08629230409860611,-12.238778114318848,0.0,0.0,7.851898670196533,79.39706420898438,-0.4583381712436676,-54.16740036010742,2.631990909576416,129.34877014160156,0.8357510566711426,120.01604461669922,1850.0,0.8337845802307129,0.32100909948349,0.36206772923469543,0.0,0.0,0.0,0.0,0.0,0.0,K13Y38E,608,0.03458454186416605,11.27357998068063,3.359264118686092
210.0,18.0,29.0,1.6111111111111112,2.814829757907377,0.8782302737236023,0.7172845602035522,0.8698786497116089,205.81106567382812,0.0,3.833644151687622,88.0,1439.9119873046875,31.484407424926758,2.9917800426483154,1084.724365234375,2.847961664199829,1486.761962890625,3.074801206588745,1887.2689208984375,1.5236185789108276,1018.969482421875,0.14343518018722534,1.527582049369812,16.526357650756836,-5.148594856262207,1.5778251886367798,0.08896683901548386,0.06728316098451614,544.6392211914062,11.377762794494629,279.0,211.0,4.0,3.2586679458618164,0.5749762058258057,1.0909090909090908,19.54844856262207,7904.87890625,150.0,16.809497833251953,8877.939453125,150.0,13.624594688415527,7998.81494140625,150.0,5.696746349334717,2802.839111328125,7.45863676071167,73.23008728027344,5.054283142089844,2890.39697265625,5.180877208709717,2515.039306640625,4.320603370666504,62.896644592285156,5.388334274291992,2812.94873046875,8.417766571044922,76.01164245605469,0.4828387200832367,138.8604278564453,1031.0,0.9214626550674438,0.2911093235015869,0.309099018573761,14.188761711120605,5793.53955078125,11.346232414245605,5817.7685546875,9.89394760131836,5616.30224609375,K25N01T,749,0.03770263252522876,6.560612812198926,6.560754022432057
517.0,31.0,21.0,1.4761904761904763,2.1779853281908026,0.9909565448760986,0.8892353177070618,0.9882640838623047,1258.413330078125,0.0,3.626692056655884,106.0,2861.755126953125,34.15036392211914,3.725605010986328,2768.40478515625,3.4962587356567383,3624.916015625,2.75724458694458,3491.60791015625,3.613379716873169,5283.63916015625,0.025558918714523315,1.3137096166610718,4.958228588104248,-5.376145839691162,0.074891597032547,0.070068359375,0.0595703125,183.47354125976562,-0.41791725158691406,287.0,244.0,7.0,1.789120078086853,1.8375719785690308,1.943609022556391,4.449988842010498,3609.41455078125,45.0,4.325354099273682,4245.33984375,45.0,3.1842081546783447,4054.3837890625,60.0,2.8359899520874023,2679.756591796875,4.348341464996338,58.937843322753906,1.6897695064544678,2006.3280029296875,1.950985312461853,1637.9984130859375,4.823559284210205,53.47244644165039,3.4962587356567383,3624.916015625,2.2769675254821777,32.16508483886719,0.8289130330085754,84.5647201538086,627.0,0.993572473526001,0.6142332553863525,0.7526317834854126,4.104223728179932,3017.12841796875,3.149076223373413,2975.594970703125,3.314509868621826,3951.80810546875,K25N00K,888,0.1812450421292948,8.656088864272773,2.292199484936755
689.0,36.0,33.0,1.0909090909090908,4.2774809662511375,0.9995107054710388,0.9426783919334412,0.999433696269989,3028.471923828125,0.0,22396057600.0,153.0,22396.05859375,45.687992095947266,20081053696.0,20081.052734375,22256007168.0,22256.0078125,24211775488.0,24211.775390625,21315786752.0,21315.787109375,804416128.0,14195006464.0,53484716032.0,-46747025408.0,0.06659509241580963,0.524658203125,0.475341796875,4119045079040.0,6737690624.0,2149.0,1947.0,11.0,0.0,22396057600.0,16.804878048780488,20530980864.0,20530.98046875,135.0,23458082816.0,23458.08203125,135.0,23733981184.0,23733.98046875,135.0,8302382592.0,8302.3828125,2.503840923309326,67.60111999511719,6377141248.0,6377.14111328125,21678866432.0,21678.8671875,4.311435699462891,46.09299087524414,8900139008.0,8900.138671875,2.530245542526245,68.07833862304688,0.9253547191619873,134.6066436767578,868.0,0.9980170726776123,0.7190583944320679,0.7800391316413879,20530980864.0,20530.98046875,20468989952.0,20468.990234375,19422959616.0,19422.958984375,K25M89D,876,0.20692674505019065,35.3198931500674,3.4221372827693304
773.0,30.0,42.0,1.4,4.156273799612121,0.9988739490509033,0.9284634590148926,0.9987608194351196,3040.161376953125,0.0,3.085174798965454,110.0,3444.0595703125,47.389583587646484,3.847942352294922,3753.7275390625,3.020725965499878,3804.25732421875,2.185945510864258,3634.366943359375,1.23427152633667,2357.3994140625,-0.010932853445410728,1.008944034576416,3.581352710723877,-3.611013174057007,0.07836450636386871,0.02734375,0.02099609375,78.13551330566406,-0.029660463333129883,112.0,86.0,11.0,1.173664927482605,1.9115098714828491,1.385304659498208,4.072347640991211,4019.653564453125,150.0,3.9740183353424072,5040.44140625,150.0,3.3474197387695312,5722.87890625,135.0,0.4232865869998932,511.7099914550781,3.9037537574768066,79.56504821777344,0.5055092573165894,759.0147094726562,3.407780170440674,4229.953125,3.459552049636841,63.1147575378418,-0.0418415293097496,-60.081085205078125,1.7312116622924805,128.32420349121094,0.959870457649231,157.3655548095703,1599.0,0.9976480603218079,0.7395229935646057,0.7731910943984985,3.6498749256134033,3602.647216796875,3.701162099838257,4594.11767578125,3.145212411880493,4920.0712890625,K25N00T,881,0.4597874646375376,24.698979152344613,4.5240356996644
881.0,34.0,44.0,1.2941176470588236,4.840075740612602,0.9980352520942688,0.8966277837753296,0.9978540539741516,2381.272216796875,0.0,3.55210280418396,180.0,4037.90185546875,51.48617172241211,5.8526387214660645,5105.50390625,3.30572509765625,4039.54443359375,0.8060668110847473,1194.7188720703125,-0.053591545671224594,-91.494140625,0.007486706133931875,1.199092984199524,5.837086200714111,-3.7695932388305664,0.015501081012189388,0.04833984375,0.05078125,79.93006896972656,2.067492961883545,198.0,208.0,6.0,2.106153726577759,1.4459490776062012,1.0051340559041644,5.991943359375,5372.923828125,135.0,4.846106052398682,4961.3896484375,165.0,4.5749616622924805,5954.94091796875,165.0,3.704200506210327,4116.1640625,4.779551982879639,50.04023361206055,1.6343156099319458,2300.51171875,4.058131217956543,4068.404296875,4.608854293823242,50.904239654541016,0.26398396492004395,317.8975830078125,8.16899299621582,105.42295837402344,0.9738649129867554,146.15782165527344,986.0,0.996709942817688,0.8135806322097778,0.8360257744789124,5.227065563201904,4602.60595703125,3.704200506210327,4116.1640625,2.079279899597168,2916.23291015625,K25N00T,887,0.32365645217942685,24.67616442237012,2.494345098431553
42.0,8.0,9.0,1.125,1.6394505616327295,0.548728346824646,0.31453508138656616,0.49169182777404785,-33.85323715209961,0.0,0.8957491517066956,46.0,1428.561767578125,12.468609809875488,1.2656043767929077,2990.834228515625,0.1125817820429802,370.620849609375,-15.105820655822754,-61111.6328125,-39.288326263427734,-176982.46875,0.02590361051261425,0.9539451599121094,3.484811544418335,-3.2478485107421875,0.03346584737300873,0.023193359375,0.017578125,119.69013977050781,0.23696303367614746,95.0,72.0,5.0,0.8957491517066956,0.0,1.0,2.8064539432525635,6119.85107421875,30.0,3.1428422927856445,8990.568359375,165.0,2.4210736751556396,8745.7626953125,165.0,0.3150233328342438,863.864990234375,11.075485229492188,97.13642883300781,0.5952452421188354,2047.5594482421875,0.29545313119888306,801.2132568359375,20.841392517089844,50.989444732666016,0.37073174118995667,1112.979736328125,3.8754866123199463,64.01704406738281,0.4771708846092224,25.331863403320312,544.0,0.18453244864940643,0.04140030965209007,0.04177338257431984,1.647434949874878,3550.435302734375,-0.0938795953989029,-255.5390625,-0.5345838665962219,-1838.892822265625,K25O02D,948,0.05060310911165386,13.069964862250147,7.270977208840898
18.0,6.0,4.0,1.5,3.327629399761875,0.6855894327163696,0.6032698154449463,0.6616933345794678,7.61474609375,0.0,5.971498012542725,32.0,2579.744140625,9.20119571685791,12.736978530883789,9480.833984375,17.06146812438965,17578.0390625,17.5881404876709,22070.90625,20.628559112548828,29973.78125,0.46928656101226807,1.6499857902526855,7.30485200881958,-9.309511184692383,-0.1398959904909134,0.15380859375,0.059326171875,1913.0697021484375,-2.0046591758728027,630.0,243.0,10.0,4.107186317443848,1.864311695098877,0.12811387900355872,12.791224479675293,9267.267578125,75.0,19.34645652770996,18249.03515625,75.0,22.781152725219727,26726.98828125,75.0,18.676448822021484,17468.607421875,7.644660472869873,77.88758850097656,23.12849998474121,26903.5625,18.15949249267578,15191.919921875,5.397102355957031,66.47945404052734,8.613921165466309,9395.8115234375,4.031588554382324,112.54280090332031,0.6233521699905396,45.60428237915039,768.0,0.7683165669441223,0.1732468158006668,0.2163681536912918,9.43796443939209,7627.912109375,8.4798002243042,8736.5439453125,6.682286262512207,8196.96875,K25O04L,931,0.016275819872302262,10.810647038875324,7.190622568313992
1121.0,60.0,34.0,1.7647058823529411,8.501067864240222,0.9781556725502014,0.789568305015564,0.9775433540344238,1774.37744140625,0.0,6.624008655548096,186.0,3341.469970703125,67.69361877441406,9.393633842468262,3146.3046875,8.081672668457031,3804.6875,6.5488715171813965,3752.60009765625,5.0251264572143555,3324.927734375,0.0,2.703591823577881,14.9348783493042,-14.387004852294922,0.01511235162615776,0.161865234375,0.140380859375,394.830078125,0.5478734970092773,663.0,575.0,18.0,3.988903522491455,2.6351051330566406,22.877551020408163,11.02987289428711,4126.0263671875,120.0,12.927983283996582,6450.99462890625,135.0,13.605878829956055,8599.599609375,135.0,14.959148406982422,7214.255859375,6.544445514678955,92.95478057861328,11.451422691345215,6908.12939453125,12.585566520690918,4701.46337890625,9.235135078430176,79.17442321777344,1.0812323093414307,576.7809448242188,3.977618455886841,127.49565887451172,0.41398903727531433,120.49744415283203,2083.0,0.991748571395874,0.5697762966156006,0.6022788286209106,11.02987289428711,3556.620361328125,12.685467720031738,6189.296875,9.723306655883789,5974.8740234375,K22Y06N,962,0.03305692147699239,8.580182409053599,7.324656284557051
575.0,33.0,22.0,1.5,2.576260083551665,0.9964687824249268,0.8968011140823364,0.9951484799385071,1482.6988525390625,0.0,2.241905927658081,104.0,2075.778076171875,37.483455657958984,2.689885377883911,2316.871337890625,1.566222071647644,1886.4989013671875,1.615723967552185,2365.37890625,0.02407681755721569,40.72027587890625,0.0,1.0454857349395752,3.8352880477905273,-3.4670262336730957,-0.0009344656718894839,0.0322265625,0.028076171875,92.34981536865234,0.36826181411743164,132.0,115.0,4.0,1.8337641954421997,0.40814173221588135,1.7503805175038052,4.231905460357666,3869.84130859375,120.0,4.012651443481445,4805.6591796875,120.0,4.140111923217773,6244.7275390625,120.0,1.1024882793426514,1312.75927734375,5.9122633934021,70.83944702148438,1.0509402751922607,1567.8582763671875,1.7674522399902344,1772.4520263671875,2.664043664932251,36.8354606628418,1.776518702507019,2303.73095703125,4.281843662261963,69.65294647216797,0.8783831000328064,101.81068420410156,771.0,0.9970875382423401,0.620310366153717,0.6902714967727661,2.0889503955841064,1838.81884765625,1.532468318939209,1704.056640625,1.630129098892212,2273.65673828125,K23Y01O,1249,0.1798422367930935,6.728719471670107,4.197735428013516
537.0,21.0,32.0,1.5238095238095237,2.204371455652213,0.99835205078125,0.9353948831558228,0.9981009364128113,1911.09619140625,0.0,1.8107081651687622,110.0,810.8953247070312,35.2301025390625,0.9129213690757751,373.8929748535156,1.9242199659347534,1102.328369140625,2.218204975128174,1570.68115234375,0.3788801431655884,308.6544494628906,-0.009352698922157288,1.518317699432373,5.2274322509765625,-4.78068733215332,-0.015276717953383923,0.093505859375,0.102783203125,-88.10489654541016,0.4467449188232422,383.0,421.0,12.0,2.556182384490967,-0.7454742193222046,1.4732510288065843,5.153188705444336,2328.654541015625,45.0,4.08699369430542,2275.01416015625,165.0,3.264251470565796,2315.5712890625,150.0,1.5182545185089111,807.105712890625,2.277357816696167,33.386837005615234,2.4778459072113037,1652.681640625,2.1148180961608887,1005.5504760742188,2.2337732315063477,34.22016906738281,2.0262887477874756,1176.812255859375,2.224855661392212,32.3486442565918,0.8881427049636841,177.91940307617188,603.0,0.9980941414833069,0.8207146525382996,0.850130021572113,1.0883671045303345,450.56695556640625,0.3272378146648407,173.95997619628906,1.0618531703948975,708.23828125,K18P22D,1296,0.1695034553743254,12.644488912115651,4.346497976385395
168.0,18.0,18.0,1.0,5.110512297354504,0.9265375733375549,0.7416231036186218,0.9179908633232117,197.48593139648438,0.0,7.805939674377441,88.0,4097.68017578125,25.201231002807617,8.436605453491211,4744.60400390625,11.535944938659668,8991.3642578125,7.89992618560791,7528.2421875,8.169547080993652,8958.4970703125,0.7232341766357422,9.781088829040527,1.1515766382217407,-95.52449798583984,-5.871701717376709,0.0,0.13330078125,-7272.9296875,-94.3729248046875,0.0,546.0,14.0,7.191433906555176,0.6145057678222656,1.0666666666666667,8.826553344726562,5227.23095703125,135.0,11.286347389221191,8520.4130859375,135.0,12.883414268493652,11977.248046875,120.0,10.820540428161621,7941.17431640625,2.8940625190734863,116.9419937133789,12.945976257324219,11815.365234375,8.502111434936523,5211.814453125,1.3180501461029053,74.54023742675781,11.535944938659668,8991.3642578125,3.096585273742676,148.23953247070312,0.04341079667210579,127.31670379638672,2359.0,0.8963483572006226,0.1977478414773941,0.24608565866947174,8.677165031433105,4999.220703125,10.820540428161621,7941.17431640625,13.031135559082031,11982.17578125,K18P22D,1281,0.041710904420002616,12.613701351700726,6.201342199707135
641.0,31.0,34.0,1.096774193548387,3.6375600287563508,0.9775893688201904,0.817510187625885,0.9737790822982788,1132.27001953125,0.0,3.117805242538452,140.0,3155.95166015625,41.73351287841797,4.078892707824707,3558.57666015625,2.4763050079345703,3010.90576171875,1.5330467224121094,2256.4130859375,0.22813382744789124,382.4482421875,0.017739247530698776,0.9916617274284363,3.960963249206543,-3.599334478378296,0.004247244913130999,0.023681640625,0.021728515625,49.535057067871094,0.36162877082824707,97.0,89.0,9.0,0.4996035099029541,2.618201732635498,2.446564885496183,3.665645122528076,3167.144287109375,45.0,3.0527865886688232,3319.782470703125,60.0,3.114158868789673,4230.1884765625,60.0,1.4075742959976196,1424.7960205078125,5.579091548919678,71.51164245605469,1.5368531942367554,1950.118896484375,2.430581569671631,2424.917724609375,7.377429008483887,64.03080749511719,2.170616865158081,2456.515869140625,7.366440773010254,72.99146270751953,0.4983927309513092,23.1901912689209,1526.0,0.9826458692550659,0.4114443063735962,0.44526347517967224,0.948276162147522,725.599853515625,1.5394271612167358,1530.18310546875,1.4523708820343018,1809.10107421875,K18B05J,1330,0.05863133128487145,9.741146837407843,3.595238629192903
756.0,42.0,23.0,1.826086956521739,3.726960666195246,0.9984833598136902,0.8791905045509338,0.9976423382759094,1855.48291015625,0.0,4.119293689727783,138.0,735.0452880859375,46.03614044189453,3.5288889408111572,508.52349853515625,3.8649723529815674,787.652099609375,2.52266788482666,629.64208984375,1.8182412385940552,524.028076171875,0.01837974786758423,1.0099717378616333,3.7303643226623535,-3.456815481185913,0.03424040973186493,0.024169921875,0.0205078125,178.87081909179688,0.27354884147644043,99.0,84.0,6.0,1.407191514968872,2.712102174758911,1.4413727359389896,3.679960012435913,544.8245849609375,90.0,3.4423751831054688,705.4166259765625,45.0,3.9410316944122314,994.5262451171875,120.0,4.441234588623047,831.7202758789062,3.840623140335083,44.69859313964844,3.940401315689087,927.252197265625,3.7086236476898193,622.220703125,3.9945216178894043,45.974891662597656,1.799637794494629,382.7056884765625,11.721810340881348,110.62718200683594,0.9099799990653992,98.77778625488281,858.0,0.9990697503089905,0.7693747282028198,0.7955853939056396,3.5288889408111572,508.52349853515625,4.441234588623047,831.7202758789062,4.257566452026367,1001.88720703125,K22P20K,1439,0.22849915433817392,8.900502668251452,4.804982687566695
599.0,34.0,22.0,1.5454545454545454,2.680147729863823,0.9911892414093018,0.8770301342010498,0.9899155497550964,1386.527587890625,0.0,3.004328727722168,116.0,515.0682373046875,37.418819427490234,1.8895596265792847,288.4980163574219,2.4480843544006348,521.3641967773438,1.2164283990859985,321.1006774902344,0.22854773700237274,69.12240600585938,0.0098942331969738,1.0086007118225098,3.9356846809387207,-3.58267879486084,0.10838841646909714,0.02783203125,0.019775390625,100.99122619628906,0.35300588607788086,114.0,81.0,4.0,3.071192741394043,-0.066864013671875,1.056437389770723,3.1970722675323486,482.794189453125,165.0,2.7737770080566406,570.7540283203125,105.0,2.988333225250244,744.5611572265625,0.0,1.9967191219329834,394.4261169433594,2.8423759937286377,36.39191436767578,0.7030057311058044,173.36155700683594,2.1723005771636963,385.0517272949219,2.7186291217803955,37.35126876831055,1.0337282419204712,220.765380859375,2.7223012447357178,35.438785552978516,0.8061642050743103,95.43086242675781,697.0,0.9908578991889954,0.7381219863891602,0.7778493762016296,1.8895596265792847,288.4980163574219,1.8003126382827759,350.9796142578125,1.803057312965393,441.84710693359375,K22P20K,1455,0.05519624612176431,8.895974413388972,4.031388382890127
502.0,22.0,29.0,1.3181818181818181,1.7786714610585064,0.9979655146598816,0.9347756505012512,0.9976580739021301,1773.489990234375,0.0,6.275388717651367,100.0,730.5701293945312,32.66423797607422,7.328371524810791,818.3190307617188,5.079100608825684,802.0787353515625,1.7586406469345093,336.4187927246094,3.618476629257202,799.27880859375,0.030348675325512886,1.1378974914550781,10.23634147644043,-10.88801097869873,-0.03721754997968674,0.037841796875,0.03759765625,89.12104797363281,-0.6516695022583008,155.0,154.0,3.0,6.275388717651367,0.0,1.0,6.4965620040893555,796.32958984375,15.0,5.462453842163086,791.7259521484375,0.0,6.660280227661133,1288.155517578125,30.0,5.549920558929443,801.8043212890625,7.8807053565979,63.879302978515625,4.754336833953857,857.4658203125,6.687034606933594,852.796630859375,1.795548915863037,31.389738082885742,6.044436454772949,944.08984375,25.58513069152832,80.2746810913086,0.7858232259750366,173.79608154296875,629.0,0.9971535205841064,0.7432199716567993,0.7796794772148132,7.328371524810791,818.3190307617188,5.0729498863220215,723.3150024414062,3.8636391162872314,702.607421875,K25M00V,1522,0.22868725277351262,9.46139095950886,2.487680204530744
410.0,22.0,26.0,1.1818181818181819,1.8341133794522277,0.9777535796165466,0.7963221669197083,0.9764474034309387,684.7135009765625,0.0,6.0310773849487305,86.0,1384.247802734375,29.924421310424805,6.0310773849487305,1384.247802734375,3.395698070526123,1086.0679931640625,2.7514772415161133,1070.2471923828125,3.1212892532348633,1401.2049560546875,-0.005118737928569317,0.9865657687187195,4.810108661651611,-3.45566463470459,0.08408936113119125,0.0205078125,0.019775390625,23.832767486572266,1.3544440269470215,84.0,81.0,1.0,6.0310773849487305,0.0,1.0,6.0310773849487305,1384.247802734375,30.0,4.305036544799805,1269.6695556640625,30.0,3.1377410888671875,1138.69140625,30.0,3.567796468734741,1033.546630859375,1.8735377788543701,27.29467010498047,2.811716318130493,1029.8245849609375,4.5701141357421875,1343.09375,1.791751503944397,27.662128448486328,3.3431479930877686,1049.8765869140625,1.8537200689315796,25.940271377563477,0.8884158730506897,30.975614547729492,452.0,0.9738813638687134,0.635405957698822,0.6651012897491455,5.073627948760986,1310.9967041015625,3.495713233947754,1137.964111328125,3.3354122638702393,1366.452392578125,K25O02E,1530,0.1148089663683304,8.800864085168763,3.5179884066429072
241.0,17.0,24.0,1.411764705882353,2.34309730240334,0.9411721229553223,0.7553659081459045,0.9369038343429565,301.031982421875,0.0,0.0,0.0,0.0,0.0,0.0,0.0,0.0,0.0,0.0,0.0,0.0,0.0,0.033003415912389755,0.9955506920814514,3.3747010231018066,-3.5553629398345947,-0.005280036013573408,0.026123046875,0.021484375,175.6911163330078,-0.18066191673278809,107.0,88.0,5.0,0.6837179660797119,-0.6837179660797119,1.0,3.5857338905334473,277.7344970703125,120.0,3.5634682178497314,385.66278076171875,150.0,2.714806318283081,348.6439208984375,0.0,2.2659316062927246,227.69454956054688,2.04941463470459,26.05695343017578,1.5493158102035522,194.8651123046875,3.1599316596984863,284.00665283203125,1.9950095415115356,26.672609329223633,2.460204839706421,288.30126953125,36.51875686645508,100.57936096191406,0.8335769176483154,18.60975456237793,399.0,0.9562507271766663,0.549547553062439,0.5831325054168701,2.7500247955322266,210.45364379882812,1.8093090057373047,175.64547729492188,1.2802668809890747,156.86033630371094,K25N01U,1616,0.04422952789753165,8.485565125166266,4.189973903754665
550.0,26.0,29.0,1.1153846153846154,2.296250227838421,0.9977937340736389,0.9290436506271362,0.9976614117622375,1829.3798828125,0.0,3.207547187805176,124.0,220.857421875,35.72169494628906,3.551478862762451,223.95150756835938,2.048269748687744,183.53753662109375,1.391794204711914,150.29794311523438,1.8791059255599976,233.54470825195312,0.01923476532101631,1.1525356769561768,5.521448135375977,-3.9713540077209473,0.09701520204544067,0.04931640625,0.032470703125,181.15853881835938,1.5500941276550293,202.0,133.0,5.0,2.0615267753601074,1.1460204124450684,2.3504273504273505,5.4980902671813965,296.74664306640625,60.0,4.245417594909668,346.2765808105469,60.0,5.029857635498047,516.6998291015625,60.0,1.7058930397033691,129.18899536132812,5.88001823425293,63.148216247558594,1.8896816968917847,181.01824951171875,2.10892653465271,150.95306396484375,2.179737091064453,50.53498077392578,1.3483890295028687,112.48095703125,8.951663970947266,71.54832458496094,0.7614824175834656,34.59857940673828,796.0,0.9977128505706787,0.5959834456443787,0.6710109114646912,3.5233185291290283,226.40805053710938,2.536580801010132,205.70318603515625,1.7703088521957397,181.1975860595703,K25O01D,1615,0.15189434205794097,9.720905928356396,4.346343054793295
610.0,33.0,25.0,1.32,2.804204731398428,0.997446596622467,0.9249124526977539,0.9966837167739868,1949.5003662109375,0.0,3.4907760620117188,102.0,313.8509521484375,39.47664260864258,3.1196632385253906,248.40142822265625,1.9172471761703491,210.42691040039062,1.0829505920410156,144.28927612304688,0.46951600909233093,72.2748794555664,0.01915014162659645,0.9866616129875183,4.171051502227783,-4.425468921661377,0.008100682869553566,0.0224609375,0.021240234375,155.1888885498047,-0.25441741943359375,92.0,87.0,7.0,0.641119658946991,2.849656343460083,12.2,3.0843470096588135,260.55755615234375,120.0,3.343064308166504,362.0570068359375,75.0,2.7486014366149902,375.8972473144531,15.0,2.4500367641448975,279.3160705566406,20.97171401977539,84.91474151611328,-0.18600982427597046,-26.597885131835938,2.395146131515503,245.900390625,5.987874507904053,64.52836608886719,0.04327680543065071,5.393672943115234,22.079402923583984,83.49285125732422,0.9178555011749268,120.10237121582031,1186.0,0.9947255253791809,0.5020685791969299,0.5401050448417664,3.0843470096588135,239.3709259033203,1.5331884622573853,180.0410614013672,0.5720121264457703,84.59820556640625,K25O11L,1614,0.0712175236627171,21.54698420119857,2.119630217428474
1195.0,72.0,22.0,3.272727272727273,14.04105112705029,0.9973635077476501,0.8120618462562561,0.9972347021102905,2415.12060546875,0.0,4.019367694854736,230.0,594.16943359375,75.00359344482422,1.6501805782318115,156.77685546875,4.203648090362549,557.315185546875,4.4624457359313965,721.3200073242188,3.3496174812316895,623.7783813476562,0.005468248855322599,0.980965256690979,4.80387020111084,-3.324829339981079,0.05046150088310242,0.021728515625,0.018310546875,68.18079376220703,1.4790408611297607,89.0,75.0,11.0,1.82771635055542,2.1916513442993164,2.3995983935742973,2.726719856262207,252.14505004882812,105.0,3.349607229232788,406.4886474609375,90.0,3.8443336486816406,586.533447265625,90.0,3.349607229232788,406.4886474609375,12.355257987976074,74.01673889160156,3.8443336486816406,586.533447265625,0.9327987432479858,101.65567779541016,9.198660850524902,64.21780395507812,-1.9203616380691528,-245.49119567871094,2.334510326385498,88.61268615722656,0.9021602869033813,89.85297393798828,1432.0,0.9970443844795227,0.7034055590629578,0.7320742607116699,1.6501805782318115,156.77685546875,3.349607229232788,406.4886474609375,3.8443336486816406,586.533447265625,K25O09W,1704,0.07470928005177453,9.586423887017162,3.405868513072758
664.0,40.0,23.0,1.7391304347826086,3.263467787899339,0.9658372402191162,0.8074951171875,0.9639972448348999,1076.6334228515625,0.0,6.3389153480529785,124.0,1234.376220703125,43.45447540283203,5.774847030639648,958.0396118164062,5.477493762969971,1267.13427734375,4.655460834503174,1327.77734375,5.67021369934082,1868.25146484375,0.3127095699310303,1.1598531007766724,6.170382499694824,-5.830183029174805,-0.33895373344421387,0.054443359375,0.0458984375,946.1896362304688,0.34019947052001953,223.0,188.0,7.0,3.5352485179901123,2.803666830062866,33.2,5.3933210372924805,854.05322265625,105.0,5.662057876586914,1196.38916015625,105.0,6.215744972229004,1805.79931640625,150.0,6.175498962402344,1304.87890625,8.246424674987793,72.03136444091797,5.150876522064209,1354.119873046875,5.376067161560059,1012.5475463867188,5.676558971405029,54.62348175048828,5.550840854644775,1280.427978515625,20.24602699279785,88.14717102050781,0.8346767425537109,97.0504150390625,930.0,0.9877851009368896,0.523339569568634,0.6361194252967834,4.35269021987915,730.0849609375,4.484647750854492,976.3734130859375,5.879042148590088,1605.91748046875,K17D15S,1739,0.0903331716524184,6.578492383119003,3.5693279153940964
505.0,22.0,30.0,1.3636363636363635,2.1564511439601093,0.9980936646461487,0.9322700500488281,0.9972546696662903,1603.558349609375,0.0,4.111501693725586,98.0,802.5991821289062,34.06294250488281,4.621546745300293,845.1265258789062,2.725146532058716,696.5137329101562,1.9285250902175903,601.28515625,0.6783723831176758,243.73751831054688,-0.025924663990736008,1.1252424716949463,4.052497863769531,-3.8328657150268555,0.011252612806856632,0.03466796875,0.0419921875,-93.94990539550781,0.21963214874267578,142.0,172.0,8.0,1.3517999649047852,2.759701728820801,1.476608187134503,5.2710161209106445,991.9951782226562,15.0,3.887378215789795,926.2290649414062,15.0,3.2634713649749756,1033.6531982421875,45.0,2.4850480556488037,629.4510498046875,11.42529296875,79.85216522216797,3.2634713649749756,1033.6531982421875,3.6832544803619385,775.4777221679688,2.144925832748413,32.28936004638672,-0.32135939598083496,-89.84092712402344,28.25755500793457,93.86343383789062,0.8821861147880554,18.98748207092285,630.0,0.9985530972480774,0.698120653629303,0.7673352956771851,4.621546745300293,845.1265258789062,3.412019729614258,807.3799438476562,2.6308133602142334,774.689453125,K22P00J,1753,0.2647945467050244,8.538049272798006,3.988115783964299
544.0,30.0,26.0,1.1538461538461537,2.7144948536051112,0.9912895560264587,0.8931424617767334,0.9893631935119629,1367.0537109375,0.0,6.331841945648193,132.0,1480.326416015625,37.523094177246094,7.113605976104736,1504.3265380859375,5.199106693267822,1533.12939453125,4.204052925109863,1491.5760498046875,3.387376546859741,1388.8870849609375,-0.0020254116971045732,0.880500078201294,4.81146764755249,-3.1819405555725098,0.2579783797264099,0.014404296875,0.0087890625,-2.9649362564086914,1.6295270919799805,59.0,36.0,3.0,3.1591241359710693,3.172717809677124,1.0283553875236295,7.962889194488525,1714.8262939453125,135.0,6.502388000488281,1785.04443359375,135.0,5.07780647277832,1765.663818359375,135.0,5.698248386383057,1520.708740234375,2.7745249271392822,36.27245330810547,4.591587543487549,1540.947265625,6.246410846710205,1503.95556640625,2.888472318649292,37.19482421875,4.777231216430664,1381.632080078125,34.20301818847656,103.00894927978516,0.9025745987892151,127.45575714111328,629.0,0.9922605156898499,0.7644590139389038,0.7959551811218262,6.675796031951904,1398.609375,5.119843006134033,1366.347900390625,4.924540996551514,1634.357421875,K18B05E,1789,0.1227401135676352,15.26292097340304,3.642974079493121
462.0,26.0,27.0,1.0384615384615385,2.4519431478883096,0.9885507822036743,0.8534326553344727,0.9857233762741089,939.8018188476562,0.0,1.4303889274597168,112.0,337.5841064453125,33.18128967285156,1.9941898584365845,453.52581787109375,1.3509894609451294,421.7925109863281,2.038145065307617,784.6248779296875,1.092990517616272,477.64019775390625,-0.008458839729428291,1.256738305091858,4.365540027618408,-4.348765850067139,0.022883182391524315,0.052734375,0.058837890625,-17.282258987426758,0.01677417755126953,216.0,241.0,8.0,0.7151944637298584,0.7151944637298584,1.3608247422680413,4.872890949249268,947.3541259765625,60.0,4.761008262634277,1400.530029296875,60.0,3.626119375228882,1343.431396484375,60.0,2.520195722579956,692.9069213867188,1.8695895671844482,97.4834976196289,3.8192663192749023,1322.23095703125,0.38416340947151184,102.4478530883789,3.17988657951355,38.3976936340332,1.2252650260925293,366.59381103515625,2.1377294063568115,116.89466094970703,0.8164271116256714,38.17338562011719,801.0,0.9761728048324585,0.5121257305145264,0.5818876028060913,1.9941898584365845,453.52581787109375,1.7258652448654175,501.82257080078125,-0.3522309362888336,-128.11122131347656,K25O09W,1836,0.04977821523719319,8.319296391189527,3.289881371062121
1873.0,24.0,99.0,4.125,21.290431572511075,0.9994745850563049,0.9390020966529846,0.9994224309921265,8100.18603515625,0.0,13.624239921569824,311.0,8739.4267578125,102.0403823852539,9.810999870300293,3459.932861328125,13.716437339782715,6749.2783203125,13.544403076171875,8169.89892578125,13.339789390563965,9219.1962890625,0.04476797580718994,1.2175463438034058,9.274283409118652,-3.8891489505767822,0.8337500691413879,0.05810546875,0.028564453125,682.8270263671875,5.385134696960449,238.0,117.0,1.0,13.624239921569824,0.0,1.0,9.471563339233398,3357.94775390625,0.0,12.109554290771484,5483.83642578125,0.0,15.747987747192383,8965.9970703125,0.0,10.899919509887695,4936.05078125,19.057466506958008,96.53191375732422,15.630459785461426,8880.9033203125,9.673173904418945,3902.222412109375,8.351859092712402,65.39119720458984,13.716437339782715,6749.2783203125,20.505033493041992,100.3061752319336,0.953353226184845,3.473306894302368,2039.0,0.9989650249481201,0.8827164769172668,0.8997330665588379,8.944326400756836,3171.02685546875,12.11981201171875,5470.748046875,14.356529235839844,8089.94482421875,K25P01B,1852,0.04975465786735719,10.322902782946688,3.2883281920164102
909.0,42.0,38.0,1.105263157894737,5.689369272175947,0.9975970983505249,0.9319246411323547,0.9972457885742188,3160.6962890625,0.0,2.897958755493164,182.0,1720.1629638671875,55.205772399902344,5.021792888641357,2253.290283203125,3.133303642272949,1959.38525390625,2.394416093826294,1818.6512451171875,2.956557035446167,2582.117919921875,0.017822694033384323,1.0273555517196655,3.9699158668518066,-3.69606351852417,0.011452875100076199,0.0263671875,0.024658203125,133.86282348632812,0.2738523483276367,108.0,101.0,2.0,1.7895948886871338,1.1083638668060303,1.6378378378378378,3.8909153938293457,1522.3975830078125,60.0,3.6164450645446777,1786.112548828125,60.0,2.2863564491271973,1574.59423828125,90.0,3.1381192207336426,1789.640380859375,5.918490409851074,55.412269592285156,1.8054943084716797,1285.844482421875,3.457242965698242,1773.9486083984375,5.83021879196167,56.11034393310547,3.133303642272949,1959.38525390625,5.750178337097168,53.90546417236328,0.9280136823654175,47.07823181152344,1064.0,0.9958540201187134,0.7921772599220276,0.8255974054336548,3.1391329765319824,1394.927001953125,3.088162422180176,1745.3551025390625,1.813136100769043,1286.348876953125,K25A02H,1889,0.3854334453988441,6.591192616937514,2.890936017307594
734.0,25.0,53.0,2.12,5.418906755196248,0.9936866760253906,0.8108983039855957,0.9934777021408081,1348.798583984375,0.0,0.8363267779350281,160.0,241.48388671875,58.76552963256836,2.6907904148101807,569.6148071289062,1.7199047803878784,505.8370361328125,1.8632081747055054,667.0848999023438,1.7046535015106201,706.8792724609375,0.04769311845302582,1.0316548347473145,3.887843132019043,-3.6506905555725098,-0.022452736273407936,0.028076171875,0.024169921875,172.58787536621094,0.2371525764465332,115.0,99.0,7.0,1.1978493928909302,-0.3615226149559021,1.7352245862884161,3.0968425273895264,689.0220336914062,0.0,2.9270997047424316,816.4581298828125,15.0,2.977407693862915,1063.8331298828125,0.0,4.07374906539917,1088.445556640625,6.1444993019104,78.45891571044922,3.2885868549346924,1148.337158203125,3.202043294906616,800.7003173828125,6.070754051208496,57.40085220336914,4.283747673034668,1311.9349365234375,14.868114471435547,88.56192016601562,0.9516597390174866,10.209218978881836,1216.0,0.994907796382904,0.6274504661560059,0.6893833875656128,2.3610548973083496,511.3043518066406,3.647614002227783,1019.7804565429688,4.59453010559082,1624.7962646484375,K24O02N,1974,0.1251076606652346,10.28070017097977,7.430076642495658
407.0,20.0,31.0,1.55,2.7750408174529833,0.9632431864738464,0.7707105875015259,0.9592171907424927,580.2086181640625,0.0,1.4623165130615234,106.0,150.23744201660156,34.144508361816406,2.1643707752227783,209.40135192871094,1.5160411596298218,204.09414672851562,1.6818010807037354,278.3074645996094,0.36321350932121277,68.86514282226562,-0.016262484714388847,1.013695478439331,4.219103813171387,-3.4799606800079346,0.06850634515285492,0.025634765625,0.02490234375,-39.405303955078125,0.7391431331634521,105.0,102.0,10.0,1.285383939743042,0.17693257331848145,0.9830917874396136,4.19345760345459,396.9880065917969,105.0,3.4085946083068848,416.36773681640625,165.0,3.9380345344543457,603.697509765625,165.0,2.489318609237671,309.26458740234375,2.5172119140625,34.97404098510742,0.9721580743789673,151.53594970703125,1.1829808950424194,131.45358276367188,2.5102546215057373,35.05034637451172,3.161489963531494,418.53521728515625,19.281373977661133,86.61348724365234,0.8653650879859924,4.981742858886719,604.0,0.9413378238677979,0.5971340537071228,0.631009042263031,2.2814180850982666,218.36480712890625,1.1464132070541382,140.11050415039062,0.49935320019721985,77.5174331665039,K25O11L,2037,0.027243078026931277,24.55668016827581,2.657889206551359
299.0,22.0,26.0,1.1818181818181819,1.1774114722698132,0.952038049697876,0.7431045174598694,0.9476920962333679,350.07330322265625,0.0,2.9311134815216064,98.0,742.0927734375,28.789363861083984,2.4506523609161377,629.8758544921875,2.0308878421783447,727.1542358398438,2.071507215499878,902.1900024414062,1.7447316646575928,876.6673583984375,0.005777979269623756,1.0560963153839111,4.144404411315918,-4.364025592803955,0.0651487335562706,0.033935546875,0.024658203125,62.590152740478516,-0.2196211814880371,139.0,101.0,9.0,1.745696783065796,1.1854166984558105,0.7400990099009901,3.602827310562134,854.4865112304688,30.0,2.3477113246917725,715.4864501953125,30.0,2.3585851192474365,944.1633911132812,90.0,2.9465129375457764,938.1812744140625,5.330855846405029,59.344722747802734,3.5215587615966797,1398.1572265625,1.0156631469726562,308.4407958984375,1.654615044593811,46.446876525878906,2.790790319442749,965.5289306640625,9.571131706237793,66.06721496582031,0.6515817642211914,47.01701736450195,975.0,0.906588613986969,0.2905893921852112,0.3230569660663605,2.4506523609161377,629.8758544921875,2.2932519912719727,753.3665161132812,1.7323830127716064,710.269287109375,K19J00M,2228,0.037078808273112114,13.676664182947572,2.3862322861028185
5.0,1.0,5.0,5.0,2500000.0,0.5573784112930298,0.5328863263130188,0.5328863263130188,0.659421443939209,0.0,0.4579869210720062,29.0,87.23171997070312,8.0,0.9663462042808533,333.1324157714844,1.5321478843688965,737.0703125,0.4001735746860504,234.71298217773438,0.7730353474617004,522.3578491210938,0.028350530192255974,1.0102970600128174,4.394683361053467,-3.520171642303467,0.03480331599712372,0.02392578125,0.02197265625,130.77420043945312,0.87451171875,98.0,90.0,3.0,1.0015721321105957,-0.5435851812362671,0.006702412868632708,3.4639930725097656,1155.8310546875,105.0,3.1056787967681885,1461.387939453125,30.0,2.3021578788757324,1248.220703125,75.0,0.1794213503599167,84.42733764648438,3.7516329288482666,32.24868392944336,0.3577588200569153,185.53759765625,0.02781141921877861,11.680328369140625,3.053811550140381,37.28636169433594,2.076930046081543,971.7694702148438,29.192934036254883,74.7838363647461,0.9171248078346252,151.6883544921875,239.0,0.46447375416755676,0.1542319804430008,0.18663880228996277,1.6959195137023926,546.4703979492188,-0.07123595476150513,-29.4904842376709,0.6224366426467896,325.7913513183594,K19J00M,2243,0.008120193387316371,13.675747186324902,4.225057178827845
4629.0,156.0,193.0,1.2371794871794872,130.43015384813967,0.9994673132896423,0.8950428366661072,0.9994522929191589,16237.09375,0.0,58.311363220214844,829.0,44374.27734375,249.138427734375,14.80953598022461,3991.709716796875,20.394739151000977,7811.3955078125,23.841230392456055,10986.67578125,28.677824020385742,15197.0771484375,0.1838928461074829,1.4398702383041382,5.1582112312316895,-5.506532192230225,0.13494403660297394,0.10888671875,0.05859375,856.024169921875,-0.34832096099853516,446.0,240.0,14.0,1.3032704591751099,57.00809097290039,91.66336633663366,12.779664993286133,3574.615234375,45.0,15.992358207702637,5575.55322265625,30.0,16.949491500854492,7442.3837890625,30.0,18.008445739746094,6242.251953125,6.458336353302002,132.47328186035156,22.989906311035156,10021.263671875,15.987125396728516,4927.6591796875,12.459750175476074,90.06087493896484,19.22736167907715,7293.8046875,4.443400859832764,171.9690704345703,0.9578258395195007,37.5432243347168,2788.0,0.9987741112709045,0.8537805080413818,0.886301577091217,14.605377197265625,3936.681640625,18.596261978149414,6408.419921875,22.54210090637207,9717.0859375,K19J00M,2229,0.05702955827259471,13.685039613150808,2.960065603398997
530.0,30.0,24.0,1.25,1.8899738967017738,0.997590959072113,0.90828937292099,0.9967263340950012,1628.3206787109375,0.0,2.584453821182251,92.0,1611.100830078125,33.65210723876953,2.301887273788452,1338.1015625,2.003377914428711,1646.95947265625,2.5393881797790527,2551.4560546875,2.7513234615325928,3178.66845703125,0.05867813527584076,0.9899985194206238,3.3406901359558105,-3.009028911590576,0.014300801791250706,0.025634765625,0.015380859375,262.26568603515625,0.3316612243652344,105.0,63.0,5.0,0.5227516889572144,2.061702251434326,14.324324324324325,3.367601156234741,2139.57275390625,30.0,3.4254486560821533,2771.681640625,90.0,3.762803554534912,4062.806396484375,30.0,2.5144975185394287,2001.505859375,3.4412410259246826,56.06641387939453,1.8039034605026245,1812.47607421875,2.0345582962036133,1411.8306884765625,4.0396037101745605,51.54786682128906,2.5587875843048096,2103.556884765625,1.9013856649398804,30.54582977294922,0.8189170956611633,63.07053756713867,637.0,0.9950410723686218,0.591702401638031,0.7539342641830444,2.286722421646118,1329.2861328125,2.346240758895874,1738.618408203125,2.5405006408691406,2346.686279296875,K25O11L,2320,0.18707928916882516,9.20008957481882,3.1030319000581805
729.0,42.0,24.0,1.75,4.266707461271166,0.9877598285675049,0.8556040525436401,0.9864171743392944,1521.1258544921875,0.0,1.3490395545959473,136.0,1057.837158203125,47.008121490478516,2.2991485595703125,1466.6043701171875,1.0507218837738037,926.566650390625,0.7401949167251587,794.7689208984375,0.5800772905349731,719.2005615234375,0.003970640245825052,1.0069828033447266,3.1550402641296387,-3.3805336952209473,0.07404084503650665,0.029296875,0.020263671875,31.61254119873047,-0.2254934310913086,120.0,83.0,11.0,0.5828763246536255,0.7661632299423218,14.294117647058824,3.0044198036193848,1969.00634765625,90.0,1.3984609842300415,1240.365478515625,150.0,1.7646560668945312,1971.2391357421875,120.0,0.6421056985855103,486.5562438964844,10.212833404541016,85.1478042602539,0.7286900281906128,696.3750610351562,2.300104856491089,1665.71728515625,4.411012649536133,48.927059173583984,0.7157610058784485,583.51416015625,22.551321029663086,103.7142105102539,0.8894177079200745,107.1624526977539,979.0,0.9831978678703308,0.5750545263290405,0.639211893081665,2.2991485595703125,1466.6043701171875,1.2719860076904297,1033.4356689453125,0.8101405501365662,817.10205078125,K17Q02F,2499,0.020707292047654598,9.034914441479604,4.771807532160124
