#clusternum,posRMS,velRMS,totRMS,pairnum,timespan,uniquepoints,obsnights,metric,rating,heliodist,heliovel,helioacc,posX,posY,posZ,velX,velY,velZ
1,20931.399,44076.253,48793.847,3,1.213891,88,2,0.004379,MIXED,1.100,0.000,0.001960,48506000.000,-156972666.667,-9265166.667,31.527545,9.598915,2.522374
2,13954.266,29384.168,32529.231,3,1.213891,88,2,0.006568,MIXED,1.100,0.000,0.001960,48506000.000,-156972666.667,-9265166.667,31.527545,9.598915,2.522374
3,1481.481,32407.556,32441.400,3,1.213891,88,2,0.006586,MIXED,1.110,0.000,0.001925,47000633.333,-158932700.000,-10251466.667,31.958395,9.274652,2.749045
4,74399.447,60312.842,95775.345,4,3.021240,9,4,0.001136,MIXED,1.140,6.926,0.001825,60271425.000,-159517425.000,19600.000,32.089037,4.840599,3.173460
5,43185.646,44764.128,62199.897,4,2.836762,10,4,0.001824,MIXED,1.150,3.463,0.001794,54872975.000,-162994225.000,-4076775.000,31.349981,7.080446,-5.528110
6,85233.900,46898.472,97284.554,5,3.021240,13,4,0.001615,MIXED,1.150,6.926,0.001794,60095040.000,-161197420.000,26360.000,32.678820,4.817076,3.472193
7,51929.083,24630.354,57474.202,4,1.868418,10,3,0.000975,MIXED,1.150,6.926,0.001794,60108750.000,-161193025.000,29250.000,32.704198,4.826729,3.477104
8,45504.880,29249.412,54094.567,3,1.272940,6,2,0.000282,MIXED,1.160,-3.463,0.001763,79185266.667,-154369400.000,505400.000,26.296987,17.160537,-3.665476
9,51299.412,46040.508,68930.095,4,2.836762,10,4,0.001646,MIXED,1.160,3.463,0.001763,54307175.000,-164763250.000,-4377075.000,31.771991,6.956270,-5.918912
10,47423.608,30324.446,56290.058,3,1.032411,8,2,0.000293,MIXED,1.160,6.926,0.001763,59932000.000,-162878333.333,43500.000,33.309800,4.777340,3.801179
11,34689.029,58163.029,67721.981,3,2.018930,6,3,0.000537,MIXED,1.170,-6.926,-0.000000,104557233.333,-140323466.667,2039933.333,16.500766,20.706180,-2.114640
12,46869.401,31106.349,56252.517,3,1.272940,6,2,0.000272,MIXED,1.170,-3.463,0.001733,80341466.667,-155470966.667,543933.333,26.398452,17.384084,-3.938756
13,31246.267,20737.566,37501.678,3,1.272940,6,2,0.000407,MIXED,1.170,-3.463,0.001733,80341466.667,-155470966.667,543933.333,26.398452,17.384084,-3.938756
14,37466.547,66635.713,76446.454,3,2.018930,6,3,0.000475,MIXED,1.180,-6.926,-0.000000,106912133.333,-140431466.667,2154500.000,16.649715,21.218627,-2.207233
15,24977.698,44423.809,50964.303,3,2.018930,6,3,0.000713,MIXED,1.180,-6.926,-0.000000,106912133.333,-140431466.667,2154500.000,16.649715,21.218627,-2.207233
16,29156.030,20739.418,35779.848,3,1.272940,6,2,0.000427,MIXED,1.180,-3.463,0.001704,81496433.333,-156571166.667,582366.667,26.500417,17.606382,-4.211662
17,29688.090,47492.516,56008.230,3,2.018930,6,3,0.000649,MIXED,1.190,-6.926,-0.000000,109238433.333,-140537966.667,2267666.667,16.788416,21.723452,-2.299201
18,19792.060,31661.677,37338.820,3,2.018930,6,3,0.000973,MIXED,1.190,-6.926,-0.000000,109238433.333,-140537966.667,2267666.667,16.788416,21.723452,-2.299201
19,23170.863,16638.495,28525.925,3,1.272940,6,2,0.000535,MIXED,1.190,-3.463,0.001675,82650133.333,-157670133.333,620833.333,26.602881,17.827305,-4.484567
20,32946.896,32110.919,46006.620,3,2.018930,6,3,0.000790,MIXED,1.200,-6.926,-0.000000,111537900.000,-140643000.000,2379500.000,16.917996,22.221653,-2.390045
21,21964.597,21407.279,30671.080,3,2.018930,6,3,0.001185,MIXED,1.200,-6.926,-0.000000,111537900.000,-140643000.000,2379500.000,16.917996,22.221653,-2.390045
22,35451.236,22779.675,42139.099,3,1.272940,6,2,0.000362,MIXED,1.200,-3.463,0.001647,83802733.333,-158767900.000,659233.333,26.705720,18.046979,-4.756972
23,23634.157,15186.450,28092.733,3,1.272940,6,2,0.000544,MIXED,1.200,-3.463,0.001647,83802733.333,-158767900.000,659233.333,26.705720,18.046979,-4.756972
24,48110.983,38753.132,61777.600,3,2.010315,7,3,0.000683,MIXED,1.210,-6.926,0.001620,91786266.667,-155931733.333,4736566.667,23.222930,21.464666,-5.549572
25,42438.045,45882.357,62499.427,4,4.046788,10,4,0.002590,MIXED,1.210,-6.926,0.001620,91784175.000,-155935725.000,4740900.000,23.235176,21.483597,-5.568221
26,29361.420,16838.854,33847.304,3,2.018930,6,3,0.001074,MIXED,1.210,-6.926,-0.000000,113811966.667,-140746700.000,2490066.667,17.039204,22.713233,-2.480138
27,19574.280,11225.903,22564.869,3,2.018930,6,3,0.001611,MIXED,1.210,-6.926,-0.000000,113811966.667,-140746700.000,2490066.667,17.039204,22.713233,-2.480138
28,54795.692,33717.783,64338.610,3,1.272940,6,2,0.000237,MIXED,1.210,-3.463,0.001620,84954100.000,-159864433.333,697633.333,26.808934,18.265403,-5.029377
29,36530.462,22478.522,42892.407,3,1.272940,6,2,0.000356,MIXED,1.210,-3.463,0.001620,84954100.000,-159864433.333,697633.333,26.808934,18.265403,-5.029377
30,55203.999,50798.075,75019.504,4,4.046788,10,4,0.002158,MIXED,1.220,-6.926,0.001594,93248075.000,-156811675.000,4983200.000,23.386624,21.780119,-5.824164
31,36802.666,33865.383,50013.002,4,4.046788,10,4,0.003237,MIXED,1.220,-6.926,0.001594,93248075.000,-156811675.000,4983200.000,23.386624,21.780119,-5.824164
32,39112.109,21422.766,44594.753,3,2.018930,6,3,0.000815,MIXED,1.220,-6.926,-0.000000,116062100.000,-140849100.000,2599433.333,17.152915,23.198814,-2.569607
33,26074.739,14281.844,29729.835,3,2.018930,6,3,0.001222,MIXED,1.220,-6.926,-0.000000,116062100.000,-140849100.000,2599433.333,17.152915,23.198814,-2.569607
34,50425.242,30434.981,58898.159,3,1.272940,6,2,0.000259,MIXED,1.220,-3.463,0.001594,86104400.000,-160959833.333,736033.333,26.912773,18.482703,-5.301533
35,46957.536,43848.293,64247.046,3,2.135515,13,3,0.001296,MIXED,1.220,3.463,0.001594,47386566.667,-176153400.000,4599566.667,28.915327,4.202040,-7.721567
36,51089.135,47827.970,69982.958,3,2.194083,9,3,0.000846,MIXED,1.220,6.926,0.001594,59601733.333,-172457666.667,3251033.333,31.399089,3.548017,-3.400818
37,64220.492,50108.155,81456.116,4,4.046788,10,4,0.001987,MIXED,1.230,-6.926,0.001568,94708225.000,-157685325.000,5224950.000,23.537790,22.075236,-6.079356
38,42813.661,33405.436,54304.077,4,4.046788,10,4,0.002981,MIXED,1.230,-6.926,0.001568,94708225.000,-157685325.000,5224950.000,23.537790,22.075236,-6.079356
39,49389.827,30720.336,58164.371,3,2.018930,6,3,0.000625,MIXED,1.230,-6.926,-0.000000,118289633.333,-140950333.333,2707700.000,17.259628,23.678522,-2.658201
40,32926.551,20480.224,38776.247,3,2.018930,6,3,0.000937,MIXED,1.230,-6.926,-0.000000,118289633.333,-140950333.333,2707700.000,17.259628,23.678522,-2.658201
41,42947.407,26117.808,50265.492,3,1.272940,6,2,0.000304,MIXED,1.230,-3.463,0.001568,87253633.333,-162054100.000,774366.667,27.016987,18.698753,-5.573438
42,41719.014,37796.332,56294.217,3,2.135515,13,3,0.001479,MIXED,1.230,3.463,0.001568,46675166.667,-177892966.667,4807000.000,29.073647,3.996111,-8.124927
43,44513.965,42140.561,61296.981,3,2.194083,9,3,0.000966,MIXED,1.230,6.926,0.001568,59453733.333,-174096800.000,3401933.333,31.672494,3.463172,-3.627240
44,56882.233,44620.946,72295.348,4,4.046788,10,4,0.002239,MIXED,1.240,-6.926,0.001543,96164800.000,-158556725.000,5466075.000,23.688675,22.369133,-6.334080
45,65342.571,39646.418,76429.641,3,1.985606,9,3,0.000701,MIXED,1.240,-6.926,-0.000000,53091466.667,-177524233.333,9122633.333,21.204882,14.133464,12.401816
46,59923.357,41564.409,72927.421,3,2.018930,6,3,0.000498,MIXED,1.240,-6.926,-0.000000,120495666.667,-141050400.000,2814900.000,17.359968,24.152857,-2.746046
47,39948.905,27709.606,48618.281,3,2.018930,6,3,0.000747,MIXED,1.240,-6.926,-0.000000,120495666.667,-141050400.000,2814900.000,17.359968,24.152857,-2.746046
48,52509.039,31697.703,61334.685,3,1.272940,6,2,0.000249,MIXED,1.240,-3.463,0.001543,88401800.000,-163147233.333,812700.000,27.121701,18.913553,-5.845219
49,42512.244,33947.607,54403.409,3,2.125046,9,3,0.001055,MIXED,1.240,-3.463,-0.000000,111309633.333,-147724900.000,13665300.000,13.564911,16.124397,14.836969
50,42340.085,33225.431,53820.183,3,2.135515,13,3,0.001547,MIXED,1.240,3.463,0.001543,45966966.667,-179624400.000,5013433.333,29.230968,3.791807,-8.526537
51,53012.110,35129.408,63595.276,3,2.010315,7,3,0.000664,MIXED,1.250,-6.926,0.001518,97628500.000,-159429300.000,5708666.667,23.810351,22.684118,-6.600706
52,73297.934,52694.632,90273.536,4,3.078762,11,4,0.001501,MIXED,1.250,-6.926,-0.000000,52681325.000,-179187575.000,9485650.000,20.933757,13.984797,12.891208
53,47008.472,35170.357,58709.032,3,2.018930,6,3,0.000619,MIXED,1.250,-6.926,-0.000000,122681366.667,-141149366.667,2921133.333,17.454435,24.621944,-2.833265
54,45919.778,41894.139,62159.029,3,2.125046,9,3,0.000923,MIXED,1.250,-3.463,-0.000000,113251600.000,-148097166.667,14195333.333,13.379726,16.206369,15.441509
55,48021.943,31148.870,57239.489,3,2.135515,13,3,0.001455,MIXED,1.250,3.463,0.001518,45261933.333,-181347933.333,5218933.333,29.387288,3.589378,-8.926273
56,36285.242,27451.816,45499.681,3,1.191999,9,2,0.000472,MIXED,1.250,3.463,-0.000000,68567600.000,-173977833.333,279766.667,25.569740,6.329176,7.021935
57,40973.015,36617.342,54951.049,3,2.194083,9,3,0.001078,MIXED,1.250,6.926,0.001518,59158233.333,-177366633.333,3703000.000,32.216555,3.295105,-4.078583
58,41584.404,22417.215,47241.869,3,1.211289,36,2,0.001846,MIXED,1.260,-6.926,0.001494,106945600.000,-151510633.333,-33058166.667,17.184779,21.986860,-8.342351
59,67912.960,39839.458,78735.967,3,1.985606,9,3,0.000681,MIXED,1.260,-6.926,-0.000000,52274166.667,-180850500.000,9869266.667,20.640953,13.822572,13.437081
60,60882.490,43244.607,74677.799,4,3.078762,11,4,0.001814,MIXED,1.260,-6.926,-0.000000,52272725.000,-180848225.000,9860600.000,20.649606,13.832225,13.413683
61,53970.326,42624.579,68772.457,3,2.018930,6,3,0.000528,MIXED,1.260,-6.926,-0.000000,124847700.000,-141247333.333,3026366.667,17.543654,25.086033,-2.919735
62,57480.803,31946.610,65761.908,3,2.135515,13,3,0.001266,MIXED,1.260,3.463,0.001494,44559833.333,-183063900.000,5423533.333,29.542984,3.388822,-9.324635
63,34373.776,26026.893,43115.608,3,1.191999,9,2,0.000498,MIXED,1.260,3.463,-0.000000,68814400.000,-175489100.000,293600.000,25.474523,6.238457,7.337200
64,44433.250,37550.352,58175.103,3,2.194083,9,3,0.001018,MIXED,1.260,6.926,0.001494,59010766.667,-178997533.333,3853166.667,32.487586,3.211509,-4.303630
65,41220.526,52096.662,66431.874,3,2.018930,6,3,0.000547,MIXED,1.270,-10.389,-0.000000,127017100.000,-141254600.000,3113533.333,12.536144,25.174003,-3.133286
66,36773.884,19738.596,41736.443,3,1.211289,36,2,0.002090,MIXED,1.270,-6.926,0.001471,108563666.667,-151985000.000,-34246033.333,17.009964,22.305624,-8.846801
67,74704.356,52290.971,91187.096,4,3.078762,11,4,0.001486,MIXED,1.270,-6.926,-0.000000,51865000.000,-182504500.000,10234800.000,20.366392,13.684807,13.934939
68,49802.904,34860.648,60791.397,4,3.078762,11,4,0.002228,MIXED,1.270,-6.926,-0.000000,51865000.000,-182504500.000,10234800.000,20.366392,13.684807,13.934939
69,32569.539,24807.627,40941.339,3,1.191999,9,2,0.000524,MIXED,1.270,3.463,-0.000000,69061100.000,-176999833.333,307500.000,25.378931,6.148489,7.652341
70,50604.346,40709.812,64946.814,3,2.194083,9,3,0.000912,MIXED,1.270,6.926,0.001471,58863433.333,-180625800.000,4003133.333,32.757617,3.128288,-4.528302
71,45540.088,32768.962,56104.407,3,2.032968,6,3,0.000652,MIXED,1.280,-17.315,-0.001448,112058766.667,-155332300.000,-1903133.333,9.014618,28.221194,0.466713
72,55013.124,45950.168,71678.880,3,2.018930,6,3,0.000507,MIXED,1.280,-10.389,0.001448,129055133.333,-141359300.000,3215066.667,13.261517,25.661583,-3.199763
73,38497.634,47401.554,61065.335,3,2.018930,6,3,0.000595,MIXED,1.280,-10.389,-0.000000,129146366.667,-141351500.000,3217133.333,12.662475,25.632343,-3.217507
74,53178.559,28026.769,60112.053,3,1.211289,36,2,0.001451,MIXED,1.280,-6.926,0.001448,110171000.000,-152455800.000,-35426633.333,16.831901,22.622014,-9.342379
75,35452.373,18684.513,40074.702,3,1.211289,36,2,0.002176,MIXED,1.280,-6.926,0.001448,110171000.000,-152455800.000,-35426633.333,16.831901,22.622014,-9.342379
76,61357.684,42090.291,74406.707,4,3.078762,11,4,0.001821,MIXED,1.280,-6.926,-0.000000,51458125.000,-184156475.000,10608250.000,20.084021,13.542263,14.454977
77,40905.123,28060.194,49604.471,4,3.078762,11,4,0.002731,MIXED,1.280,-6.926,-0.000000,51458125.000,-184156475.000,10608250.000,20.084021,13.542263,14.454977
78,54447.460,27004.074,60776.195,3,2.135515,13,3,0.001370,MIXED,1.280,3.463,0.001448,43164400.000,-186474200.000,5830133.333,29.852127,2.992460,-10.116235
79,41455.659,30014.727,51180.616,3,3.970255,8,3,0.001862,MIXED,1.280,10.389,-0.001448,118681500.000,-150205433.333,4743933.333,21.577002,3.581256,-8.891036
80,54518.757,40029.781,67636.368,3,2.032968,6,3,0.000541,MIXED,1.290,-17.315,-0.001425,113782066.667,-155942833.333,-1970733.333,9.251660,28.621804,0.451093
81,49754.257,40729.483,64299.120,3,2.018930,6,3,0.000565,MIXED,1.290,-10.389,0.001425,131170000.000,-141455100.000,3317900.000,13.367105,26.114926,-3.283734
82,37201.238,43937.878,57571.428,3,2.018930,6,3,0.000631,MIXED,1.290,-10.389,-0.000000,131259033.333,-141447433.333,3319866.667,12.782433,26.086435,-3.301103
83,37977.331,19499.052,42690.640,3,1.211289,36,2,0.002043,MIXED,1.290,-6.926,0.001425,111767966.667,-152923266.667,-36600166.667,16.650964,22.936155,-9.829959
84,53374.752,35454.370,64077.114,4,3.078762,11,4,0.002114,MIXED,1.290,-6.926,-0.000000,51052100.000,-185804325.000,10980975.000,19.802681,13.404498,14.973703
85,35583.168,23636.247,42718.076,4,3.078762,11,4,0.003171,MIXED,1.290,-6.926,-0.000000,51052100.000,-185804325.000,10980975.000,19.802681,13.404498,14.973703
86,63314.659,31334.232,70644.038,3,2.135515,13,3,0.001179,MIXED,1.290,3.463,0.001425,42470766.667,-188169033.333,6032200.000,30.005574,2.796778,-10.509973
87,43391.477,33508.347,54823.623,3,1.191999,9,2,0.000391,MIXED,1.290,3.463,-0.000000,69554133.333,-180019766.667,335200.000,25.187123,5.971675,8.282497
88,28927.652,22338.898,36549.082,3,1.191999,9,2,0.000587,MIXED,1.290,3.463,-0.000000,69554133.333,-180019766.667,335200.000,25.187123,5.971675,8.282497
89,38783.734,42053.754,57207.484,4,8.953101,10,4,0.006260,MIXED,1.290,10.389,-0.001425,120573075.000,-150605400.000,4902750.000,21.179953,3.359770,-9.181591
90,51124.000,36112.330,62592.042,3,2.032968,6,3,0.000585,MIXED,1.300,-20.777,-0.000000,115452166.667,-156404166.667,-2037833.333,5.749127,29.626955,0.591295
91,45230.399,36534.370,58142.490,3,2.018930,6,3,0.000625,MIXED,1.300,-10.389,0.001404,133268866.667,-141550033.333,3419933.333,13.466821,26.564144,-3.367330
92,37613.482,41900.658,56306.653,3,2.018930,6,3,0.000645,MIXED,1.300,-10.389,-0.000000,133355766.667,-141542600.000,3421866.667,12.896269,26.536154,-3.384199
93,59322.070,44000.785,73859.171,3,2.099138,7,3,0.000597,MIXED,1.300,-6.926,0.001404,50654533.333,-187354900.000,11353200.000,19.600564,13.789084,15.460128
94,43681.276,21865.040,48848.069,3,1.211289,36,2,0.001785,MIXED,1.300,-6.926,0.001404,113355066.667,-153387533.333,-37766933.333,16.467528,23.248172,-10.309793
95,34893.135,22877.979,41724.487,4,3.078762,11,4,0.003247,MIXED,1.300,-6.926,-0.000000,50646850.000,-187448125.000,11353000.000,19.521998,13.271232,15.491492
96,23262.090,15251.986,27816.324,4,3.078762,11,4,0.004870,MIXED,1.300,-6.926,-0.000000,50646850.000,-187448125.000,11353000.000,19.521998,13.271232,15.491492
97,27244.226,21354.813,34616.122,3,1.191999,9,2,0.000620,MIXED,1.300,3.463,-0.000000,69800500.000,-181529000.000,349100.000,25.090656,5.884705,8.597513
98,65428.879,32064.407,72863.327,4,8.953101,10,4,0.004915,MIXED,1.300,10.389,-0.001404,122457675.000,-151000175.000,5058225.000,20.732171,3.123227,-9.491889
99,43619.253,21376.271,48575.552,4,8.953101,10,4,0.007373,MIXED,1.300,10.389,-0.001404,122457675.000,-151000175.000,5058225.000,20.732171,3.123227,-9.491889
100,59543.352,44614.435,74403.350,3,2.032968,6,3,0.000492,MIXED,1.310,-20.777,-0.000000,117164133.333,-157010600.000,-2104933.333,5.985420,30.023817,0.575800
101,39695.568,29742.957,49602.234,3,2.032968,6,3,0.000738,MIXED,1.310,-20.777,-0.000000,117164133.333,-157010600.000,-2104933.333,5.985420,30.023817,0.575800
102,41727.093,33589.928,53567.094,3,2.018930,6,3,0.000678,MIXED,1.310,-10.389,0.001382,135352466.667,-141644133.333,3521200.000,13.561912,27.009240,-3.450426
103,39475.873,41447.919,57238.750,3,2.018930,6,3,0.000635,MIXED,1.310,-10.389,-0.000000,135437333.333,-141636833.333,3523066.667,13.004356,26.982124,-3.466920
104,55615.999,41388.046,69326.111,3,2.099138,7,3,0.000636,MIXED,1.310,-6.926,0.001382,50249766.667,-188995500.000,11726466.667,19.318162,13.653506,15.981697
105,39172.651,25874.552,46946.662,4,3.078762,11,4,0.002886,MIXED,1.310,-6.926,-0.000000,50242425.000,-189088000.000,11724325.000,19.242251,13.142558,16.007969
106,26115.101,17249.702,31297.774,4,3.078762,11,4,0.004328,MIXED,1.310,-6.926,-0.000000,50242425.000,-189088000.000,11724325.000,19.242251,13.142558,16.007969
107,38321.433,30660.583,49077.526,3,1.191999,9,2,0.000437,MIXED,1.310,3.463,-0.000000,70046800.000,-183037766.667,362966.667,24.993940,5.798485,8.912653
108,25547.622,20440.388,32718.351,3,1.191999,9,2,0.000656,MIXED,1.310,3.463,-0.000000,70046800.000,-183037766.667,362966.667,24.993940,5.798485,8.912653
109,36556.362,53248.389,64589.152,4,2.298225,8,2,0.000569,MIXED,1.310,6.926,-0.000000,85079025.000,-176483225.000,-4281475.000,24.534006,3.892554,7.774798
110,42509.771,14491.955,44912.107,3,3.970255,8,3,0.002122,MIXED,1.310,10.389,-0.001382,124343200.000,-151384833.333,5209733.333,20.293698,2.887996,-9.782226
111,51459.799,18512.789,54688.521,4,8.953101,10,4,0.006548,MIXED,1.310,10.389,-0.001382,124333225.000,-151392850.000,5213050.000,20.296479,2.885560,-9.799938
112,58532.998,49159.793,76438.192,3,2.032968,6,3,0.000479,MIXED,1.320,-20.777,-0.000000,118870400.000,-157614700.000,-2171833.333,6.216465,30.419555,0.560680
113,39021.999,32773.195,50958.794,3,2.032968,6,3,0.000718,MIXED,1.320,-20.777,-0.000000,118870400.000,-157614700.000,-2171833.333,6.216465,30.419555,0.560680
114,56122.795,35524.815,66421.236,3,2.032968,6,3,0.000551,MIXED,1.320,-20.777,-0.001361,118990300.000,-157633433.333,-2176833.333,5.603428,30.546886,0.586046
115,59074.609,48259.018,76280.681,3,2.018930,6,3,0.000476,MIXED,1.320,-10.389,0.001361,137421466.667,-141737433.333,3621700.000,13.651881,27.450711,-3.533022
116,39383.073,32172.678,50853.787,3,2.018930,6,3,0.000715,MIXED,1.320,-10.389,0.001361,137421466.667,-141737433.333,3621700.000,13.651881,27.450711,-3.533022
117,42419.443,42323.161,59922.109,3,2.018930,6,3,0.000606,MIXED,1.320,-10.389,-0.000000,137504400.000,-141730300.000,3623566.667,13.107195,27.423971,-3.549017
118,79254.059,53125.842,95412.583,4,3.078762,11,4,0.001420,MIXED,1.320,-6.926,0.001361,49850150.000,-190613700.000,12100025.000,19.043477,13.566817,16.503640
119,46740.389,31276.544,56239.543,4,3.078762,11,4,0.002409,MIXED,1.320,-6.926,-0.000000,49838775.000,-190724100.000,12095000.000,18.963254,13.018195,16.523227
120,31160.259,20851.030,37493.028,4,3.078762,11,4,0.003613,MIXED,1.320,-6.926,-0.000000,49838775.000,-190724100.000,12095000.000,18.963254,13.018195,16.523227
121,36261.510,29313.124,46627.850,3,1.191999,9,2,0.000460,MIXED,1.320,3.463,-0.000000,70292933.333,-184546066.667,376866.667,24.897224,5.713265,9.227669
122,24174.340,19542.083,31085.233,3,1.191999,9,2,0.000690,MIXED,1.320,3.463,-0.000000,70292933.333,-184546066.667,376866.667,24.897224,5.713265,9.227669
123,34472.231,48484.240,59489.968,4,2.298225,8,2,0.000618,MIXED,1.320,6.926,-0.000000,85841475.000,-177773300.000,-4425975.000,24.348352,3.808114,8.048172
124,34496.277,29671.301,45501.420,3,3.019283,13,3,0.002588,MIXED,1.320,10.389,0.001361,50574500.000,-190848000.000,2938133.333,28.806490,-3.209260,-11.709431
125,46184.220,25545.713,52778.458,3,3.970255,8,3,0.001805,MIXED,1.320,10.389,-0.001361,126212266.667,-151773866.667,5363666.667,19.885465,2.653828,-10.076249
126,30789.480,17030.475,35185.639,3,3.970255,8,3,0.002708,MIXED,1.320,10.389,-0.001361,126212266.667,-151773866.667,5363666.667,19.885465,2.653828,-10.076249
127,49205.058,42996.036,65343.682,3,2.032968,6,3,0.000560,MIXED,1.330,-20.777,-0.000000,120571066.667,-158216600.000,-2238566.667,6.442636,30.814293,0.545935
128,48664.094,32135.870,58317.306,3,2.032968,6,3,0.000627,MIXED,1.330,-20.777,-0.001341,120688600.000,-158234900.000,-2243433.333,5.841470,30.938874,0.570677
129,42650.903,41531.038,59530.888,3,2.018930,6,3,0.000610,MIXED,1.330,-13.852,0.001341,139498866.667,-141744100.000,3705166.667,8.852549,27.533058,-3.737576
130,38343.721,32433.849,50221.464,3,2.018930,6,3,0.000724,MIXED,1.330,-10.389,0.001341,139476466.667,-141829966.667,3721566.667,13.737726,27.888434,-3.615119
131,25562.480,21622.566,33480.976,3,2.018930,6,3,0.001085,MIXED,1.330,-10.389,0.001341,139476466.667,-141829966.667,3721566.667,13.737726,27.888434,-3.615119
132,46358.960,44613.900,64339.360,3,2.018930,6,3,0.000565,MIXED,1.330,-10.389,-0.000000,139557466.667,-141823000.000,3723366.667,13.205037,27.862443,-3.630988
133,30905.973,29742.600,42892.907,3,2.018930,6,3,0.000847,MIXED,1.330,-10.389,-0.000000,139557466.667,-141823000.000,3723366.667,13.205037,27.862443,-3.630988
134,74620.699,50381.771,90036.501,4,3.078762,11,4,0.001505,MIXED,1.330,-6.926,0.001341,49447075.000,-192247775.000,12469950.000,18.764011,13.437956,17.018149
135,56164.759,38055.263,67843.077,4,3.078762,11,4,0.001997,MIXED,1.330,-6.926,-0.000000,49435850.000,-192356500.000,12465050.000,18.685101,12.897956,17.037455
136,37443.172,25370.175,45228.718,4,3.078762,11,4,0.002995,MIXED,1.330,-6.926,-0.000000,49435850.000,-192356500.000,12465050.000,18.685101,12.897956,17.037455
137,34501.029,28385.742,44677.414,3,1.191999,9,2,0.000480,MIXED,1.330,3.463,-0.000000,70539033.333,-186053866.667,390766.667,24.800007,5.628919,9.542684
138,23000.686,18923.828,29784.943,3,1.191999,9,2,0.000720,MIXED,1.330,3.463,-0.000000,70539033.333,-186053866.667,390766.667,24.800007,5.628919,9.542684
139,32778.092,43876.557,54768.198,4,2.298225,8,2,0.000671,MIXED,1.330,6.926,-0.000000,86603825.000,-179063225.000,-4570450.000,24.162791,3.723394,8.321452
140,35300.656,25229.880,43389.897,3,3.970255,8,3,0.002196,MIXED,1.330,10.389,-0.001341,128072700.000,-152160966.667,5516966.667,19.486229,2.418410,-10.368772
141,51319.602,38082.211,63905.839,3,2.032968,6,3,0.000573,MIXED,1.340,-20.777,-0.001321,122381533.333,-158834300.000,-2309800.000,6.074264,31.330113,0.555432
142,37929.431,36555.118,52677.494,3,2.018930,6,3,0.000690,MIXED,1.340,-13.852,0.001321,141539500.000,-141836600.000,3804400.000,8.971008,27.969906,-3.818298
143,38745.489,34248.938,51712.693,3,2.018930,6,3,0.000703,MIXED,1.340,-10.389,0.001321,141518033.333,-141921800.000,3820766.667,13.819198,28.322783,-3.696715
144,25830.326,22832.625,34475.129,3,2.018930,6,3,0.001054,MIXED,1.340,-10.389,0.001321,141518033.333,-141921800.000,3820766.667,13.819198,28.322783,-3.696715
145,50910.789,47839.730,69860.920,3,2.018930,6,3,0.000520,MIXED,1.340,-10.389,-0.000000,141597266.667,-141914966.667,3822500.000,13.298254,28.297292,-3.712210
146,33940.526,31893.153,46573.947,3,2.018930,6,3,0.000780,MIXED,1.340,-10.389,-0.000000,141597266.667,-141914966.667,3822500.000,13.298254,28.297292,-3.712210
147,70485.970,48150.402,85362.364,4,3.078762,11,4,0.001587,MIXED,1.340,-6.926,0.001321,49044725.000,-193878200.000,12839275.000,18.485295,13.313311,17.531814
148,66607.875,45306.576,80556.160,4,3.078762,11,4,0.001682,MIXED,1.340,-6.926,-0.000000,49033700.000,-193985300.000,12834450.000,18.407697,12.781934,17.550745
149,44405.250,30204.384,53704.107,4,3.078762,11,4,0.002522,MIXED,1.340,-6.926,-0.000000,49033700.000,-193985300.000,12834450.000,18.407697,12.781934,17.550745
150,32842.142,27753.965,42998.708,3,1.191999,9,2,0.000499,MIXED,1.340,3.463,-0.000000,70785000.000,-187561233.333,404633.333,24.702541,5.545448,9.857575
151,27268.115,56156.552,62426.824,3,2.298225,6,2,0.000442,MIXED,1.340,6.926,-0.000000,87370400.000,-180352266.667,-4712000.000,23.969796,3.641860,8.580393
152,31262.945,39777.157,50592.430,4,2.298225,8,2,0.000727,MIXED,1.340,6.926,-0.000000,87366100.000,-180353075.000,-4714925.000,23.977606,3.638111,8.594826
153,40949.545,33103.040,52656.211,3,3.970255,8,3,0.001810,MIXED,1.340,10.389,-0.001321,129924900.000,-152546133.333,5669700.000,19.095990,2.181742,-10.660046
154,50178.801,47457.678,69066.224,3,2.018930,6,3,0.000526,MIXED,1.350,-13.852,0.001302,143567233.333,-141928333.333,3903033.333,9.084093,28.403505,-3.898645
155,33452.534,31638.452,46044.149,3,2.018930,6,3,0.000789,MIXED,1.350,-13.852,0.001302,143567233.333,-141928333.333,3903033.333,9.084093,28.403505,-3.898645
156,40245.483,37274.818,54855.364,3,2.018930,6,3,0.000662,MIXED,1.350,-10.389,0.001302,143546766.667,-142012933.333,3919300.000,13.896921,28.753634,-3.778062
157,26830.322,24849.879,36570.243,3,2.018930,6,3,0.000994,MIXED,1.350,-10.389,0.001302,143546766.667,-142012933.333,3919300.000,13.896921,28.753634,-3.778062
158,37281.421,34664.636,50907.184,3,2.018930,6,3,0.000714,MIXED,1.350,-10.389,-0.000000,143624233.333,-142006300.000,3921000.000,13.387223,28.728892,-3.793057
159,67088.233,46394.608,81567.706,4,3.078762,11,4,0.001661,MIXED,1.350,-6.926,0.001302,48643100.000,-195505175.000,13207975.000,18.207330,13.192978,18.044167
160,48460.726,37822.132,61473.211,3,2.099138,7,3,0.000717,MIXED,1.350,-6.926,-0.000000,48628500.000,-195602200.000,13211966.667,18.122828,12.690465,18.083466
161,51679.785,35246.738,62555.038,4,3.078762,11,4,0.002166,MIXED,1.350,-6.926,-0.000000,48632225.000,-195610600.000,13203200.000,18.131044,12.669754,18.062911
162,28273.223,24839.370,37634.684,3,1.191999,9,2,0.000570,MIXED,1.350,3.463,0.001302,71020433.333,-189017766.667,424400.000,24.534975,5.819103,10.201705
163,13984.292,12060.711,18466.759,3,1.191999,9,2,0.001162,MIXED,1.350,3.463,-0.000000,71030933.333,-189068133.333,418533.333,24.604950,5.462602,10.172465
164,44180.947,49621.005,66439.448,3,2.027564,6,2,0.000366,MIXED,1.350,6.926,-0.000000,88128066.667,-181644900.000,-4861566.667,23.799855,3.565761,8.872542
165,29922.167,36041.357,46843.521,4,2.298225,8,2,0.000785,MIXED,1.350,6.926,-0.000000,88128350.000,-181642775.000,-4859400.000,23.792608,3.552266,8.868012
166,43811.398,40433.881,59618.263,3,2.018930,6,3,0.000610,MIXED,1.360,-13.852,0.001282,145582666.667,-142019400.000,4001066.667,9.191931,28.833606,-3.978618
167,29207.598,26955.921,39745.509,3,2.018930,6,3,0.000914,MIXED,1.360,-13.852,0.001282,145582666.667,-142019400.000,4001066.667,9.191931,28.833606,-3.978618
168,42988.977,41219.895,59557.803,3,2.018930,6,3,0.000610,MIXED,1.360,-10.389,0.001282,145563100.000,-142103400.000,4017233.333,13.971020,29.181360,-3.858784
169,28659.318,27479.930,39705.202,3,2.018930,6,3,0.000915,MIXED,1.360,-10.389,0.001282,145563100.000,-142103400.000,4017233.333,13.971020,29.181360,-3.858784
170,40828.331,37739.265,55598.604,3,2.018930,6,3,0.000654,MIXED,1.360,-10.389,-0.000000,145638933.333,-142096900.000,4018900.000,13.472069,29.156994,-3.873654
171,63110.570,50133.357,80599.612,3,2.099138,7,3,0.000547,MIXED,1.360,-6.926,0.001282,48237800.000,-197142133.333,13582400.000,17.919023,13.043718,18.570797
172,64479.608,45077.846,78674.215,4,3.078762,11,4,0.001722,MIXED,1.360,-6.926,0.001282,48242150.000,-197128600.000,13576100.000,17.930207,13.076581,18.555677
173,55720.687,43514.888,70698.943,3,2.099138,7,3,0.000624,MIXED,1.360,-6.926,-0.000000,48227766.667,-197223100.000,13581900.000,17.845799,12.584252,18.598662
174,59265.823,40450.715,71754.429,4,3.078762,11,4,0.001888,MIXED,1.360,-6.926,-0.000000,48231450.000,-197232500.000,13571425.000,17.854952,12.561416,18.574140
175,26807.978,23716.320,35792.898,3,1.191999,9,2,0.000599,MIXED,1.360,3.463,0.001282,71266366.667,-190525033.333,438233.333,24.438258,5.731883,10.516096
176,26439.176,33260.387,42488.626,4,4.998820,11,3,0.003882,MIXED,1.360,3.463,-0.000000,71269900.000,-190573625.000,432375.000,24.492770,5.411151,10.495134
177,28958.984,32727.582,43700.314,4,2.298225,8,2,0.000841,MIXED,1.360,6.926,-0.000000,88890550.000,-182932400.000,-5003825.000,23.607984,3.466046,9.141292
178,28494.387,31220.676,42268.910,5,6.084447,13,3,0.005614,MIXED,1.360,6.926,-0.000000,88894880.000,-182930120.000,-5006820.000,23.595876,3.483365,9.131902
179,38044.055,33704.346,50826.499,3,2.018930,6,3,0.000715,MIXED,1.370,-13.852,0.001264,147586333.333,-142109833.333,4098466.667,9.295020,29.260707,-4.058215
180,25362.703,22469.564,33884.333,3,2.018930,6,3,0.001072,MIXED,1.370,-13.852,0.001264,147586333.333,-142109833.333,4098466.667,9.295020,29.260707,-4.058215
181,46476.736,45937.429,65347.796,3,2.018930,6,3,0.000556,MIXED,1.370,-10.389,0.001264,147567566.667,-142193266.667,4114566.667,14.041621,29.606212,-3.939381
182,30984.491,30624.953,43565.197,3,2.018930,6,3,0.000834,MIXED,1.370,-10.389,0.001264,147567566.667,-142193266.667,4114566.667,14.041621,29.606212,-3.939381
183,44455.146,41132.494,60565.189,3,2.018930,6,3,0.000600,MIXED,1.370,-10.389,-0.000000,147641766.667,-142186866.667,4116200.000,13.553166,29.582221,-3.953751
184,61264.350,49360.785,78675.331,3,2.099138,7,3,0.000560,MIXED,1.370,-6.926,0.001264,47837666.667,-198760933.333,13951666.667,17.641745,12.934381,19.085118
185,62911.371,44386.190,76993.340,4,3.078762,11,4,0.001759,MIXED,1.370,-6.926,0.001264,47841925.000,-198748750.000,13943625.000,17.653834,12.964120,19.066156
186,66855.389,45711.060,80988.543,4,3.078762,11,4,0.001673,MIXED,1.370,-6.926,-0.000000,47831375.000,-198851075.000,13939025.000,17.579610,12.456828,19.084431
187,25366.634,22533.530,33929.723,3,1.191999,9,2,0.000632,MIXED,1.370,3.463,0.001264,71512266.667,-192031833.333,452033.333,24.341167,5.645413,10.830487
188,24341.371,34647.985,42343.656,4,4.998820,11,3,0.003896,MIXED,1.370,3.463,-0.000000,71516450.000,-192079125.000,445950.000,24.396429,5.333178,10.805339
189,39554.479,44013.077,59175.229,5,6.084447,13,3,0.004010,MIXED,1.370,6.926,-0.000000,89656500.000,-184219860.000,-5150940.000,23.407991,3.394445,9.411180
190,26369.653,29342.051,39450.153,5,6.084447,13,3,0.006015,MIXED,1.370,6.926,-0.000000,89656500.000,-184219860.000,-5150940.000,23.407991,3.394445,9.411180
191,32825.670,27416.417,42768.967,3,2.018930,6,3,0.000850,MIXED,1.380,-13.852,0.001246,149578566.667,-142199600.000,4195333.333,9.393486,29.684810,-4.137562
192,50691.721,50999.615,71906.962,3,2.018930,6,3,0.000505,MIXED,1.380,-10.389,0.001246,149560633.333,-142282466.667,4211366.667,14.109222,30.027816,-4.019478
193,60284.951,49320.652,77889.678,3,2.099138,7,3,0.000566,MIXED,1.380,-6.926,0.001246,47438166.667,-200376366.667,14320266.667,17.365341,12.828917,19.598440
194,62191.703,44336.714,76377.694,4,3.078762,11,4,0.001774,MIXED,1.380,-6.926,0.001246,47442300.000,-200365600.000,14310575.000,17.378118,12.855408,19.575604
195,74636.270,50939.008,90362.355,4,3.078762,11,4,0.001499,MIXED,1.380,-6.926,-0.000000,47431875.000,-200466450.000,14306050.000,17.305112,12.355894,19.593598
196,23950.431,21505.982,32188.979,3,1.191999,9,2,0.000667,MIXED,1.380,3.463,0.001246,71758033.333,-193538233.333,465866.667,24.243701,5.560068,11.144877
197,22597.706,36935.598,43300.054,4,4.998820,11,3,0.003810,MIXED,1.380,3.463,-0.000000,71762925.000,-193584275.000,459575.000,24.299806,5.255955,11.115450
198,36602.752,44294.859,57461.256,5,6.084447,13,3,0.004130,MIXED,1.380,6.926,-0.000000,90418120.000,-185509500.000,-5295080.000,23.220556,3.305002,9.690308
199,24401.834,29529.906,38307.504,5,6.084447,13,3,0.006194,MIXED,1.380,6.926,-0.000000,90418120.000,-185509500.000,-5295080.000,23.220556,3.305002,9.690308
200,54746.823,37567.465,66396.755,3,2.032968,6,3,0.000551,MIXED,1.390,-24.240,-0.001228,130842200.000,-161677200.000,-2643500.000,2.945851,33.985566,0.658271
201,28429.656,21698.845,35764.301,3,2.018930,6,3,0.001016,MIXED,1.390,-13.852,0.001228,151559900.000,-142288766.667,4291666.667,9.487578,30.105914,-4.216410
202,55253.353,56406.429,78959.598,3,2.018930,6,3,0.000460,MIXED,1.390,-10.389,0.001228,151542733.333,-142371133.333,4307633.333,14.173700,30.446920,-4.099076
203,52011.960,48377.455,71032.543,3,2.018930,6,3,0.000512,MIXED,1.390,-10.389,-0.000000,151613900.000,-142365000.000,4309200.000,13.704988,30.423928,-4.112946
204,60304.041,49826.549,78225.714,3,2.099138,7,3,0.000564,MIXED,1.390,-6.926,0.001228,47039433.333,-201988600.000,14688300.000,17.089812,12.727327,20.110887
205,62512.160,44868.892,76947.954,4,3.078762,11,4,0.001760,MIXED,1.390,-6.926,0.001228,47043375.000,-201979300.000,14676975.000,17.103151,12.750538,20.084302
206,52157.459,40551.439,66066.782,3,2.099138,7,3,0.000667,MIXED,1.390,-6.926,-0.000000,47029833.333,-202066000.000,14687800.000,17.019711,12.288730,20.137503
207,25932.024,27229.502,37602.069,3,2.278210,11,2,0.001333,MIXED,1.390,-3.463,-0.001228,100037733.333,-182302566.667,929933.333,15.820878,12.670597,-8.597887
208,22746.089,20403.875,30556.548,3,1.191999,9,2,0.000702,MIXED,1.390,3.463,0.001228,72003766.667,-195044233.333,479733.333,24.146360,5.475347,11.459143
209,21441.370,39792.726,45201.697,4,4.998820,11,3,0.003649,MIXED,1.390,3.463,-0.000000,72009350.000,-195088975.000,473200.000,24.203184,5.179669,11.425655
210,34155.651,47988.147,58902.213,5,6.084447,13,3,0.004029,MIXED,1.390,6.926,-0.000000,91179680.000,-186799060.000,-5439200.000,23.033421,3.215108,9.969436
211,22770.434,31992.098,39268.142,5,6.084447,13,3,0.006043,MIXED,1.390,6.926,-0.000000,91179680.000,-186799060.000,-5439200.000,23.033421,3.215108,9.969436
212,25520.329,17299.965,30831.412,3,2.018930,6,3,0.001179,MIXED,1.400,-13.852,0.001210,153530666.667,-142377366.667,4387500.000,9.577922,30.524268,-4.295133
213,40168.902,41307.648,57618.248,3,2.018930,6,3,0.000631,MIXED,1.400,-10.389,0.001210,153514233.333,-142459200.000,4403300.000,14.235428,30.863026,-4.178423
214,63929.297,45872.237,78684.288,4,3.078762,11,4,0.001722,MIXED,1.400,-6.926,0.001210,46645050.000,-203589925.000,15042850.000,16.828652,12.649042,20.592063
215,57255.941,44396.572,72452.042,3,2.099138,7,3,0.000608,MIXED,1.400,-6.926,-0.000000,46631866.667,-203673966.667,15055300.000,16.745931,12.197262,20.648450
216,23817.377,25351.077,34784.257,3,2.278210,11,2,0.001441,MIXED,1.400,-3.463,-0.001210,101031400.000,-183463033.333,954566.667,15.602578,12.579504,-8.827558
217,21525.528,19469.014,29023.970,3,1.191999,9,2,0.000739,MIXED,1.400,3.463,0.001210,72249400.000,-196549833.333,493566.667,24.048644,5.391502,11.773659
218,21065.419,43301.490,48153.618,4,4.998820,11,3,0.003426,MIXED,1.400,3.463,-0.000000,72255675.000,-196593325.000,486800.000,24.106373,5.104133,11.735672
219,32273.074,54028.913,62933.891,5,6.084447,13,3,0.003771,MIXED,1.400,6.926,-0.000000,91941180.000,-188088520.000,-5583300.000,22.846661,3.124689,10.248489
220,21515.382,36019.275,41955.928,5,6.084447,13,3,0.005656,MIXED,1.400,6.926,-0.000000,91941180.000,-188088520.000,-5583300.000,22.846661,3.124689,10.248489
221,24301.203,15136.015,28629.485,3,2.018930,6,3,0.001269,MIXED,1.410,-13.852,0.001193,155491366.667,-142465400.000,4482733.333,9.664517,30.939874,-4.373355
222,16200.802,10090.677,19086.323,3,2.018930,6,3,0.001904,MIXED,1.410,-13.852,0.001193,155491366.667,-142465400.000,4482733.333,9.664517,30.939874,-4.373355
223,43627.118,45103.687,62750.840,3,2.018930,6,3,0.000579,MIXED,1.410,-10.389,0.001193,155475533.333,-142546733.333,4498566.667,14.294408,31.276632,-4.257396
224,66266.048,47484.351,81522.713,4,3.078762,11,4,0.001662,MIXED,1.410,-6.926,0.001193,46247325.000,-205197525.000,15408200.000,16.555091,12.551201,21.098887
225,62416.697,48247.338,78890.111,3,2.099138,7,3,0.000559,MIXED,1.410,-6.926,-0.000000,46234533.333,-205278900.000,15422200.000,16.473026,12.109417,21.158273
226,32591.096,35401.587,48119.143,3,2.278210,11,2,0.001042,MIXED,1.410,-3.463,-0.001193,102024733.333,-184623200.000,979200.000,15.385029,12.487911,-9.057228
227,21727.397,23601.058,32079.429,3,2.278210,11,2,0.001562,MIXED,1.410,-3.463,-0.001193,102024733.333,-184623200.000,979200.000,15.385029,12.487911,-9.057228
228,20455.018,18658.507,27686.597,3,1.191999,9,2,0.000775,MIXED,1.410,3.463,0.001193,72494933.333,-198055033.333,507366.667,23.950553,5.308655,12.088050
229,21354.242,47191.639,51798.209,4,4.998820,11,3,0.003185,MIXED,1.410,3.463,-0.000000,72501925.000,-198097275.000,500400.000,24.009282,5.029159,12.045783
230,29589.232,30490.638,42487.665,4,2.298225,8,2,0.000865,MIXED,1.410,6.926,-0.000000,92700650.000,-189379000.000,-5726000.000,22.688148,3.028010,10.507130
231,35994.125,32207.695,48300.235,3,1.191999,9,2,0.000444,MIXED,1.410,6.926,-0.000000,72523366.667,-198088200.000,444300.000,24.713288,1.592946,11.688688
232,20594.959,41269.450,46122.877,5,6.084447,13,3,0.005145,MIXED,1.410,6.926,-0.000000,92702640.000,-189377880.000,-5727420.000,22.660051,3.033746,10.527467
233,24906.998,15887.290,29542.588,3,2.018930,6,3,0.001230,MIXED,1.420,-13.852,0.001176,157442200.000,-142552866.667,4577533.333,9.747238,31.352980,-4.451203
234,16604.665,10591.526,19695.059,3,2.018930,6,3,0.001845,MIXED,1.420,-13.852,0.001176,157442200.000,-142552866.667,4577533.333,9.747238,31.352980,-4.451203
235,47217.462,48977.545,68031.527,3,2.018930,6,3,0.000534,MIXED,1.420,-10.389,0.001176,157427000.000,-142633766.667,4593300.000,14.351013,31.687739,-4.336118
236,69562.125,49563.791,85413.457,4,3.078762,11,4,0.001586,MIXED,1.420,-6.926,0.001176,45850200.000,-206802225.000,15773050.000,16.282092,12.456640,21.604868
237,29538.956,32815.995,44152.456,3,2.278210,11,2,0.001135,MIXED,1.420,-3.463,-0.001176,103017800.000,-185782966.667,1003800.000,15.167979,12.395193,-9.286773
238,19692.637,21877.330,29434.971,3,2.278210,11,2,0.001703,MIXED,1.420,-3.463,-0.001176,103017800.000,-185782966.667,1003800.000,15.167979,12.395193,-9.286773
239,29337.157,26794.390,39731.702,3,1.191999,9,2,0.000540,MIXED,1.420,3.463,0.001176,72740400.000,-199559800.000,521233.333,23.852462,5.226434,12.402315
240,19558.105,17862.927,26487.801,3,1.191999,9,2,0.000810,MIXED,1.420,3.463,0.001176,72740400.000,-199559800.000,521233.333,23.852462,5.226434,12.402315
241,23376.340,21664.102,31871.408,3,1.191999,9,2,0.000673,MIXED,1.420,3.463,-0.000000,72749900.000,-199605333.333,515933.333,23.915565,4.904421,12.375950
242,15584.227,14442.735,21247.605,3,1.191999,9,2,0.001010,MIXED,1.420,3.463,-0.000000,72749900.000,-199605333.333,515933.333,23.915565,4.904421,12.375950
243,36102.004,32496.879,48573.674,3,1.191999,9,2,0.000442,MIXED,1.420,6.926,0.001176,72759200.000,-199546900.000,463533.333,24.551094,1.837487,12.029820
244,30767.949,33026.157,45137.498,4,2.298225,8,2,0.000815,MIXED,1.420,6.926,-0.000000,93462525.000,-190668050.000,-5870425.000,22.504836,2.939072,10.780223
245,35299.919,31765.300,47488.089,3,1.191999,9,2,0.000452,MIXED,1.420,6.926,-0.000000,72768700.000,-199592433.333,458233.333,24.614197,1.515473,12.003329
246,20127.920,47199.544,51312.086,5,6.084447,13,3,0.004625,MIXED,1.420,6.926,-0.000000,93464060.000,-190667160.000,-5871540.000,22.473816,2.942353,10.806370
247,27285.806,19248.423,33391.871,3,2.018930,6,3,0.001088,MIXED,1.430,-13.852,0.001160,159383600.000,-142639866.667,4671866.667,9.826835,31.763463,-4.529051
248,18190.538,12832.282,22261.247,3,2.018930,6,3,0.001632,MIXED,1.430,-13.852,0.001160,159383600.000,-142639866.667,4671866.667,9.826835,31.763463,-4.529051
249,73605.696,52100.989,90179.330,4,3.078762,11,4,0.001502,MIXED,1.430,-6.926,0.001160,45453700.000,-208404050.000,16137400.000,16.009749,12.365453,22.110005
250,30289.497,37982.696,48581.260,3,2.278210,11,2,0.001032,MIXED,1.430,-3.463,-0.000000,103998433.333,-186925833.333,1029666.667,15.071388,12.147529,-9.522816
251,26567.350,30274.465,40278.621,3,2.278210,11,2,0.001244,MIXED,1.430,-3.463,-0.001160,104010566.667,-186942433.333,1028400.000,14.951555,12.301975,-9.516568
252,17711.567,20182.976,26852.414,3,2.278210,11,2,0.001867,MIXED,1.430,-3.463,-0.001160,104010566.667,-186942433.333,1028400.000,14.951555,12.301975,-9.516568
253,28121.278,25819.558,38176.640,3,1.191999,9,2,0.000562,MIXED,1.430,3.463,0.001160,72985833.333,-201064200.000,535066.667,23.753996,5.144837,12.716706
254,18747.519,17213.039,25451.094,3,1.191999,9,2,0.000843,MIXED,1.430,3.463,0.001160,72985833.333,-201064200.000,535066.667,23.753996,5.144837,12.716706
255,24898.293,22995.596,33892.808,3,1.191999,9,2,0.000633,MIXED,1.430,3.463,-0.000000,72995166.667,-201109133.333,529866.667,23.816349,4.827448,12.690590
256,16598.862,15330.397,22595.205,3,1.191999,9,2,0.000950,MIXED,1.430,3.463,-0.000000,72995166.667,-201109133.333,529866.667,23.816349,4.827448,12.690590
257,34690.904,31423.485,46806.989,3,1.191999,9,2,0.000458,MIXED,1.430,6.926,0.001160,73004633.333,-201051433.333,477433.333,24.452753,1.756140,12.344086
258,32248.861,36283.142,48543.335,4,2.298225,8,2,0.000758,MIXED,1.430,6.926,-0.000000,94224350.000,-191957025.000,-6014825.000,22.321619,2.849853,11.053315
259,34732.620,31459.473,46862.067,3,1.191999,9,2,0.000458,MIXED,1.430,6.926,-0.000000,73014000.000,-201096333.333,472200.000,24.514982,1.438750,12.318095
260,18630.247,54760.734,57843.099,4,6.084447,11,3,0.003471,MIXED,1.430,6.926,-0.000000,94228100.000,-191955750.000,-6016475.000,22.270543,2.850603,11.097269
261,30931.088,24054.830,39183.760,3,2.018930,6,3,0.000927,MIXED,1.440,-13.852,0.001144,161315866.667,-142726333.333,4765766.667,9.903184,32.171571,-4.606399
262,20620.725,16036.553,26122.507,3,2.018930,6,3,0.001391,MIXED,1.440,-13.852,0.001144,161315866.667,-142726333.333,4765766.667,9.903184,32.171571,-4.606399
263,49826.005,40368.745,64126.955,3,2.099138,7,3,0.000687,MIXED,1.440,-6.926,0.001144,45055200.000,-210004466.667,16520133.333,15.722912,12.272611,22.657877
264,29035.320,36960.154,47001.094,3,2.278210,11,2,0.001066,MIXED,1.440,-3.463,-0.000000,104991133.333,-188085200.000,1054266.667,14.853964,12.055686,-9.752236
265,23823.156,28101.499,36840.698,3,2.278210,11,2,0.001360,MIXED,1.440,-3.463,-0.001144,105003133.333,-188101566.667,1053066.667,14.735630,12.208008,-9.746113
266,15882.104,18734.333,24560.465,3,2.278210,11,2,0.002041,MIXED,1.440,-3.463,-0.001144,105003133.333,-188101566.667,1053066.667,14.735630,12.208008,-9.746113
267,27255.681,24894.767,36913.704,3,1.191999,9,2,0.000581,MIXED,1.440,3.463,0.001144,73231133.333,-202568300.000,548933.333,23.655530,5.064240,13.030972
268,18170.454,16596.511,24609.136,3,1.191999,9,2,0.000872,MIXED,1.440,3.463,0.001144,73231133.333,-202568300.000,548933.333,23.655530,5.064240,13.030972
269,26526.932,24247.668,35939.219,3,1.191999,9,2,0.000597,MIXED,1.440,3.463,-0.000000,73240366.667,-202612533.333,543766.667,23.716759,4.751224,13.005356
270,17684.621,16165.112,23959.480,3,1.191999,9,2,0.000896,MIXED,1.440,3.463,-0.000000,73240366.667,-202612533.333,543766.667,23.716759,4.751224,13.005356
271,33301.644,30312.104,45031.357,3,1.191999,9,2,0.000476,MIXED,1.440,6.926,0.001144,73249966.667,-202555600.000,491266.667,24.354162,1.675543,12.658476
272,33826.313,39997.805,52383.622,4,2.298225,8,2,0.000702,MIXED,1.440,6.926,-0.000000,94986125.000,-193245900.000,-6159225.000,22.138682,2.760166,11.326314
273,34286.766,31195.288,46354.377,3,1.191999,9,2,0.000463,MIXED,1.440,6.926,-0.000000,73259200.000,-202599833.333,486100.000,24.415516,1.362527,12.632860
274,22550.876,26665.203,34922.415,4,2.298225,8,2,0.001053,MIXED,1.440,6.926,-0.000000,94986125.000,-193245900.000,-6159225.000,22.138682,2.760166,11.326314
275,35383.825,29481.330,46056.095,3,2.018930,6,3,0.000789,MIXED,1.450,-13.852,0.001128,163239333.333,-142812333.333,4859200.000,9.976533,32.577430,-4.683498
276,23589.217,19654.220,30704.064,3,2.018930,6,3,0.001184,MIXED,1.450,-13.852,0.001128,163239333.333,-142812333.333,4859200.000,9.976533,32.577430,-4.683498
277,83125.212,52527.840,98330.946,4,3.078762,11,4,0.001378,MIXED,1.450,-10.389,0.001128,44562250.000,-211625175.000,17046900.000,15.894477,15.752120,23.169855
278,53312.763,42708.916,68310.338,3,2.099138,7,3,0.000645,MIXED,1.450,-6.926,0.001128,44660200.000,-211599133.333,16884866.667,15.451631,12.191514,23.164576
279,55703.295,38805.878,67887.799,4,3.078762,11,4,0.001995,MIXED,1.450,-6.926,0.001128,44662325.000,-211599400.000,16864625.000,15.466844,12.192545,23.117748
280,55450.147,42345.680,69770.161,3,2.099138,7,3,0.000632,MIXED,1.450,-6.926,-0.000000,44651400.000,-211670066.667,16884466.667,15.387653,11.790528,23.188942
281,27781.483,36030.722,45497.514,3,2.278210,11,2,0.001102,MIXED,1.450,-3.463,-0.000000,105983566.667,-189244266.667,1078866.667,14.637039,11.963093,-9.981657
282,21402.722,26158.860,33798.853,3,2.278210,11,2,0.001483,MIXED,1.450,-3.463,-0.001128,105995400.000,-189260366.667,1077633.333,14.520454,12.113291,-9.975659
283,14268.481,17439.240,22532.568,3,2.278210,11,2,0.002224,MIXED,1.450,-3.463,-0.001128,105995400.000,-189260366.667,1077633.333,14.520454,12.113291,-9.975659
284,26691.164,24232.376,36050.330,3,1.191999,9,2,0.000595,MIXED,1.450,3.463,0.001128,73476400.000,-204071966.667,562800.000,23.556565,4.984143,13.345238
285,17794.109,16154.917,24033.553,3,1.191999,9,2,0.000893,MIXED,1.450,3.463,0.001128,73476400.000,-204071966.667,562800.000,23.556565,4.984143,13.345238
286,28400.515,25657.731,38274.122,3,1.191999,9,2,0.000561,MIXED,1.450,3.463,-0.000000,73485500.000,-204115600.000,557733.333,23.617293,4.675500,13.319997
287,18933.677,17105.154,25516.081,3,1.191999,9,2,0.000841,MIXED,1.450,3.463,-0.000000,73485500.000,-204115600.000,557733.333,23.617293,4.675500,13.319997
288,32014.629,29295.306,43395.293,3,1.191999,9,2,0.000494,MIXED,1.450,6.926,0.001128,73495233.333,-204059366.667,505133.333,24.255322,1.595820,12.972867
289,33866.288,30972.128,45893.335,3,1.191999,9,2,0.000468,MIXED,1.450,6.926,-0.000000,73504366.667,-204103000.000,500033.333,24.315926,1.287053,12.947501
290,23876.939,29398.564,37873.259,4,2.298225,8,2,0.000971,MIXED,1.450,6.926,-0.000000,95747900.000,-194534700.000,-6303650.000,21.956027,2.670197,11.599407
291,29874.951,44257.384,53396.899,4,2.298225,8,2,0.000689,MIXED,1.450,10.389,-0.000000,95766350.000,-194524925.000,-6331675.000,23.559064,-0.395862,11.507189
292,40338.986,35238.581,53562.966,3,2.018930,6,3,0.000678,MIXED,1.460,-13.852,0.001113,165154300.000,-142897833.333,4952200.000,10.047134,32.981040,-4.760471
293,26892.657,23492.387,35708.644,3,2.018930,6,3,0.001018,MIXED,1.460,-13.852,0.001113,165154300.000,-142897833.333,4952200.000,10.047134,32.981040,-4.760471
294,82686.206,51416.807,97368.870,4,3.078762,11,4,0.001391,MIXED,1.460,-10.389,0.001113,44167625.000,-213217925.000,17409600.000,15.623727,15.669087,23.672274
295,57081.141,45225.797,72826.022,3,2.099138,7,3,0.000605,MIXED,1.460,-6.926,0.001113,44265700.000,-213191066.667,17249200.000,15.180975,12.113791,23.670275
296,59623.081,41123.163,72429.458,4,3.078762,11,4,0.001870,MIXED,1.460,-6.926,0.001113,44267425.000,-213193050.000,17227575.000,15.196282,12.110729,23.620449
297,58888.268,44862.914,74030.461,3,2.099138,7,3,0.000595,MIXED,1.460,-6.926,-0.000000,44257033.333,-213261000.000,17248766.667,15.117997,11.718553,23.694267
298,26705.738,35212.366,44193.972,3,2.278210,11,2,0.001134,MIXED,1.460,-3.463,-0.000000,106975766.667,-190403000.000,1103466.667,14.420614,11.869875,-10.211077
299,19309.589,24759.609,31399.021,3,2.278210,11,2,0.001596,MIXED,1.460,-3.463,-0.001113,106987400.000,-190418866.667,1102233.333,14.305654,12.017949,-10.205079
300,12873.059,16506.406,20932.680,3,2.278210,11,2,0.002394,MIXED,1.460,-3.463,-0.001113,106987400.000,-190418866.667,1102233.333,14.305654,12.017949,-10.205079
301,26551.925,23900.010,35724.154,3,1.191999,9,2,0.000601,MIXED,1.460,3.463,0.001113,73721566.667,-205575300.000,576666.667,23.457724,4.904921,13.659504
302,17701.283,15933.340,23816.103,3,1.191999,9,2,0.000901,MIXED,1.460,3.463,0.001113,73721566.667,-205575300.000,576666.667,23.457724,4.904921,13.659504
303,30223.190,27142.710,40622.259,3,1.191999,9,2,0.000528,MIXED,1.460,3.463,-0.000000,73730533.333,-205618366.667,571666.667,23.517453,4.600526,13.634637
304,20148.794,18095.140,27081.506,3,1.191999,9,2,0.000792,MIXED,1.460,3.463,-0.000000,73730533.333,-205618366.667,571666.667,23.517453,4.600526,13.634637
305,30753.271,28327.912,41811.892,3,1.191999,9,2,0.000513,MIXED,1.460,6.926,0.001113,73740466.667,-205562800.000,519000.000,24.156356,1.516723,13.287008
306,33553.641,30769.056,45525.615,3,1.191999,9,2,0.000471,MIXED,1.460,6.926,-0.000000,73749400.000,-205605866.667,514000.000,24.215960,1.212079,13.262142
307,25209.864,32302.789,40975.694,4,2.298225,8,2,0.000897,MIXED,1.460,6.926,-0.000000,96509575.000,-195823425.000,-6448050.000,21.773559,2.579666,11.872312
308,27904.250,40675.473,49326.882,4,2.298225,8,2,0.000745,MIXED,1.460,10.389,-0.000000,96528025.000,-195813600.000,-6476075.000,23.376502,-0.486300,11.780188
309,82684.843,50651.444,96965.726,4,3.078762,11,4,0.001397,MIXED,1.470,-10.389,0.001098,43773525.000,-214808075.000,17771800.000,15.353634,15.589052,24.174037
310,61160.750,47911.992,77692.962,3,2.099138,7,3,0.000567,MIXED,1.470,-6.926,0.001098,43871833.333,-214780433.333,17613000.000,14.911069,12.039067,24.175225
311,63777.518,43622.194,77268.801,4,3.078762,11,4,0.001753,MIXED,1.470,-6.926,0.001098,43873125.000,-214784150.000,17590050.000,14.926282,12.031913,24.122399
312,62385.726,47396.717,78348.118,3,2.099138,7,3,0.000563,MIXED,1.470,-6.926,-0.000000,43863266.667,-214849366.667,17612600.000,14.848965,11.649452,24.198841
313,25828.498,34490.495,43089.507,3,2.278210,11,2,0.001163,MIXED,1.470,-3.463,-0.000000,107967700.000,-191561400.000,1128000.000,14.204939,11.775783,-10.440497
314,17753.069,23512.397,29461.912,3,2.278210,11,2,0.001701,MIXED,1.470,-3.463,-0.001098,107979166.667,-191577066.667,1126833.333,14.091478,11.921857,-10.434499
315,11835.379,15674.931,19641.275,3,2.278210,11,2,0.002552,MIXED,1.470,-3.463,-0.001098,107979166.667,-191577066.667,1126833.333,14.091478,11.921857,-10.434499
316,26581.666,23611.756,35554.184,3,1.191999,9,2,0.000603,MIXED,1.470,3.463,0.001098,73966666.667,-207078300.000,590533.333,23.358633,4.826448,13.973769
317,17721.111,15741.171,23702.789,3,1.191999,9,2,0.000905,MIXED,1.470,3.463,0.001098,73966666.667,-207078300.000,590533.333,23.358633,4.826448,13.973769
318,32249.598,28776.525,43221.811,3,1.191999,9,2,0.000496,MIXED,1.470,3.463,-0.000000,73975533.333,-207120766.667,585633.333,23.417613,4.526052,13.949278
319,21499.732,19184.350,28814.541,3,1.191999,9,2,0.000745,MIXED,1.470,3.463,-0.000000,73975533.333,-207120766.667,585633.333,23.417613,4.526052,13.949278
320,29566.059,27399.809,40310.065,3,1.191999,9,2,0.000532,MIXED,1.470,6.926,0.001098,73985566.667,-207065900.000,532900.000,24.057266,1.438250,13.601399
321,33264.651,30634.342,45221.675,3,1.191999,9,2,0.000474,MIXED,1.470,6.926,-0.000000,73994433.333,-207108366.667,527933.333,24.116120,1.137855,13.576782
322,26762.607,35404.825,44381.739,4,2.298225,8,2,0.000829,MIXED,1.470,6.926,-0.000000,97271200.000,-197112075.000,-6592425.000,21.591279,2.488854,12.145405
323,26031.063,37126.575,45343.123,4,2.298225,8,2,0.000811,MIXED,1.470,10.389,-0.000000,97289675.000,-197102225.000,-6620475.000,23.194315,-0.577112,12.053280
