#ptct,MJD,RA,Dec,idstring,mag,band,obscode,index1,index2,clusternum
0000,60875.287261,358.909365,2.047831,K16P08B,29.291,r,I11,510,667,1
0001,60875.313265,358.934865,2.053336,K16P08B,25.447,i,I11,511,674,1
0002,60876.275082,359.909898,2.256384,K16P08B,28.436,u,I11,576,772,1
0003,60876.275617,359.910435,2.256497,K16P08B,25.887,u,I11,577,773,1
0004,60877.282009,0.948678,2.468552,K16P08B,25.812,r,I11,657,883,1
0005,60877.306191,0.973312,2.473654,K16P08B,25.862,i,I11,658,893,1
0000,60878.182133,9.268478,-42.494346,K05M13M,19.004,g,I11,671,920,2
0001,60878.184128,9.271542,-42.495799,K05M13M,18.430,i,I11,672,921,2
0002,60878.184564,9.272212,-42.496117,K05M13M,18.323,i,I11,673,922,2
0003,60878.185000,9.272882,-42.496434,K05M13M,18.338,i,I11,674,923,2
0004,60878.185437,9.273553,-42.496753,K05M13M,18.389,i,I11,675,924,2
0005,60878.187357,9.276502,-42.498151,K05M13M,22.541,u,I11,676,925,2
0006,60878.187886,9.277314,-42.498536,K05M13M,22.443,u,I11,677,926,2
0007,60878.188416,9.278128,-42.498922,K05M13M,22.522,u,I11,678,927,2
0008,60878.188945,9.278940,-42.499308,K05M13M,22.361,u,I11,679,928,2
0009,60879.171189,10.810282,-43.183113,K05M13M,22.653,u,I11,748,1035,2
0010,60879.171718,10.811106,-43.183490,K05M13M,22.620,u,I11,749,1037,2
0011,60879.172246,10.811929,-43.183866,K05M13M,22.580,u,I11,751,1039,2
0012,60879.172775,10.812753,-43.184242,K05M13M,22.695,u,I11,753,1041,2
0013,60879.174963,10.816161,-43.185800,K05M13M,18.319,r,I11,755,1042,2
0014,60879.175399,10.816840,-43.186110,K05M13M,18.280,r,I11,757,1045,2
0015,60879.175836,10.817520,-43.186421,K05M13M,18.438,r,I11,759,1047,2
0016,60879.176271,10.818199,-43.186732,K05M13M,18.509,r,I11,761,1049,2
0017,60879.176708,10.818878,-43.187042,K05M13M,18.378,r,I11,763,1050,2
0018,60879.179064,10.822545,-43.188719,K05M13M,22.604,u,I11,764,1052,2
0019,60879.181211,10.825885,-43.190247,K05M13M,18.966,z,I11,765,1053,2
0020,60879.181646,10.826562,-43.190556,K05M13M,18.855,z,I11,766,1054,2
0021,60879.182082,10.827240,-43.190866,K05M13M,18.759,z,I11,767,1055,2
0022,60879.182519,10.827919,-43.191177,K05M13M,18.879,z,I11,769,1057,2
0023,60879.182956,10.828599,-43.191488,K05M13M,19.875,z,I11,771,1058,2
0024,60879.382170,11.134098,-43.331023,K05M13M,18.834,g,I11,782,1098,2
0025,60879.382606,11.134760,-43.331321,K05M13M,18.798,g,I11,783,1099,2
0026,60879.383044,11.135426,-43.331621,K05M13M,18.809,g,I11,785,1102,2
0027,60879.383480,11.136091,-43.331921,K05M13M,18.877,g,I11,787,1103,2
0028,60879.385656,11.139401,-43.333411,K05M13M,22.272,u,I11,789,1106,2
0029,60879.386185,11.140205,-43.333773,K05M13M,22.329,u,I11,791,1107,2
0030,60879.388345,11.143494,-43.335252,K05M13M,18.335,i,I11,792,1109,2
0031,60879.388782,11.144157,-43.335551,K05M13M,18.299,i,I11,794,1110,2
0032,60879.389655,11.145485,-43.336148,K05M13M,18.454,i,I11,797,1113,2
0033,60879.392363,11.149606,-43.338000,K05M13M,22.429,u,I11,799,1116,2
0034,60879.392892,11.150411,-43.338362,K05M13M,22.451,u,I11,801,1117,2
0035,60879.393422,11.151217,-43.338724,K05M13M,22.341,u,I11,803,1119,2
0000,60867.043453,260.154429,-19.316349,K25O04L,21.500,z,I11,0,7,3
0001,60867.043910,260.154081,-19.315629,K25O04L,21.500,z,I11,1,8,3
0002,60867.044384,260.153723,-19.314886,K25O04L,27.638,z,I11,2,9,3
0003,60867.044841,260.153376,-19.314167,K25O04L,21.512,z,I11,3,10,3
0004,60868.023077,259.455817,-17.772851,K25O04L,24.342,y,I11,114,154,3
0005,60868.030507,259.450387,-17.761196,K25O04L,21.500,i,I11,115,159,3
0006,60868.053463,259.433588,-17.725174,K25O04L,21.500,z,I11,116,163,3
0007,60869.005303,258.781215,-16.230333,K25O04L,21.500,g,I11,186,254,3
0008,60869.029059,258.764516,-16.193245,K25O04L,21.500,r,I11,187,261,3
0009,60870.043914,258.094634,-14.609723,K25O04L,21.500,y,I11,251,336,3
0010,60870.122215,258.041504,-14.488162,K25O04L,21.740,r,I11,252,351,3
0000,60869.300832,348.851168,3.237783,K24P03R,20.142,i,I11,229,297,4
0001,60869.324369,348.841464,3.216209,K24P03R,20.890,z,I11,230,313,4
0002,60874.283677,346.711981,-1.597352,K24P03R,19.928,r,I11,465,584,4
0003,60874.297069,346.705020,-1.611041,K24P03R,19.806,r,I11,466,594,4
0004,60874.309578,346.698503,-1.623830,K24P03R,19.731,i,I11,467,595,4
0005,60875.291336,346.213245,-2.636692,K24P03R,19.841,r,I11,512,671,4
0006,60875.317149,346.199212,-2.663574,K24P03R,20.141,i,I11,513,676,4
0007,60878.230249,344.632018,-5.770276,K24P03R,20.989,g,I11,704,945,4
0008,60878.232663,344.630559,-5.772910,K24P03R,19.952,r,I11,705,947,4
0009,60878.253933,344.617667,-5.796126,K24P03R,19.914,i,I11,707,957,4
0000,60872.002895,221.641820,-39.310536,K22P20K,22.552,r,I11,323,428,5
0001,60872.010168,221.651490,-39.310327,K22P20K,20.281,r,I11,324,429,5
0002,60872.975397,223.046265,-39.277807,K22P20K,19.070,r,I11,325,430,5
0003,60872.976320,223.047535,-39.277774,K22P20K,19.031,r,I11,326,431,5
0004,60872.976781,223.048168,-39.277758,K22P20K,19.026,r,I11,327,432,5
0005,60872.977741,223.049490,-39.277723,K22P20K,19.081,r,I11,328,433,5
0006,60872.978201,223.050121,-39.277706,K22P20K,19.147,r,I11,329,434,5
0007,60872.978657,223.050748,-39.277690,K22P20K,19.106,r,I11,330,435,5
0008,60872.979112,223.051374,-39.277673,K22P20K,19.096,r,I11,331,436,5
0009,60872.981927,223.055248,-39.277569,K22P20K,19.061,r,I11,332,437,5
0010,60872.982380,223.055869,-39.277552,K22P20K,19.142,r,I11,333,438,5
0011,60872.986264,223.061212,-39.277404,K22P20K,19.143,r,I11,334,439,5
0012,60872.990071,223.066448,-39.277254,K22P20K,19.751,g,I11,335,440,5
0013,60872.991563,223.068502,-39.277195,K22P20K,19.657,g,I11,336,441,5
0014,60872.994002,223.071856,-39.277096,K22P20K,19.731,g,I11,337,442,5
0015,60872.995414,223.073798,-39.277037,K22P20K,19.806,g,I11,338,443,5
0016,60872.995892,223.074456,-39.277018,K22P20K,19.742,g,I11,339,444,5
0017,60873.001806,223.082593,-39.276767,K22P20K,19.823,g,I11,340,445,5
0018,60873.002825,223.083995,-39.276723,K22P20K,19.822,g,I11,341,446,5
0019,60873.003294,223.084640,-39.276702,K22P20K,19.794,g,I11,342,447,5
0020,60873.141665,223.277172,-39.268023,K22P20K,19.107,i,I11,343,448,5
0021,60873.143956,223.280419,-39.267841,K22P20K,19.063,i,I11,344,449,5
0022,60873.144413,223.281067,-39.267804,K22P20K,19.122,i,I11,345,450,5
0023,60873.144870,223.281715,-39.267768,K22P20K,19.071,i,I11,346,451,5
0024,60873.145329,223.282366,-39.267731,K22P20K,19.070,i,I11,347,452,5
0025,60873.147620,223.285617,-39.267547,K22P20K,19.118,i,I11,348,453,5
0026,60873.148076,223.286266,-39.267511,K22P20K,19.174,i,I11,349,454,5
0027,60873.148533,223.286913,-39.267474,K22P20K,19.111,i,I11,350,455,5
0028,60873.152184,223.292102,-39.267178,K22P20K,19.144,i,I11,351,456,5
0029,60873.155147,223.296317,-39.266937,K22P20K,19.623,g,I11,352,457,5
0030,60873.155606,223.296970,-39.266900,K22P20K,19.629,g,I11,353,458,5
0031,60873.156066,223.297626,-39.266862,K22P20K,19.639,g,I11,354,459,5
0032,60873.157441,223.299584,-39.266749,K22P20K,19.646,g,I11,355,460,5
0033,60873.159725,223.302839,-39.266561,K22P20K,19.646,g,I11,356,461,5
0034,60873.161096,223.304795,-39.266448,K22P20K,19.667,g,I11,357,462,5
0035,60873.161554,223.305448,-39.266410,K22P20K,19.669,g,I11,358,463,5
0036,60873.162013,223.306103,-39.266372,K22P20K,19.695,g,I11,359,464,5
0037,60873.162466,223.306749,-39.266335,K22P20K,19.659,g,I11,360,465,5
0038,60873.164296,223.309362,-39.266182,K22P20K,19.641,g,I11,361,466,5
0039,60873.166581,223.312627,-39.265992,K22P20K,19.692,g,I11,362,467,5
0040,60873.167036,223.313278,-39.265954,K22P20K,19.696,g,I11,363,468,5
0041,60873.167951,223.314586,-39.265877,K22P20K,19.661,g,I11,364,469,5
0042,60873.168410,223.315243,-39.265839,K22P20K,19.650,g,I11,365,470,5
0043,60873.170583,223.318353,-39.265656,K22P20K,19.066,r,I11,366,471,5
0044,60873.171040,223.319008,-39.265618,K22P20K,19.066,r,I11,367,472,5
0045,60873.171498,223.319663,-39.265579,K22P20K,19.051,r,I11,368,473,5
0046,60873.171958,223.320322,-39.265540,K22P20K,19.085,r,I11,369,474,5
0047,60873.172414,223.320975,-39.265502,K22P20K,19.049,r,I11,370,475,5
0048,60873.172875,223.321636,-39.265463,K22P20K,19.091,r,I11,371,476,5
0049,60873.173335,223.322295,-39.265424,K22P20K,19.096,r,I11,372,477,5
0050,60873.173792,223.322950,-39.265386,K22P20K,19.108,r,I11,373,478,5
0051,60873.174715,223.324273,-39.265307,K22P20K,19.084,r,I11,374,479,5
0052,60873.175171,223.324928,-39.265268,K22P20K,19.071,r,I11,375,480,5
0053,60873.176544,223.326897,-39.265152,K22P20K,19.078,r,I11,376,481,5
0054,60873.177921,223.328873,-39.265035,K22P20K,19.052,r,I11,377,482,5
0055,60873.178383,223.329537,-39.264995,K22P20K,19.133,r,I11,378,483,5
0056,60873.180673,223.332827,-39.264800,K22P20K,19.101,r,I11,379,484,5
0057,60873.181129,223.333482,-39.264761,K22P20K,19.079,r,I11,380,485,5
0058,60873.182503,223.335458,-39.264643,K22P20K,19.100,r,I11,381,486,5
0059,60873.183868,223.337423,-39.264526,K22P20K,19.082,r,I11,382,487,5
0060,60873.187043,223.341994,-39.264252,K22P20K,23.917,u,I11,383,488,5
0061,60873.187596,223.342790,-39.264204,K22P20K,23.512,u,I11,384,489,5
0062,60873.189253,223.345179,-39.264061,K22P20K,23.850,u,I11,385,490,5
0063,60873.190909,223.347568,-39.263917,K22P20K,23.385,u,I11,386,491,5
0064,60873.192556,223.349946,-39.263774,K22P20K,23.179,u,I11,387,492,5
0065,60873.194753,223.353120,-39.263582,K22P20K,23.811,u,I11,388,493,5
0066,60873.195299,223.353909,-39.263535,K22P20K,23.131,u,I11,389,494,5
0067,60873.195846,223.354700,-39.263487,K22P20K,23.210,u,I11,390,495,5
0068,60873.196945,223.356290,-39.263391,K22P20K,23.497,u,I11,391,496,5
0069,60873.198043,223.357878,-39.263295,K22P20K,24.089,u,I11,392,497,5
0070,60873.198600,223.358685,-39.263246,K22P20K,23.473,u,I11,393,498,5
0071,60873.199146,223.359475,-39.263198,K22P20K,23.533,u,I11,394,499,5
0072,60873.200804,223.361876,-39.263053,K22P20K,23.888,u,I11,395,500,5
0073,60873.204416,223.367113,-39.262734,K22P20K,19.952,z,I11,396,501,5
0074,60873.204866,223.367768,-39.262695,K22P20K,19.943,z,I11,397,502,5
0075,60873.206245,223.369768,-39.262573,K22P20K,20.096,z,I11,398,503,5
0076,60873.206700,223.370429,-39.262533,K22P20K,20.056,z,I11,399,504,5
0077,60873.207153,223.371087,-39.262493,K22P20K,19.999,z,I11,400,505,5
0078,60873.207611,223.371753,-39.262452,K22P20K,19.976,z,I11,401,506,5
0079,60873.210369,223.375762,-39.262208,K22P20K,20.043,z,I11,402,507,5
0080,60873.211744,223.377762,-39.262085,K22P20K,19.986,z,I11,403,508,5
0081,60873.212204,223.378433,-39.262044,K22P20K,20.010,z,I11,404,509,5
0082,60873.213117,223.379761,-39.261963,K22P20K,19.863,z,I11,405,510,5
0083,60873.213578,223.380433,-39.261922,K22P20K,20.088,z,I11,406,511,5
0084,60873.214041,223.381107,-39.261881,K22P20K,20.024,z,I11,407,512,5
0085,60873.214960,223.382446,-39.261799,K22P20K,19.995,z,I11,408,513,5
0086,60873.215875,223.383780,-39.261718,K22P20K,20.068,z,I11,409,514,5
0087,60873.216786,223.385108,-39.261636,K22P20K,19.986,z,I11,410,515,5
0000,60868.014461,254.103935,-13.078212,K25D49K,20.059,r,I11,101,150,6
0001,60868.033210,254.110903,-13.105840,K25D49K,20.033,i,I11,102,162,6
0002,60868.056270,254.119413,-13.139760,K25D49K,20.574,z,I11,103,166,6
0003,60868.083650,254.129462,-13.179941,K25D49K,22.415,y,I11,104,170,6
0004,60868.092854,254.132834,-13.193427,K25D49K,21.976,y,I11,105,172,6
0005,60868.095162,254.133679,-13.196806,K25D49K,20.156,r,I11,106,173,6
0006,60868.106249,254.137740,-13.213032,K25D49K,20.204,i,I11,122,177,6
0007,60868.150929,254.154164,-13.278252,K25D49K,21.120,z,I11,123,185,6
0008,60868.171313,254.161721,-13.307919,K25D49K,21.885,y,I11,124,192,6
0009,60870.185530,255.011082,-16.126885,K25D49K,20.206,i,I11,279,364,6
0010,60870.209528,255.020288,-16.158831,K25D49K,21.041,z,I11,280,371,6
0011,60871.001433,255.367056,-17.201205,K25D49K,25.504,g,I11,317,416,6
0012,60871.033744,255.379381,-17.243171,K25D49K,25.487,g,I11,318,423,6
0000,60868.016778,245.027246,-9.511187,K20O03O,21.500,r,I11,107,151,7
0001,60868.058228,245.041952,-9.560965,K20O03O,21.500,z,I11,108,167,7
0002,60868.080097,245.049682,-9.587167,K20O03O,26.887,y,I11,109,169,7
0003,60868.089286,245.052934,-9.598166,K20O03O,21.500,y,I11,110,171,7
0004,60868.100073,245.056757,-9.611068,K20O03O,26.617,r,I11,111,176,7
0005,60869.095775,245.480635,-10.794792,K20O03O,21.500,r,I11,201,271,7
0006,60869.108015,245.485143,-10.809201,K20O03O,25.684,i,I11,202,278,7
0007,60870.069198,245.908643,-11.934284,K20O03O,21.500,g,I11,262,343,7
0008,60870.093191,245.917763,-11.962109,K20O03O,21.500,r,I11,263,348,7
0009,60870.125622,245.930165,-11.999629,K20O03O,24.755,r,I11,264,352,7
0010,60870.127571,245.930914,-12.001881,K20O03O,21.500,r,I11,267,354,7
0011,60870.150365,245.939731,-12.028186,K20O03O,21.500,i,I11,268,357,7
0012,60870.152293,245.940482,-12.030408,K20O03O,21.500,i,I11,270,358,7
0000,60869.054115,281.959217,-26.547582,K00S01E,23.070,i,I11,190,264,8
0001,60869.077741,281.946905,-26.523749,K00S01E,15.832,z,I11,191,267,8
0002,60870.030180,281.487981,-25.560271,K00S01E,15.195,r,I11,248,332,8
0003,60870.052850,281.476708,-25.537716,K00S01E,15.476,g,I11,249,337,8
0004,60870.076294,281.464984,-25.514363,K00S01E,14.884,r,I11,250,344,8
0005,60870.223596,281.390756,-25.366812,K00S01E,15.560,i,I11,285,374,8
0006,60870.224998,281.390053,-25.365400,K00S01E,14.632,i,I11,286,375,8
0007,60870.244723,281.380182,-25.345528,K00S01E,15.976,z,I11,287,378,8
0008,60870.246114,281.379488,-25.344126,K00S01E,15.338,z,I11,288,379,8
0009,60874.027398,279.763381,-21.671631,K00S01E,15.920,g,I11,419,522,8
0010,60874.052936,279.752794,-21.647880,K00S01E,15.574,r,I11,420,529,8
0000,60874.209914,329.799902,-4.681295,K25O17H,21.974,r,I11,453,560,9
0001,60874.232741,329.824298,-4.688712,K25O17H,22.108,r,I11,454,563,9
0002,60874.253345,329.846272,-4.695403,K25O17H,21.890,i,I11,455,570,9
0003,60876.246387,332.137013,-5.378209,K25O17H,26.050,u,I11,574,765,9
0004,60876.248054,332.138880,-5.378815,K25O17H,26.214,u,I11,575,767,9
0005,60877.209268,333.285652,-5.735110,K25O17H,22.033,r,I11,644,867,9
0006,60877.234652,333.314850,-5.744822,K25O17H,22.866,i,I11,645,875,9
0007,60878.197604,334.490428,-6.119776,K25O17H,25.344,u,I11,680,930,9
0008,60878.235390,334.534958,-6.134959,K25O17H,21.915,r,I11,681,950,9
0009,60878.256701,334.559995,-6.143510,K25O17H,21.959,i,I11,682,962,9
0000,60874.086080,303.084643,-24.630145,K25A02H,20.528,g,I11,426,533,10
0001,60874.109387,303.062306,-24.613002,K25A02H,19.616,r,I11,427,546,10
0002,60874.345196,302.835797,-24.437679,K25A02H,19.679,i,I11,479,600,10
0003,60874.373732,302.808736,-24.416247,K25A02H,19.757,r,I11,480,613,10
0004,60876.113105,301.237616,-23.136662,K25A02H,24.320,u,I11,554,724,10
0005,60876.113644,301.237126,-23.136272,K25A02H,24.324,u,I11,555,725,10
0000,60868.161009,244.068044,-25.507629,K25J01G,19.963,z,I11,138,189,11
0001,60868.181162,244.088130,-25.532678,K25J01G,21.314,y,I11,139,196,11
0002,60869.125489,245.108201,-26.713342,K25J01G,19.381,i,I11,204,283,11
0003,60869.126603,245.109327,-26.714706,K25J01G,19.376,i,I11,205,284,11
0004,60870.171247,246.257125,-27.989069,K25J01G,19.331,i,I11,273,361,11
0005,60870.195439,246.282585,-28.017652,K25J01G,20.119,z,I11,274,367,11
0006,60870.977188,247.179094,-28.949610,K25J01G,21.218,r,I11,310,408,11
0007,60870.986558,247.189067,-28.960823,K25J01G,21.572,r,I11,311,411,11
0008,60870.988373,247.190997,-28.962994,K25J01G,21.588,i,I11,312,412,11
0009,60870.997771,247.200974,-28.974216,K25J01G,22.846,i,I11,313,414,11
0000,60874.095231,312.157048,-17.703237,K25N01U,21.022,g,I11,437,540,12
0001,60874.118578,312.144674,-17.724632,K25N01U,20.483,r,I11,438,550,12
0002,60874.356519,312.016196,-17.941788,K25N01U,20.343,i,I11,485,605,12
0003,60874.378955,312.004154,-17.962175,K25N01U,20.314,r,I11,486,616,12
0004,60874.384603,312.001131,-17.967306,K25N01U,20.337,r,I11,487,618,12
0005,60876.293360,310.978665,-19.743374,K25N01U,21.481,g,I11,578,780,12
0006,60876.294259,310.978140,-19.744220,K25N01U,21.531,g,I11,579,783,12
0007,60876.349528,310.945994,-19.796176,K25N01U,20.815,g,I11,580,795,12
0008,60876.349981,310.945732,-19.796602,K25N01U,20.816,g,I11,581,796,12
0009,60876.373001,310.932427,-19.818212,K25N01U,20.823,r,I11,582,806,12
0010,60876.373441,310.932174,-19.818625,K25N01U,20.820,r,I11,583,808,12
0000,60876.238797,346.517851,-8.162618,K17D15S,27.158,u,I11,572,760,13
0001,60876.259325,346.538133,-8.154719,K17D15S,23.941,g,I11,573,768,13
0002,60877.197894,347.534020,-7.777468,K17D15S,21.500,r,I11,637,862,13
0003,60877.221379,347.558899,-7.767792,K17D15S,21.500,i,I11,638,871,13
0004,60878.250151,348.722472,-7.322053,K17D15S,24.758,r,I11,710,955,13
0005,60878.271765,348.746900,-7.312355,K17D15S,21.500,i,I11,711,967,13
0000,60867.978829,253.641247,-26.811387,K25F23V,18.925,i,I11,94,144,14
0001,60868.007361,253.698625,-26.791168,K25F23V,18.853,r,I11,95,146,14
0002,60868.186524,254.054516,-26.660058,K25F23V,18.518,i,I11,140,197,14
0003,60868.204419,254.090125,-26.646572,K25F23V,18.744,i,I11,141,201,14
0004,60868.210918,254.103076,-26.641660,K25F23V,19.039,z,I11,142,203,14
0005,60868.228496,254.138173,-26.628338,K25F23V,19.083,z,I11,143,206,14
0006,60868.987828,255.697351,-26.075004,K25F23V,22.661,g,I11,176,249,14
0007,60869.011240,255.742112,-26.058481,K25F23V,18.873,r,I11,177,256,14
0008,60869.977534,257.618412,-25.358924,K25F23V,18.321,r,I11,244,326,14
0009,60869.988981,257.639312,-25.350970,K25F23V,18.473,i,I11,245,329,14
0010,60870.981795,259.471611,-24.643417,K25F23V,21.204,r,I11,314,410,14
0011,60870.992987,259.491012,-24.635765,K25F23V,23.009,i,I11,315,413,14
0012,60871.000069,259.503260,-24.630913,K25F23V,22.409,g,I11,316,415,14
0000,60867.199790,346.743128,1.138324,K25N01V,20.814,z,I11,16,28,15
0001,60867.211910,346.738526,1.155204,K25N01V,20.770,z,I11,17,38,15
0002,60867.212367,346.738351,1.155840,K25N01V,20.821,z,I11,18,39,15
0003,60867.281602,346.711186,1.252379,K25N01V,20.292,z,I11,19,83,15
0004,60867.282058,346.711003,1.253015,K25N01V,20.342,z,I11,20,84,15
0005,60868.290525,346.345344,2.683110,K25N01V,21.134,y,I11,165,221,15
0006,60868.324265,346.330533,2.731793,K25N01V,20.461,i,I11,166,236,15
0007,60869.301293,345.945779,4.163393,K25N01V,20.290,i,I11,231,298,15
0008,60869.324836,345.934607,4.198460,K25N01V,20.181,z,I11,232,315,15
0000,60868.013053,260.461813,-14.448058,K25H06V,20.586,r,I11,97,149,16
0001,60868.031406,260.476504,-14.461948,K25H06V,20.761,i,I11,98,161,16
0002,60868.054401,260.494834,-14.479310,K25H06V,21.226,z,I11,99,165,16
0003,60868.096232,260.528028,-14.510770,K25H06V,20.630,r,I11,100,174,16
0004,60868.107315,260.536805,-14.519078,K25H06V,20.663,i,I11,121,178,16
0005,60869.045729,261.329996,-15.213350,K25H06V,20.654,i,I11,188,263,16
0006,60869.101528,261.374167,-15.254312,K25H06V,20.496,r,I11,189,274,16
0007,60870.183124,262.277493,-16.033103,K25H06V,21.208,i,I11,275,362,16
0008,60870.207136,262.296537,-16.049986,K25H06V,20.704,z,I11,276,369,16
0000,60877.106809,322.384643,-17.055542,K25N01J,21.888,r,I11,620,839,17
0001,60877.140347,322.417275,-17.075740,K25N01J,21.179,i,I11,621,847,17
0002,60878.116315,323.420575,-17.651130,K25N01J,21.993,z,I11,669,906,17
0003,60878.117234,323.421480,-17.651691,K25N01J,21.947,z,I11,670,907,17
0004,60878.348551,323.644544,-17.789946,K25N01J,20.147,r,I11,726,999,17
0005,60878.379749,323.674894,-17.808092,K25N01J,21.473,g,I11,727,1008,17
