#MJD,RA,Dec,observerX,observerY,observerZ,stringID,mag,band,obscode,origindex
60867.0434532,260.1544288,-19.3163489,48647891.574,-144085103.020,7508.996,5,21.500,z,I11,7
60867.0439104,260.1540813,-19.3156291,48648999.766,-144084739.764,7512.643,6,21.500,z,I11,8
60867.0443840,260.1537225,-19.3148856,48650147.595,-144084363.478,7516.405,7,27.638,z,I11,9
60867.0448413,260.1533757,-19.3141673,48651256.142,-144084000.035,7520.023,8,21.512,z,I11,10
60867.0505273,257.8676313,-25.9848189,48665040.552,-144079477.807,7563.754,9,21.500,z,I11,11
60867.0509850,257.8688455,-25.9848951,48666150.535,-144079113.418,7567.173,10,21.500,z,I11,12
60867.1428216,251.8445807,-27.4248337,48889114.473,-144005064.586,7914.361,18,19.228,z,I11,20
60867.1432805,251.8455355,-27.4244920,48890229.183,-144004689.595,7914.301,19,19.075,z,I11,21
60867.1617249,333.8995687,-12.8957442,48935030.106,-143989575.192,7896.732,20,18.363,z,I11,22
60867.2390623,334.0187506,-12.7720893,49122640.871,-143925333.691,7512.420,54,18.748,z,I11,56
60867.1983238,350.3841276,-6.8108840,49023880.732,-143959343.762,7775.402,25,19.525,z,I11,27
60867.2546297,350.4464043,-6.8330152,49160324.403,-143912244.662,7379.522,57,19.642,z,I11,59
60867.1983238,351.7307106,-5.4256964,49023880.732,-143959343.762,7775.402,24,24.919,z,I11,26
60867.2546297,351.7571027,-5.3732148,49160324.403,-143912244.662,7379.522,58,25.558,z,I11,60
60867.2550880,350.4469087,-6.8331952,49161433.300,-143911858.578,7375.359,60,19.639,z,I11,62
60867.2550880,351.7573134,-5.3727877,49161433.300,-143911858.578,7375.359,59,24.119,z,I11,61
60867.1997898,346.7431277,1.1383245,49027437.640,-143958126.318,7768.206,26,20.814,z,I11,28
60867.2119098,346.7385259,1.1552035,49056837.020,-143948042.257,7702.056,36,20.770,z,I11,38
60867.2123671,346.7383514,1.1558401,49057945.836,-143947661.185,7699.331,37,20.821,z,I11,39
60867.2816020,346.7111861,1.2523789,49225524.512,-143889456.884,7111.998,81,20.292,z,I11,83
60867.2820584,346.7110031,1.2530154,49226626.457,-143889070.253,7107.100,82,20.342,z,I11,84
60867.2004288,355.2406582,-12.6335904,49028987.979,-143957595.500,7765.015,28,20.389,z,I11,30
60867.2008905,355.2412282,-12.6333467,49030108.229,-143957211.874,7762.688,30,20.279,z,I11,32
60867.2197509,355.2644686,-12.6233873,49075848.809,-143941500.885,7653.052,40,19.723,z,I11,42
60867.2201880,355.2650064,-12.6231563,49076908.431,-143941135.834,7650.180,42,19.805,z,I11,44
60867.2206452,355.2655689,-12.6229147,49078016.767,-143940753.947,7647.160,44,19.627,z,I11,46
60867.2210816,355.2661067,-12.6226836,49079074.600,-143940389.412,7644.262,47,19.787,z,I11,49
60867.2008905,356.6802568,-9.9536948,49030108.229,-143957211.874,7762.688,29,19.217,z,I11,31
60867.2074507,356.6885818,-9.9536028,49046022.136,-143951756.221,7727.764,34,19.224,z,I11,36
60867.2206452,356.7053037,-9.9534156,49078016.767,-143940753.947,7647.160,45,19.001,z,I11,47
60867.2210816,356.7058571,-9.9534093,49079074.600,-143940389.412,7644.262,46,18.989,z,I11,48
60867.2303359,356.7175682,-9.9532759,49101502.413,-143932649.108,7579.404,51,19.404,z,I11,53
60867.2307777,356.7181273,-9.9532695,49102573.014,-143932279.071,7576.147,52,19.430,z,I11,54
60867.2042926,353.3319132,-3.0560075,49038361.636,-143954383.811,7745.010,31,21.739,z,I11,33
60867.2564714,353.3587305,-3.0100189,49164780.252,-143910692.957,7362.709,63,22.039,z,I11,65
60867.2569289,353.3589610,-3.0096158,49165886.810,-143910307.479,7358.498,64,22.965,z,I11,66
60867.2069367,353.8921800,-0.8152008,49044775.446,-143952184.018,7730.626,33,22.321,z,I11,35
60867.2298142,353.9501785,-0.7901815,49100238.521,-143933085.889,7583.231,49,22.843,z,I11,51
60867.2069367,354.4530083,0.1698526,49044775.446,-143952184.018,7730.626,32,21.500,z,I11,34
60867.2298142,354.5227148,0.2059131,49100238.521,-143933085.889,7583.231,50,21.500,z,I11,52
60867.2573895,354.0196342,-0.7600337,49167001.246,-143909919.204,7354.244,65,21.500,z,I11,67
60867.2573895,354.6066458,0.2494651,49167001.246,-143909919.204,7354.244,66,21.500,z,I11,68
60867.2578469,354.0207814,-0.7595341,49168107.728,-143909533.649,7350.006,67,21.500,z,I11,69
60867.2578469,354.6080361,0.2501876,49168107.728,-143909533.649,7350.006,68,21.500,z,I11,70
60867.2079253,355.1093847,-1.4541294,49047173.487,-143951361.078,7725.103,35,19.628,z,I11,37
60867.2555495,355.2370305,-1.4699786,49162549.744,-143911469.814,7371.153,61,19.912,z,I11,63
60867.2560078,355.2382453,-1.4701307,49163658.494,-143911083.677,7366.963,62,20.032,z,I11,64
60867.2603612,355.2497797,-1.4715756,49174189.304,-143907413.594,7326.469,70,20.462,z,I11,72
60867.2608196,355.2509948,-1.4717280,49175297.786,-143907027.007,7322.135,71,20.618,z,I11,73
60867.2622200,355.2546995,-1.4721925,49178684.670,-143905845.499,7308.807,72,20.872,z,I11,74
60867.2626773,355.2559084,-1.4723442,49179790.583,-143905459.599,7304.427,73,25.342,z,I11,75
60867.2146647,330.1439672,-13.1364708,49063517.368,-143945745.568,7685.387,39,20.352,z,I11,41
60867.2419246,330.1772673,-13.1800665,49129572.368,-143922930.679,7489.250,55,21.011,z,I11,57
60867.2938373,355.3553210,-12.5840166,49255058.499,-143879077.898,6976.757,83,21.005,z,I11,85
60867.2942968,355.3558835,-12.5837708,49256167.096,-143878687.643,6971.526,84,20.917,z,I11,86
60867.2947617,355.3564521,-12.5835222,49257288.654,-143878292.778,6966.222,86,20.964,z,I11,88
60867.2952202,355.3570121,-12.5832775,49258394.695,-143877903.328,6960.981,88,21.070,z,I11,90
60867.2956938,356.7999514,-9.9522716,49259537.170,-143877500.999,6955.556,89,19.315,z,I11,91
60867.2961510,356.8005258,-9.9522642,49260640.114,-143877112.545,6950.307,90,19.210,z,I11,92
60867.2966213,356.8011165,-9.9522565,49261774.527,-143876712.957,6944.899,91,19.285,z,I11,93
60867.2970797,356.8016934,-9.9522490,49262880.402,-143876323.375,6939.615,92,19.227,z,I11,94
60867.2287715,3.7435553,-0.3017613,49097711.924,-143933958.830,7590.821,48,22.957,z,I11,50
60867.2583426,3.8071773,-0.2809381,49169306.590,-143909115.845,7345.399,69,21.500,z,I11,71
60867.3029801,3.9027752,-0.2494746,49277109.140,-143871306.656,6870.710,94,28.227,z,I11,96
60867.3034385,3.9037559,-0.2491509,49278214.235,-143870916.705,6865.288,95,25.746,z,I11,97
60867.2345575,0.8840427,4.6201612,49111729.995,-143929112.060,7547.693,53,21.500,z,I11,55
60867.2631389,0.9183934,4.6348780,49180906.689,-143905070.090,7299.994,74,21.500,z,I11,76
60867.2635973,0.9189432,4.6351138,49182015.285,-143904683.152,7295.577,77,23.539,z,I11,79
60867.3048232,0.9683471,4.6563369,49281552.276,-143869738.543,6848.850,96,21.500,z,I11,98
60867.3052805,0.9688952,4.6565726,49282654.542,-143869349.407,6843.402,97,21.500,z,I11,99
60867.3447011,355.4700021,-1.4994295,49377513.975,-143835699.579,6343.066,133,19.614,z,I11,135
60867.2631389,359.7270241,2.9055480,49180906.689,-143905070.090,7299.994,75,18.805,z,I11,77
60867.2635973,359.7275479,2.9058639,49182015.285,-143904683.152,7295.577,76,17.067,z,I11,78
60867.3194396,7.3427210,3.5288129,49316763.988,-143857285.621,6670.253,101,21.500,z,I11,103
60867.3198956,7.3432580,3.5291169,49317861.902,-143856896.616,6664.540,103,27.152,z,I11,105
60867.3351708,17.5487170,1.1745714,49354611.426,-143843851.826,6468.878,110,23.877,z,I11,112
60867.3516554,17.5634114,1.1894163,49394213.223,-143829745.047,6249.762,136,21.500,z,I11,138
60867.3360799,15.7309916,8.6572516,49356796.766,-143843074.676,6456.991,113,21.500,z,I11,115
60867.3365360,15.7311375,8.6582375,49357893.230,-143842684.694,6451.017,121,23.804,z,I11,123
60867.3360799,16.8562094,7.8315657,49356796.766,-143843074.676,6456.991,118,22.279,z,I11,120
60867.3365360,16.8566445,7.8317528,49357893.230,-143842684.694,6451.017,119,24.340,z,I11,121
60867.3365360,16.3989568,10.6669299,49357893.230,-143842684.694,6451.017,123,21.500,z,I11,125
60867.3369781,16.3994737,10.6671362,49358956.092,-143842306.625,6445.220,124,21.500,z,I11,126
60867.3365360,15.1539023,9.3129111,49357893.230,-143842684.694,6451.017,120,25.451,z,I11,122
60867.3392285,15.1565206,9.3139418,49364364.876,-143840382.107,6415.626,125,23.566,z,I11,127
60867.3419568,354.8638352,0.3835931,49370920.912,-143838048.121,6379.554,129,21.500,z,I11,131
60867.3478011,354.8816224,0.3928931,49384959.209,-143833045.851,6301.617,134,24.394,z,I11,136
60867.3482453,354.8829739,0.3935999,49386025.986,-143832665.477,6295.658,135,25.032,z,I11,137
60867.9747642,255.9459175,-27.7947495,50871588.180,-143308596.582,6724.369,140,21.500,i,I11,142
60867.9858214,255.9704992,-27.7911043,50898138.079,-143299485.492,6852.131,143,21.500,r,I11,145
60867.9761141,257.9816287,-18.9072992,50874828.204,-143307485.269,6740.267,141,19.332,i,I11,143
60868.0126124,258.0056115,-18.8681009,50962549.516,-143277330.015,7135.638,146,22.422,r,I11,148
60868.0309638,258.0172001,-18.8481618,51006731.146,-143262081.014,7305.286,158,24.182,i,I11,160
60868.0539378,258.0313711,-18.8229618,51062100.566,-143242898.103,7485.502,162,22.858,z,I11,164
60867.9788290,253.6412471,-26.8113873,50881345.760,-143305249.321,6771.994,142,18.925,i,I11,144
60868.0073613,253.6986251,-26.7911680,50949916.000,-143281682.073,7083.242,144,18.853,r,I11,146
60868.0612342,258.0358096,-18.8149012,51079697.143,-143236782.824,7534.674,166,23.322,z,I11,168
60868.0130532,260.4618133,-14.4480577,50963610.209,-143276964.463,7139.961,147,20.586,r,I11,149
60868.0314059,260.4765040,-14.4619476,51007795.899,-143261712.923,7309.102,159,20.761,i,I11,161
60868.0544006,260.4948336,-14.4793099,51063216.534,-143242510.558,7488.740,163,21.226,z,I11,165
60868.0962320,260.5280282,-14.5107701,51164160.417,-143207286.455,7712.260,172,20.630,r,I11,174
60868.0144610,254.1039350,-13.0782116,50966997.948,-143275796.760,7153.689,148,20.059,r,I11,150
60868.0332099,254.1109029,-13.1058398,51012141.559,-143260210.298,7324.537,160,20.033,i,I11,162
60868.0562705,254.1194130,-13.1397605,51067725.767,-143240944.238,7501.659,164,20.574,z,I11,166
60868.0836502,254.1294619,-13.1799415,51133786.094,-143217922.408,7659.832,168,22.415,y,I11,170
60868.0928544,254.1328337,-13.1934266,51156005.513,-143210145.296,7699.475,170,21.976,y,I11,172
60868.0951622,254.1336790,-13.1968064,51161577.463,-143208192.219,7708.314,171,20.156,r,I11,173
60868.0167775,245.0272461,-9.5111874,50972573.115,-143273874.515,7176.014,149,21.500,r,I11,151
60868.0582285,245.0419516,-9.5609649,51072447.673,-143239303.374,7514.905,165,21.500,z,I11,167
60868.0800969,245.0496823,-9.5871675,51125209.813,-143220919.524,7642.669,167,26.887,y,I11,169
60868.0892864,245.0529339,-9.5981658,51147391.553,-143213162.418,7684.938,169,21.500,y,I11,171
60868.1000733,245.0567574,-9.6110677,51173435.497,-143204031.911,7725.638,174,26.617,r,I11,176
60868.0205987,248.2231583,-17.7758720,50981771.243,-143270701.541,7212.109,150,19.650,r,I11,152
60868.0210856,248.2243498,-17.7767297,50982943.380,-143270297.058,7216.642,151,19.901,r,I11,153
60868.0230767,259.4558167,-17.7728511,50987737.162,-143268642.467,7235.022,152,24.342,y,I11,154
60868.0305075,259.4503871,-17.7611959,51005632.009,-143262460.960,7301.333,157,21.500,i,I11,159
60868.0534631,259.4335881,-17.7251736,51060955.985,-143243295.545,7482.164,161,21.500,z,I11,163
60868.0274957,262.3470500,-14.0528362,50998378.030,-143264967.713,7274.895,155,22.063,y,I11,157
60868.0300514,262.3432486,-14.0514202,51004533.320,-143262840.720,7297.368,156,20.126,i,I11,158
60868.0967592,262.2423704,-14.0135650,51165433.393,-143206839.969,7714.170,173,19.955,r,I11,175
60868.1078543,262.2254166,-14.0070937,51192224.949,-143197428.875,7748.913,177,20.047,i,I11,179
60868.1073150,260.5368053,-14.5190776,51190922.540,-143197887.008,7747.466,176,20.663,i,I11,178
60868.1062485,254.1377403,-13.2130318,51188346.934,-143198792.804,7744.531,175,20.204,i,I11,177
60868.1509292,254.1541637,-13.2782519,51296258.215,-143160613.604,7783.358,183,21.120,z,I11,185
60868.1713130,254.1617211,-13.3079192,51345477.244,-143143036.531,7743.511,190,21.885,y,I11,192
60868.1169023,239.3061963,-21.7418957,51214076.123,-143189732.679,7769.479,178,25.558,i,I11,180
60868.1563757,239.2516555,-21.7034074,51309410.926,-143155926.841,7776.228,184,29.408,z,I11,186
60868.1765748,239.2238745,-21.6836229,51358179.237,-143138483.135,7727.429,191,21.500,y,I11,193
60868.1178768,236.2865997,-21.3010150,51216429.693,-143188902.604,7771.275,180,20.784,i,I11,182
60868.1573404,236.1633212,-21.1790089,51311740.576,-143155095.927,7774.697,185,19.560,z,I11,187
60868.1178768,236.5032041,-23.3980432,51216429.693,-143188902.604,7771.275,179,23.313,i,I11,181
60868.1573404,236.4109334,-23.3719876,51311740.576,-143155095.927,7774.697,186,24.954,z,I11,188
60868.1774772,236.1009963,-21.1161998,51360357.447,-143137701.574,7724.434,192,22.054,y,I11,194
60868.1774772,236.3642444,-23.3585918,51360357.447,-143137701.574,7724.434,193,26.632,y,I11,195
60868.1240729,245.9463834,-20.3626006,51231394.592,-143183619.478,7780.770,181,20.703,z,I11,183
60868.1631727,245.9481695,-20.2772965,51325823.681,-143150067.889,7763.724,188,21.342,y,I11,190
60868.1245979,248.4773650,-17.9565781,51232662.716,-143183171.371,7781.422,182,20.823,z,I11,184
60868.1636493,248.5743503,-18.0231342,51326974.430,-143149656.658,7762.698,189,21.743,y,I11,191
60868.1610090,244.0680440,-25.5076286,51320599.117,-143151934.204,7768.138,187,19.963,z,I11,189
60868.1811624,244.0881304,-25.5326779,51369252.276,-143134507.842,7711.490,194,21.314,y,I11,196
60868.1865244,254.0545163,-26.6600580,51382192.592,-143129855.260,7690.614,195,18.518,i,I11,197
60868.2044194,254.0901252,-26.6465717,51425362.216,-143114279.748,7603.734,199,18.744,i,I11,201
60868.2109176,254.1030757,-26.6416602,51441030.705,-143108605.890,7565.778,201,19.039,z,I11,203
60868.2284963,254.1381732,-26.6283380,51483393.395,-143093210.428,7446.661,204,19.083,z,I11,206
60868.2003030,258.1204642,-18.6557460,51415434.215,-143117869.157,7626.032,197,21.500,i,I11,199
60868.2007493,258.1207511,-18.6552195,51416510.886,-143117480.107,7623.680,198,23.490,i,I11,200
60868.2244202,258.1362647,-18.6271445,51473573.788,-143096786.220,7476.372,202,21.500,z,I11,204
60868.2248631,258.1365608,-18.6266168,51474640.876,-143096397.850,7473.204,203,21.500,z,I11,205
60868.2382801,345.5064676,-13.7945036,51506954.290,-143084613.284,7370.368,205,19.810,y,I11,207
60868.2794960,345.6006085,-13.8252530,51606049.513,-143048189.988,6978.177,210,19.824,y,I11,212
60868.3069294,345.6631588,-13.8456460,51671840.647,-143023783.284,6663.131,221,18.108,i,I11,223
60868.2495271,358.0485932,-9.9332704,51534022.356,-143074706.178,7274.289,206,20.307,y,I11,208
60868.2818608,358.0906469,-9.9327678,51611726.627,-143046090.758,6952.540,212,20.255,y,I11,214
60868.2715211,340.6366166,-5.1156631,51586897.638,-143055261.977,7062.304,208,21.500,y,I11,210
60868.2937194,340.6658821,-5.1026353,51640178.572,-143035550.401,6819.491,220,21.500,y,I11,222
60868.2804400,351.6239183,-7.2428471,51608315.888,-143047352.107,6967.980,211,20.597,y,I11,213
60868.3083417,351.6552935,-7.2543387,51675223.516,-143022523.778,6645.949,222,19.225,i,I11,224
60868.2855222,352.2642696,-4.4152889,51620513.907,-143042838.887,6912.248,214,21.500,y,I11,216
60868.3087970,352.2742388,-4.3938667,51676314.243,-143022117.588,6640.390,223,24.181,i,I11,225
60868.2869139,356.6581276,0.3523193,51623853.401,-143041602.234,6896.745,216,21.500,y,I11,218
60868.3097170,356.7134763,0.3766304,51678517.508,-143021296.949,6629.134,225,21.500,i,I11,227
60868.2873639,353.9313899,-2.0898394,51624933.310,-143041202.235,6891.709,217,21.500,y,I11,219
60868.3092515,353.9420828,-2.0701485,51677402.682,-143021712.205,6634.834,224,21.532,i,I11,226
60868.2882432,353.5116022,3.1193996,51627042.847,-143040420.726,6881.842,218,20.746,y,I11,220
60868.3219966,353.5230969,3.1583840,51707910.790,-143010331.854,6475.632,233,19.616,i,I11,235
60868.2905249,346.3453438,2.6831097,51632516.706,-143038392.022,6856.047,219,21.134,y,I11,221
60868.3242651,346.3305332,2.7317933,51713337.150,-143008304.149,6446.655,234,20.461,i,I11,236
60868.3259707,61.4142734,-50.2875993,51717416.536,-143006779.093,6424.749,235,13.331,i,I11,237
60868.3289777,61.4131630,-50.2827580,51724606.826,-143004089.627,6385.890,236,14.005,g,I11,238
60868.3294119,61.4130022,-50.2820592,51725644.856,-143003701.212,6380.255,237,14.069,g,I11,239
60868.3372999,63.7472405,-47.7783533,51744496.509,-142996640.841,6276.858,238,18.962,i,I11,240
60868.3377332,63.7479890,-47.7774055,51745531.721,-142996252.785,6271.125,239,18.862,i,I11,241
60868.3398634,63.7516666,-47.7727433,51750619.945,-142994344.917,6242.867,240,19.590,g,I11,242
60868.3402979,63.7524168,-47.7717912,51751657.692,-142993955.702,6237.088,241,19.658,g,I11,243
60868.3463390,5.5791231,2.4064096,51766082.018,-142988542.142,6156.237,244,21.500,y,I11,246
60868.3468425,5.5788635,2.4058977,51767283.975,-142988090.739,6149.457,246,24.679,y,I11,248
60868.9878275,255.6973507,-26.0750038,53278432.733,-142426488.690,6765.530,247,22.661,g,I11,249
60869.0112398,255.7421125,-26.0584805,53334392.906,-142406180.309,7009.006,254,18.873,r,I11,256
60868.9882740,258.4050340,-27.3743309,53279499.183,-142426102.221,6770.454,248,21.500,g,I11,250
60868.9896118,258.4081966,-27.3737971,53282694.501,-142424944.159,6785.144,250,21.500,g,I11,252
60869.0116870,258.4602176,-27.3648773,53335462.644,-142405791.461,7013.348,255,23.590,r,I11,257
60868.9887215,263.4662838,-26.1461610,53280567.862,-142425714.925,6775.377,249,29.076,g,I11,251
60869.0121302,263.5315228,-26.1480314,53336522.932,-142405406.024,7017.639,256,21.500,r,I11,258
60869.0187134,263.5497974,-26.1485161,53352273.488,-142399677.315,7079.936,257,21.500,r,I11,259
60869.0048320,258.8773704,-17.7231170,53319068.823,-142411747.820,6945.473,251,22.670,g,I11,253
60869.0285769,258.8935279,-17.6960426,53375883.323,-142391078.833,7168.061,258,22.678,r,I11,260
60869.0053027,258.7812150,-16.2303329,53320194.282,-142411339.092,6950.223,252,21.500,g,I11,254
60869.0290593,258.7645155,-16.1932447,53377038.244,-142390657.859,7172.205,259,21.500,r,I11,261
60869.0457294,261.3299964,-15.2133499,53416968.642,-142376080.733,7305.501,261,20.654,i,I11,263
60869.1015275,261.3741666,-15.2543115,53550804.883,-142326853.241,7597.433,272,20.496,r,I11,274
60869.0541153,281.9592171,-26.5475819,53437066.925,-142368726.174,7364.978,262,23.070,i,I11,264
60869.0777406,281.9469046,-26.5237488,53493723.306,-142347924.604,7503.542,265,15.832,z,I11,267
60869.0673501,261.0836697,-13.4505245,53468800.011,-142357088.383,7447.999,263,20.018,i,I11,265
60869.0912244,261.0490429,-13.4372733,53526076.990,-142335996.200,7562.548,266,20.578,z,I11,268
60869.0935313,261.0456904,-13.4359817,53531613.252,-142333951.213,7571.134,267,19.886,r,I11,269
60869.0940509,261.0449343,-13.4356901,53532860.330,-142333490.408,7573.007,268,19.983,r,I11,270
60869.1058251,261.0278066,-13.4290606,53561120.569,-142323032.166,7609.328,273,20.093,i,I11,275
60869.1063415,261.0270543,-13.4287683,53562360.096,-142322572.748,7610.651,274,20.064,i,I11,276
60869.0957755,244.7079871,-10.1330867,53536999.364,-142331960.585,7579.059,270,20.973,r,I11,272
60869.0962591,244.7079361,-10.1337798,53538159.997,-142331531.489,7580.712,271,20.910,r,I11,273
60869.1080152,244.7067022,-10.1506424,53566377.702,-142321083.251,7614.784,277,20.898,i,I11,279
60869.0957755,245.4806348,-10.7947925,53536999.364,-142331960.585,7579.059,269,21.500,r,I11,271
60869.1080152,245.4851428,-10.8092006,53566377.702,-142321083.251,7614.784,276,25.684,i,I11,278
60869.1084932,244.7066524,-10.1513278,53567525.131,-142320657.733,7615.920,278,20.772,i,I11,280
60869.1254885,245.1082011,-26.7133422,53608324.236,-142305493.237,7643.525,281,19.381,i,I11,283
60869.1266029,245.1093268,-26.7147062,53610999.692,-142304496.426,7644.461,282,19.376,i,I11,284
60869.2903571,8.3606753,1.1829640,54003168.744,-142154947.691,6682.465,284,23.022,i,I11,286
60869.3138208,8.4132756,1.2002286,54059041.493,-142133095.966,6399.773,299,21.500,z,I11,301
60869.2912739,5.1518225,1.4577364,54005353.968,-142154095.383,6671.894,285,21.500,i,I11,287
60869.2917204,5.1515983,1.4572937,54006418.211,-142153680.224,6666.731,286,21.500,i,I11,288
60869.3147411,5.1399866,1.4345040,54061230.659,-142132237.330,6388.210,300,23.598,z,I11,302
60869.3151932,5.1397574,1.4340567,54062306.140,-142131815.438,6382.518,301,21.500,z,I11,303
60869.2921712,1.4048929,3.7089393,54007492.432,-142153261.125,6661.509,287,24.027,i,I11,289
60869.3156472,1.4877481,3.7516432,54063385.951,-142131391.804,6376.795,302,21.500,z,I11,304
60869.2926151,359.1674720,1.4081337,54008550.355,-142152848.340,6656.356,288,23.721,i,I11,290
60869.3160902,359.2227640,1.4324087,54064439.560,-142130978.408,6371.202,303,21.500,z,I11,305
60869.2949113,2.1693209,4.3534600,54014022.195,-142150712.591,6629.550,290,21.500,i,I11,292
60869.3184233,2.1980573,4.3708141,54069987.764,-142128800.823,6341.630,305,27.494,z,I11,307
60869.2949113,3.4379704,5.6893463,54014022.195,-142150712.591,6629.550,289,21.500,i,I11,291
60869.3184233,3.4671275,5.7017123,54069987.764,-142128800.823,6341.630,304,24.849,z,I11,306
60869.2953576,3.8212347,7.1354651,54015085.517,-142150297.418,6624.311,291,21.696,i,I11,293
60869.3188716,3.8143952,7.1597843,54071053.941,-142128382.234,6335.924,306,22.193,z,I11,308
60869.2958027,2.5026194,11.0813524,54016145.947,-142149883.330,6619.076,292,21.500,i,I11,294
60869.3193170,2.5225084,11.0950689,54072112.892,-142127966.441,6330.249,307,22.705,z,I11,309
60869.2966976,357.7878094,9.4635537,54018277.984,-142149050.654,6608.524,293,19.383,i,I11,295
60869.3202149,357.8370959,9.4633789,54074247.801,-142127128.051,6318.785,308,19.085,z,I11,310
60869.2989633,353.8771896,4.3108421,54023675.177,-142146941.944,6581.639,294,19.578,i,I11,296
60869.3211218,353.8848356,4.3375565,54076403.815,-142126281.204,6307.178,309,19.839,z,I11,311
60869.3224786,353.8853032,4.3391931,54079629.037,-142125014.073,6289.760,310,19.961,z,I11,312
60869.3008318,348.8511685,3.2377831,54028125.247,-142145202.411,6559.291,295,20.142,i,I11,297
60869.3243686,348.8414642,3.2162090,54084121.077,-142123248.602,6265.391,311,20.890,z,I11,313
60869.3012933,345.9457791,4.1633928,54029224.335,-142144772.657,6553.747,296,20.290,i,I11,298
60869.3248357,345.9346072,4.1984604,54085231.146,-142122812.209,6259.350,313,20.181,z,I11,315
60869.3027534,354.4924873,-1.1674902,54032701.366,-142143412.791,6536.143,297,21.601,i,I11,299
60869.3263024,354.5038061,-1.1459222,54088716.565,-142121441.724,6240.333,314,21.887,z,I11,316
60869.3543165,61.0579073,-48.5823390,54155195.262,-142095222.425,5865.642,316,14.472,r,I11,318
60869.3591062,61.0561655,-48.5746252,54166543.573,-142090732.430,5799.867,317,16.437,z,I11,319
60869.3595415,61.0560063,-48.5739228,54167574.725,-142090324.260,5793.871,318,15.770,z,I11,320
60869.3599758,61.0558477,-48.5732236,54168603.328,-142089917.067,5787.886,319,14.968,z,I11,321
60869.3604264,61.0556831,-48.5724987,54169670.517,-142089494.565,5781.674,320,14.767,z,I11,322
60869.3608617,61.0555235,-48.5717962,54170701.642,-142089086.310,5775.669,321,16.401,z,I11,323
60869.3612981,61.0553639,-48.5710938,54171735.150,-142088677.080,5769.647,322,15.490,z,I11,324
60869.9761662,260.9499612,-26.8920685,55611406.683,-141525741.168,6511.209,323,21.500,r,I11,325
60869.9876076,260.9787312,-26.8866931,55638554.420,-141515389.503,6639.193,326,21.500,i,I11,328
60869.9775341,257.6184124,-25.3589239,55614651.260,-141524504.593,6526.849,324,18.321,r,I11,326
60869.9889807,257.6393118,-25.3509705,55641813.736,-141514145.874,6654.105,327,18.473,i,I11,329
60869.9784621,254.2585712,-21.3634025,55616852.696,-141523665.490,6537.409,325,19.218,r,I11,327
60869.9898983,254.2946192,-21.3863570,55643992.173,-141513314.562,6664.015,328,19.665,i,I11,330
60870.0301797,281.4879806,-25.5602710,55739740.626,-141476677.965,7050.317,330,15.195,r,I11,332
60870.0528497,281.4767082,-25.5377157,55793716.440,-141455921.763,7220.151,335,15.476,g,I11,337
60870.0762940,281.4649840,-25.5143627,55849586.374,-141434341.001,7354.847,342,14.884,r,I11,344
60870.0439141,258.0946338,-14.6097231,55772434.873,-141464115.701,7157.674,334,21.500,y,I11,336
60870.1222150,258.0415041,-14.4881622,55959106.456,-141391705.358,7487.535,349,21.740,r,I11,351
60870.0551609,300.4888811,-29.6001075,55799222.190,-141453799.632,7235.334,336,22.934,g,I11,338
60870.0786137,300.5260528,-29.5664510,55855116.431,-141432199.096,7365.790,343,22.625,r,I11,345
60870.0583480,296.1619979,-16.3613553,55806815.532,-141450871.278,7255.601,337,21.026,g,I11,339
60870.0587911,296.1611164,-16.3616281,55807871.130,-141450464.042,7258.356,338,20.997,g,I11,340
60870.0817766,296.1152845,-16.3757546,55862657.385,-141429276.558,7380.003,345,21.682,r,I11,347
60870.1044188,296.0699754,-16.3896106,55916655.181,-141408287.276,7457.389,347,22.711,y,I11,349
60870.1130557,296.0526546,-16.3948793,55937257.097,-141400249.151,7475.433,348,23.748,y,I11,350
60870.0666658,259.9483349,-12.8935038,55826636.167,-141443218.622,7304.777,339,20.632,g,I11,341
60870.1464651,259.8382104,-12.8500048,56016953.176,-141368987.524,7484.355,354,20.039,i,I11,356
60870.0691984,245.9086431,-11.9342838,55832672.437,-141440885.430,7318.667,341,21.500,g,I11,343
60870.0931905,245.9177630,-11.9621091,55889874.915,-141418710.833,7424.403,346,21.500,r,I11,348
60870.1256223,245.9301648,-11.9996291,55967234.633,-141388521.897,7490.179,350,24.755,r,I11,352
60870.0691984,244.6719410,-11.5183023,55832672.437,-141440885.430,7318.667,340,21.730,g,I11,342
60870.1275707,244.6669384,-11.6003516,55971882.660,-141386700.208,7491.238,351,21.388,r,I11,353
60870.1275707,245.9309144,-12.0018806,55971882.660,-141386700.208,7491.238,352,21.500,r,I11,354
60870.1503654,245.9397314,-12.0281863,56026255.790,-141365320.502,7479.067,355,21.500,i,I11,357
60870.1522925,244.6649572,-11.6350002,56030851.816,-141363507.359,7475.967,357,21.107,i,I11,359
60870.1522925,245.9404815,-12.0304078,56030851.816,-141363507.359,7475.967,356,21.500,i,I11,358
60870.1299082,237.6046585,-14.7291433,55977458.675,-141384513.602,7492.072,353,16.811,r,I11,355
60870.1546660,237.6995434,-14.7840978,56036512.420,-141361272.936,7471.707,358,16.771,i,I11,360
60870.1712468,246.2571248,-27.9890687,56076048.981,-141345626.130,7428.429,359,19.331,i,I11,361
60870.1954387,246.2825851,-28.0176516,56133700.538,-141322681.287,7323.670,365,20.119,z,I11,367
60870.1831236,262.2774935,-16.0331031,56104358.526,-141334378.442,7383.071,360,21.208,i,I11,362
60870.2071360,262.2965365,-16.0499857,56161557.301,-141311539.029,7255.898,367,20.704,z,I11,369
60870.1840666,259.9288168,-16.2931971,56106605.693,-141333484.029,7378.964,361,21.490,i,I11,363
60870.2080812,259.9463628,-16.2623233,56163807.632,-141310637.349,7249.950,368,22.137,z,I11,370
60870.1855301,255.0110817,-16.1268850,56110093.327,-141332095.423,7372.444,362,20.206,i,I11,364
60870.2095282,255.0202884,-16.1588308,56167252.464,-141309256.587,7240.708,369,21.041,z,I11,371
60870.1864873,254.9100641,-21.7683804,56112374.269,-141331186.957,7368.083,363,19.554,i,I11,365
60870.1869577,254.9115724,-21.7692656,56113495.138,-141330740.442,7365.913,364,19.656,i,I11,366
60870.2104732,254.9873482,-21.8132985,56169501.981,-141308354.634,7234.585,370,20.397,z,I11,372
60870.2109479,254.9888890,-21.8141849,56170632.142,-141307901.401,7231.483,371,19.989,z,I11,373
60870.2235961,281.3907559,-25.3668121,56200730.409,-141295809.046,7142.510,372,15.560,i,I11,374
60870.2249977,281.3900527,-25.3654005,56204064.430,-141294466.963,7131.914,373,14.632,i,I11,375
60870.2447229,281.3801825,-25.3455282,56250956.860,-141275536.305,6967.884,376,15.976,z,I11,378
60870.2461141,281.3794881,-25.3441259,56254261.947,-141274198.216,6955.301,377,15.338,z,I11,379
60870.2351620,267.0920531,-26.1356760,56228234.820,-141284721.949,7050.806,374,21.500,i,I11,376
60870.2560377,267.1507525,-26.1335895,56277828.741,-141264642.650,6861.865,378,22.394,z,I11,380
60870.2397721,276.9853029,-33.1555313,56239192.697,-141280295.061,7011.606,375,21.500,i,I11,377
60870.2606616,276.9982119,-33.1339773,56288804.301,-141260183.881,6816.191,380,23.696,z,I11,382
60870.2724270,10.6371662,1.9099104,56316714.268,-141248821.513,6694.177,381,21.500,y,I11,383
60870.2833238,10.6621799,1.9180537,56342541.198,-141238276.942,6574.204,383,21.500,y,I11,385
60870.2988897,300.8616686,-29.2403023,56379395.052,-141223181.551,6392.338,384,23.273,r,I11,386
60870.3327239,300.9133575,-29.1884420,56459328.110,-141190255.784,5962.327,393,22.790,i,I11,395
60870.3573754,300.9514221,-29.1504151,56517407.683,-141166188.206,5627.993,396,22.962,z,I11,398
60870.2998581,306.7899554,-27.4715092,56381686.368,-141222241.179,6380.648,385,19.675,r,I11,387
60870.3345949,306.7534936,-27.4451192,56463741.069,-141188431.103,5937.442,394,19.629,i,I11,396
60870.3592766,306.7276849,-27.4263174,56521881.283,-141164329.876,5601.738,397,20.213,z,I11,399
60870.3755868,306.7106840,-27.4138726,56560224.434,-141148377.971,5374.877,399,19.641,i,I11,401
60870.3207562,298.0287536,-16.9163123,56431082.598,-141201918.219,6119.066,392,23.819,i,I11,394
60870.3815211,298.0873201,-16.8860142,56574159.757,-141142570.335,5291.906,401,21.486,i,I11,403
60870.3878808,300.9991101,-29.1031212,56589084.821,-141136344.676,5202.937,403,22.371,i,I11,405
60870.3925958,306.6930049,-27.4008794,56600143.881,-141131728.117,5137.024,404,20.141,z,I11,406
60870.3350652,309.1309004,-23.8866485,56464850.215,-141187972.384,5931.172,395,20.047,i,I11,397
60870.3597360,309.1750365,-23.9036648,56522962.218,-141163880.765,5595.385,398,20.663,z,I11,400
60870.3764975,309.2053383,-23.9150616,56562363.391,-141147486.882,5362.153,400,20.158,i,I11,402
60870.3935287,309.2364248,-23.9265185,56602331.479,-141130814.572,5123.993,405,20.324,z,I11,407
60870.9771879,247.1790941,-28.9496098,57959176.144,-140574196.594,6390.214,406,21.218,r,I11,408
60870.9865583,247.1890670,-28.9608232,57981266.527,-140565344.345,6493.686,409,21.572,r,I11,411
60870.9883735,247.1909973,-28.9629941,57985547.270,-140563627.975,6513.203,410,21.588,i,I11,412
60870.9977711,247.2009741,-28.9742160,58007718.263,-140554733.051,6611.352,412,22.846,i,I11,414
60870.9817952,259.4716114,-24.6434169,57970035.707,-140569845.855,6441.648,408,21.204,r,I11,410
60870.9929869,259.4910123,-24.6357649,57996429.584,-140559263.198,6562.001,411,23.009,i,I11,413
60871.0000690,259.5032599,-24.6309134,58013141.605,-140552555.760,6634.588,413,22.409,g,I11,415
60871.0014333,255.3670557,-17.2012054,58016361.962,-140551262.607,6648.238,414,25.504,g,I11,416
60871.0337439,255.3793810,-17.2431711,58092700.418,-140520537.643,6937.091,421,25.487,g,I11,423
60871.0153556,269.4383315,-26.0794353,58049238.750,-140538047.723,6781.039,418,23.776,g,I11,420
60871.0389056,269.5043689,-26.0782569,58104907.405,-140515610.387,6976.671,422,23.976,r,I11,424
60871.0398146,266.5262904,-29.5088696,58107057.454,-140514742.091,6983.442,423,24.296,r,I11,425
60871.0402566,266.5253584,-29.5086374,58108102.902,-140514319.838,6986.713,424,24.875,r,I11,426
60872.0028952,221.6418203,-39.3105358,60348660.063,-139558693.327,6520.980,426,22.552,r,I11,428
60872.0101685,221.6514904,-39.3103274,60365717.273,-139551502.529,6589.968,427,20.281,r,I11,429
60872.9753974,223.0462652,-39.2778070,62596796.521,-138556381.049,6095.113,428,19.070,r,I11,430
60872.9763205,223.0475349,-39.2777740,62598941.829,-138555436.663,6105.336,429,19.031,r,I11,431
60872.9767806,223.0481677,-39.2777576,62600011.045,-138554965.956,6110.414,430,19.026,r,I11,432
60872.9777414,223.0494896,-39.2777229,62602244.246,-138553982.764,6120.985,431,19.081,r,I11,433
60872.9782008,223.0501210,-39.2777063,62603312.063,-138553512.617,6126.023,432,19.147,r,I11,434
60872.9786572,223.0507482,-39.2776897,62604372.934,-138553045.510,6131.017,433,19.106,r,I11,435
60872.9791122,223.0513741,-39.2776730,62605430.623,-138552579.786,6135.985,434,19.096,r,I11,436
60872.9819275,223.0552476,-39.2775688,62611975.284,-138549697.614,6166.481,435,19.061,r,I11,437
60872.9823796,223.0558693,-39.2775519,62613026.359,-138549234.668,6171.338,436,19.142,r,I11,438
60872.9862637,223.0612118,-39.2774038,62622058.311,-138545255.754,6212.621,437,19.143,r,I11,439
60872.9900710,223.0664484,-39.2772543,62630913.809,-138541353.137,6252.278,438,19.751,g,I11,440
60872.9915634,223.0685021,-39.2771945,62634385.459,-138539822.776,6267.598,439,19.657,g,I11,441
60872.9940024,223.0718558,-39.2770955,62640060.071,-138537320.806,6292.361,440,19.731,g,I11,442
60872.9954142,223.0737982,-39.2770374,62643345.285,-138535872.041,6306.537,441,19.806,g,I11,443
60872.9958923,223.0744558,-39.2770176,62644457.707,-138535381.418,6311.310,442,19.742,g,I11,444
60873.0018059,223.0825926,-39.2767668,62658221.510,-138529308.878,6369.223,443,19.823,g,I11,445
60873.0028247,223.0839947,-39.2767226,62660593.190,-138528262.088,6378.985,444,19.822,g,I11,446
60873.0032939,223.0846401,-39.2767021,62661685.544,-138527779.913,6383.460,445,19.794,g,I11,447
60873.1416653,223.2771721,-39.2680228,62984630.384,-138383546.702,6979.205,446,19.107,i,I11,448
60873.1439555,223.2804190,-39.2678406,62989979.218,-138381122.184,6975.579,447,19.063,i,I11,449
60873.1444128,223.2810670,-39.2678042,62991047.351,-138380637.860,6974.801,448,19.122,i,I11,450
60873.1448702,223.2817151,-39.2677677,62992115.568,-138380153.443,6974.004,449,19.071,i,I11,451
60873.1453285,223.2823661,-39.2677310,62993185.890,-138379668.018,6973.187,450,19.070,i,I11,452
60873.1476201,223.2856171,-39.2675473,62998537.989,-138377239.857,6968.832,451,19.118,i,I11,453
60873.1480764,223.2862660,-39.2675105,62999603.627,-138376756.233,6967.911,452,19.174,i,I11,454
60873.1485326,223.2869135,-39.2674738,63000668.993,-138376272.677,6966.972,453,19.111,i,I11,455
60873.1521835,223.2921016,-39.2671785,63009194.755,-138372401.000,6958.810,454,19.144,i,I11,456
60873.1551474,223.2963171,-39.2669371,63016115.648,-138369255.560,6951.342,455,19.623,g,I11,457
60873.1556060,223.2969705,-39.2668996,63017186.591,-138368768.627,6950.119,456,19.629,g,I11,458
60873.1560659,223.2976255,-39.2668619,63018260.395,-138368280.338,6948.874,457,19.639,g,I11,459
60873.1574406,223.2995839,-39.2667492,63021470.299,-138366820.373,6945.046,458,19.646,g,I11,460
60873.1597247,223.3028392,-39.2665612,63026803.075,-138364393.759,6938.330,459,19.646,g,I11,461
60873.1610963,223.3047945,-39.2664480,63030005.298,-138362935.965,6934.082,460,19.667,g,I11,462
60873.1615535,223.3054480,-39.2664101,63031072.873,-138362449.847,6932.631,461,19.669,g,I11,463
60873.1620130,223.3061029,-39.2663721,63032145.642,-138361961.308,6931.154,462,19.695,g,I11,464
60873.1624660,223.3067495,-39.2663346,63033203.075,-138361479.699,6929.681,463,19.659,g,I11,465
60873.1642962,223.3093623,-39.2661825,63037475.764,-138359533.142,6923.552,464,19.641,g,I11,466
60873.1665808,223.3126274,-39.2659920,63042808.755,-138357102.283,6915.503,465,19.692,g,I11,467
60873.1670358,223.3132779,-39.2659539,63043871.045,-138356617.908,6913.848,466,19.696,g,I11,468
60873.1679506,223.3145863,-39.2658773,63046006.309,-138355644.122,6910.466,467,19.661,g,I11,469
60873.1684096,223.3152429,-39.2658389,63047077.761,-138355155.402,6908.743,468,19.650,g,I11,470
60873.1705833,223.3183527,-39.2656563,63052151.134,-138352840.529,6900.342,469,19.066,r,I11,471
60873.1710405,223.3190084,-39.2656177,63053218.442,-138352353.378,6898.525,470,19.066,r,I11,472
60873.1714976,223.3196629,-39.2655792,63054285.160,-138351866.441,6896.690,471,19.051,r,I11,473
60873.1719583,223.3203218,-39.2655404,63055360.342,-138351375.583,6894.824,472,19.085,r,I11,474
60873.1724144,223.3209750,-39.2655020,63056424.910,-138350889.515,6892.958,473,19.049,r,I11,475
60873.1728749,223.3216356,-39.2654630,63057499.505,-138350398.812,6891.057,474,19.091,r,I11,476
60873.1733345,223.3222948,-39.2654241,63058572.222,-138349908.910,6889.142,475,19.096,r,I11,477
60873.1737916,223.3229498,-39.2653855,63059639.096,-138349421.620,6887.220,476,19.108,r,I11,478
60873.1747153,223.3242731,-39.2653073,63061794.577,-138348436.943,6883.283,477,19.084,r,I11,479
60873.1751714,223.3249285,-39.2652685,63062858.975,-138347950.615,6881.313,478,19.071,r,I11,480
60873.1765442,223.3268968,-39.2651520,63066062.555,-138346486.549,6875.278,479,19.078,r,I11,481
60873.1779211,223.3288733,-39.2650348,63069275.537,-138345017.676,6869.069,480,19.052,r,I11,482
60873.1783828,223.3295366,-39.2649954,63070352.767,-138344525.087,6866.952,481,19.133,r,I11,483
60873.1806728,223.3328265,-39.2647998,63075695.975,-138342080.927,6856.192,482,19.101,r,I11,484
60873.1811291,223.3334820,-39.2647607,63076760.453,-138341593.831,6853.997,483,19.079,r,I11,485
60873.1825032,223.3354577,-39.2646430,63079966.474,-138340126.442,6847.282,484,19.100,r,I11,486
60873.1838684,223.3374230,-39.2645256,63083151.402,-138338668.203,6840.458,485,19.082,r,I11,487
60873.1870428,223.3419935,-39.2642520,63090556.154,-138335275.941,6824.004,486,23.917,u,I11,488
60873.1875960,223.3427904,-39.2642043,63091846.636,-138334684.467,6821.053,487,23.512,u,I11,489
60873.1892531,223.3451793,-39.2640608,63095711.572,-138332912.532,6812.066,488,23.850,u,I11,490
60873.1909087,223.3475683,-39.2639172,63099572.869,-138331141.521,6802.867,489,23.385,u,I11,491
60873.1925562,223.3499459,-39.2637740,63103414.977,-138329378.574,6793.495,490,23.179,u,I11,492
60873.1947531,223.3531199,-39.2635825,63108537.920,-138327026.769,6780.661,491,23.811,u,I11,493
60873.1952991,223.3539092,-39.2635349,63109811.055,-138326442.104,6777.412,492,23.131,u,I11,494
60873.1958457,223.3547000,-39.2634871,63111085.531,-138325856.742,6774.136,493,23.210,u,I11,495
60873.1969446,223.3562895,-39.2633910,63113647.796,-138324679.657,6767.478,494,23.497,u,I11,496
60873.1980433,223.3578782,-39.2632948,63116209.450,-138323502.524,6760.726,495,24.089,u,I11,497
60873.1985999,223.3586845,-39.2632460,63117506.991,-138322906.153,6757.270,496,23.473,u,I11,498
60873.1991457,223.3594749,-39.2631981,63118779.347,-138322321.274,6753.857,497,23.533,u,I11,499
60873.2008040,223.3618763,-39.2630525,63122645.261,-138320543.689,6743.345,498,23.888,u,I11,500
60873.2044164,223.3671135,-39.2627344,63131065.167,-138316669.545,6719.707,499,19.952,z,I11,501
60873.2048664,223.3677680,-39.2626946,63132114.066,-138316186.680,6716.692,500,19.943,z,I11,502
60873.2062451,223.3697684,-39.2625728,63135327.059,-138314707.222,6707.358,501,20.096,z,I11,503
60873.2067000,223.3704292,-39.2625326,63136387.379,-138314218.873,6704.246,502,20.056,z,I11,504
60873.2071529,223.3710871,-39.2624925,63137442.633,-138313732.800,6701.132,503,19.999,z,I11,505
60873.2076113,223.3717525,-39.2624520,63138510.935,-138313240.662,6697.965,504,19.976,z,I11,506
60873.2103687,223.3757619,-39.2622075,63144935.986,-138310279.601,6678.576,505,20.043,z,I11,507
60873.2117439,223.3777624,-39.2620853,63148139.942,-138308802.248,6668.693,506,19.986,z,I11,508
60873.2122045,223.3784334,-39.2620443,63149212.917,-138308307.382,6665.351,507,20.010,z,I11,509
60873.2131173,223.3797612,-39.2619632,63151339.408,-138307326.453,6658.681,508,19.863,z,I11,510
60873.2135778,223.3804325,-39.2619222,63152412.334,-138306831.437,6655.292,509,20.088,z,I11,511
60873.2140406,223.3811069,-39.2618810,63153490.250,-138306334.061,6651.871,510,20.024,z,I11,512
60873.2149598,223.3824459,-39.2617991,63155631.531,-138305345.851,6645.029,511,19.995,z,I11,513
60873.2158746,223.3837796,-39.2617175,63157762.356,-138304362.239,6638.157,512,20.068,z,I11,514
60873.2167858,223.3851079,-39.2616362,63159884.726,-138303382.304,6631.251,513,19.986,z,I11,515
60873.9830509,272.6227646,-24.0706195,64909622.191,-137479725.748,6046.208,514,24.216,i,I11,516
60873.9947440,272.6581021,-24.0608275,64936618.529,-137467278.471,6165.786,515,23.434,z,I11,517
60874.0124384,289.8023123,-25.5282507,64977506.736,-137448396.586,6330.974,517,18.799,g,I11,519
60874.0370207,289.8852883,-25.4542495,65034374.833,-137422064.119,6525.525,522,18.009,r,I11,524
60874.0167622,291.7303709,-24.4989670,64987504.362,-137443773.649,6368.250,518,23.931,g,I11,520
60874.0413618,291.7564244,-24.5086006,65044423.961,-137417401.091,6555.338,523,23.961,r,I11,525
60874.0249308,279.6360543,-11.8038607,65006398.017,-137435029.947,6435.179,519,21.500,g,I11,521
60874.0503935,279.6661074,-11.8523145,65065336.593,-137407686.763,6612.773,526,21.500,r,I11,528
60874.0273975,279.7633810,-21.6716308,65012104.803,-137432386.995,6454.470,520,15.920,g,I11,522
60874.0529355,279.7527943,-21.6478798,65071223.764,-137404949.436,6627.800,527,15.574,r,I11,529
60874.0847291,302.2916542,-14.9141150,65144892.209,-137370590.296,6771.731,529,21.527,g,I11,531
60874.1004692,302.3096364,-14.9051052,65181379.685,-137353493.526,6811.730,540,24.640,g,I11,542
60874.1078705,302.3180550,-14.9008537,65198538.175,-137345434.135,6823.182,543,21.464,r,I11,545
60874.0847291,302.6928323,-14.8916573,65144892.209,-137370590.296,6771.731,530,21.818,g,I11,532
60874.1078705,302.7399548,-14.9318513,65198538.175,-137345434.135,6823.182,542,20.886,r,I11,544
60874.0860801,303.0846432,-24.6301454,65148023.847,-137369125.072,6775.992,531,20.528,g,I11,533
60874.1093871,303.0623061,-24.6130016,65202054.237,-137343781.043,6824.943,544,19.616,r,I11,546
60874.0892001,306.6913923,-23.5503239,65155255.759,-137365739.900,6785.241,532,21.337,g,I11,534
60874.1125809,306.7216940,-23.5164458,65209458.637,-137340298.043,6828.000,545,20.702,r,I11,547
60874.0907119,308.7716882,-25.9842211,65158760.291,-137364098.700,6789.426,534,18.752,g,I11,536
60874.0912216,308.7730397,-25.9851815,65159941.715,-137363545.316,6790.792,535,19.462,g,I11,537
60874.0907119,310.1117055,-24.9813823,65158760.291,-137364098.700,6789.426,533,19.236,g,I11,535
60874.0917237,310.1164955,-24.9815647,65161105.700,-137363000.043,6792.117,536,19.831,g,I11,538
60874.1151384,310.2262982,-24.9855295,65215387.939,-137337507.161,6829.809,546,18.709,r,I11,548
60874.0926929,316.0915402,-26.2948386,65163352.434,-137361947.394,6794.613,537,29.314,g,I11,539
60874.1160923,316.1280019,-26.3092522,65217599.542,-137336465.770,6830.338,547,23.541,r,I11,549
60874.0952314,312.1570484,-17.7032374,65169237.209,-137359189.239,6800.771,538,21.022,g,I11,540
60874.1185783,312.1446742,-17.7246317,65223362.841,-137333750.932,6831.345,548,20.483,r,I11,550
60874.0967062,314.9770497,-8.6963796,65172655.958,-137357586.227,6804.095,539,19.881,g,I11,541
60874.1200488,314.9285756,-8.6481307,65226772.015,-137332144.310,6831.687,549,20.301,r,I11,551
60874.2070613,329.6603608,-13.2285442,65428300.780,-137236171.118,6523.506,554,21.426,r,I11,556
60874.2080321,329.6618218,-13.2297790,65430545.305,-137235090.694,6516.595,556,21.324,r,I11,558
60874.2406551,329.7107877,-13.2712294,65505896.509,-137198670.049,6244.960,562,20.932,r,I11,564
60874.2412216,329.7116371,-13.2719492,65507203.579,-137198035.736,6239.601,563,20.955,r,I11,565
60874.2613526,329.7417745,-13.2974889,65553614.541,-137175457.427,6036.305,570,21.159,i,I11,572
60874.2619247,329.7426305,-13.2982141,65554932.542,-137174814.682,6030.178,571,21.169,i,I11,573
60874.2075241,332.8283101,-12.3430616,65429370.613,-137235656.175,6520.221,555,21.500,r,I11,557
60874.2084977,332.8291614,-12.3418229,65431621.797,-137234572.422,6513.256,557,25.338,r,I11,559
60874.2416952,332.8580079,-12.2995185,65508296.181,-137197505.436,6235.106,564,21.500,r,I11,566
60874.2421524,332.8584039,-12.2989337,65509351.076,-137196993.381,6230.752,565,21.500,r,I11,567
60874.2624159,332.8758849,-12.2730265,65556063.866,-137174262.904,6024.903,572,21.500,i,I11,574
60874.2628774,332.8762826,-12.2724350,65557127.089,-137173744.285,6019.934,573,21.500,i,I11,575
60874.2099136,329.7999020,-4.6812952,65434895.109,-137232996.137,6503.001,558,21.974,r,I11,560
60874.2327407,329.8242980,-4.6887121,65487630.845,-137207525.238,6317.625,561,22.108,r,I11,563
60874.2533451,329.8462716,-4.6954033,65535162.361,-137184446.981,6120.090,568,21.890,i,I11,570
60874.2168485,337.4522973,-21.8865592,65450924.040,-137225269.359,6450.629,559,26.322,r,I11,561
60874.2445879,337.5011481,-22.0016618,65514969.400,-137194265.254,6207.336,567,21.170,r,I11,569
60874.2173561,338.1581845,-17.2148041,65452097.152,-137224703.340,6446.657,560,23.223,r,I11,562
60874.2440781,338.1961643,-17.2248075,65513793.435,-137194836.407,6212.269,566,20.753,r,I11,568
60874.2649668,338.2258698,-17.2326028,65561939.254,-137171396.314,5997.292,574,20.699,i,I11,576
60874.2689882,345.7297075,-15.2908841,65571198.993,-137166875.102,5953.041,575,22.330,r,I11,577
60874.2694544,345.7290762,-15.2909301,65572272.121,-137166350.862,5947.856,576,22.591,r,I11,578
60874.2807127,350.4859270,-0.8769337,65598178.104,-137153678.671,5819.231,580,25.035,r,I11,582
60874.2832331,350.4905758,-0.8748246,65603974.140,-137150839.130,5789.582,581,21.500,r,I11,583
60874.2836771,346.7119814,-1.5973521,65604995.112,-137150338.782,5784.328,582,19.928,r,I11,584
60874.2970687,346.7050197,-1.6110409,65635768.264,-137135235.217,5621.739,592,19.806,r,I11,594
60874.3095778,346.6985034,-1.6238295,65664479.095,-137121105.485,5463.345,593,19.731,i,I11,595
60874.2865650,346.0242488,-10.9529846,65611634.341,-137147083.909,5749.933,583,21.091,r,I11,585
60874.3119718,345.9979611,-10.8982293,65669969.987,-137118399.110,5432.395,594,20.967,i,I11,596
60874.2941655,352.2657230,6.8045569,65629099.901,-137138511.740,5657.639,590,18.241,r,I11,592
60874.2946099,352.2674191,6.8064912,65630120.857,-137138010.220,5652.165,591,18.201,r,I11,593
60874.3408113,290.8669345,-24.5176814,65736014.551,-137085749.553,5046.889,595,18.580,i,I11,597
60874.3689106,290.9589214,-24.4292621,65800178.439,-137053873.306,4657.147,609,18.786,r,I11,611
60874.3408113,292.0597892,-24.6082571,65736014.551,-137085749.553,5046.889,596,22.791,i,I11,598
60874.3689106,292.0905144,-24.6159721,65800178.439,-137053873.306,4657.147,608,22.962,r,I11,610
60874.3422714,294.8285898,-25.6319423,65739353.229,-137084094.516,5026.875,597,20.174,i,I11,599
60874.3684653,294.8131127,-25.6675866,65799163.031,-137054378.831,4663.370,607,19.920,r,I11,609
60874.3703383,294.8120265,-25.6701385,65803433.600,-137052252.493,4637.194,610,20.528,r,I11,612
60874.3451958,302.8357968,-24.4376789,65746038.668,-137080779.192,4986.684,598,19.679,i,I11,600
60874.3737321,302.8087364,-24.4162474,65811169.477,-137048399.320,4589.754,611,19.757,r,I11,613
60874.3476712,307.0171835,-23.1671250,65751696.204,-137077972.328,4952.561,599,17.327,i,I11,601
60874.3761131,307.0537357,-23.1238382,65816595.245,-137045695.707,4556.473,612,20.683,r,I11,614
60874.3481715,302.7813676,-25.9672048,65752839.331,-137077405.050,4945.654,600,20.191,i,I11,602
60874.3766206,302.8142200,-25.9817044,65817751.487,-137045119.447,4549.380,613,20.232,r,I11,615
60874.3565194,312.0161958,-17.9417883,65771906.519,-137067936.104,4829.955,603,20.343,i,I11,605
60874.3789551,312.0041537,-17.9621751,65823069.581,-137042468.455,4516.761,614,20.314,r,I11,616
60874.3846025,312.0011310,-17.9673059,65835929.259,-137036054.723,4437.939,616,20.337,r,I11,618
60874.3588738,302.6014565,-14.7501849,65777281.202,-137065264.710,4797.195,605,21.542,i,I11,607
60874.3598606,302.6026093,-14.7495688,65779533.468,-137064144.969,4783.452,606,21.129,i,I11,608
60874.3868781,302.6344119,-14.7326551,65841108.755,-137033470.154,4406.230,618,21.027,r,I11,620
60874.3878330,302.6355451,-14.7320555,65843282.009,-137032385.482,4392.934,620,21.000,r,I11,622
60875.0728169,281.1838535,-25.2145408,67392635.329,-136272282.491,6590.199,627,27.690,u,I11,629
60875.0768247,281.1943775,-25.2133875,67401850.034,-136267788.546,6605.541,629,27.559,u,I11,631
60875.1602440,314.6344386,-24.9620743,67593670.201,-136173388.720,6611.785,635,21.500,u,I11,637
60875.1613908,314.6381973,-24.9620691,67596305.592,-136172079.452,6607.692,636,22.773,u,I11,638
60875.2108423,331.3199497,-14.5305473,67709829.912,-136115338.194,6329.323,647,31.181,u,I11,649
60875.2113834,331.3208186,-14.5312782,67711070.549,-136114714.369,6325.226,648,26.324,u,I11,650
60875.2316438,345.1343346,-8.8954893,67757492.924,-136091313.840,6156.794,652,20.945,r,I11,654
60875.2325739,345.1333646,-8.8934579,67759622.672,-136090237.571,6148.381,653,20.964,r,I11,655
60875.2983443,345.0640508,-8.7495277,67909821.204,-136013754.989,5426.489,671,20.738,r,I11,673
60875.2336303,339.7724462,1.6236228,67762041.425,-136089014.966,6138.757,654,21.500,r,I11,656
60875.2936508,339.7797514,1.5334197,67899131.164,-136019234.825,5485.037,670,21.500,r,I11,672
60875.2625103,352.4359019,-0.0310659,67828089.431,-136055513.090,5848.598,659,24.776,r,I11,661
60875.2890702,352.4879011,-0.0075114,67888693.654,-136024580.074,5541.319,668,25.774,r,I11,670
60875.3148359,352.5382681,0.0153730,67947345.012,-135994478.838,5214.443,673,21.500,i,I11,675
60875.2727044,355.8197221,1.1044407,67851367.021,-136043653.224,5734.771,660,18.832,r,I11,662
60875.2881651,355.8206827,1.0763309,67886630.918,-136025635.834,5552.334,667,19.343,r,I11,669
60875.2736298,357.7238362,4.5690829,67853478.975,-136042575.863,5724.174,662,21.537,r,I11,664
60875.2877208,357.7303031,4.5832808,67885618.147,-136026154.122,5557.730,666,21.645,r,I11,668
60875.2872614,358.9093649,2.0478308,67884570.877,-136026690.014,5563.299,665,29.291,r,I11,667
60875.3132647,358.9348646,2.0533356,67943772.754,-135996316.611,5235.031,672,25.447,i,I11,674
60875.2913365,346.2132449,-2.6366920,67893858.347,-136021935.775,5513.582,669,19.841,r,I11,671
60875.3171492,346.1992124,-2.6635739,67952603.714,-135991772.455,5183.998,674,20.141,i,I11,676
60875.3194869,339.7827772,1.4944953,67957916.792,-135989036.882,5153.075,675,21.500,i,I11,677
60875.3245095,345.0362237,-8.6921138,67969327.392,-135983157.800,5086.141,676,21.502,i,I11,678
60875.3622555,58.0653701,-48.5760233,68054894.740,-135938906.922,4567.794,677,21.500,r,I11,679
60875.3626910,58.0651388,-48.5765647,68055880.160,-135938395.755,4561.719,678,24.319,r,I11,680
60875.3631275,58.0649063,-48.5771086,68056867.477,-135937883.571,4555.632,679,21.500,r,I11,681
60875.3713903,328.8995201,-21.3717130,68075552.105,-135928184.593,4440.290,681,20.400,r,I11,683
60875.3792328,328.9067962,-21.3785165,68093271.305,-135918976.510,4330.847,682,20.266,i,I11,684
60875.3815829,331.6903568,-21.4724268,68098578.155,-135916216.864,4298.098,683,20.058,i,I11,685
60875.3869533,331.6863220,-21.4671024,68110700.389,-135909910.045,4223.400,686,20.087,i,I11,688
60875.3820949,324.9180382,-14.9047964,68099734.096,-135915615.647,4290.968,684,21.122,i,I11,686
60875.3881148,324.9279375,-14.9020914,68113321.385,-135908545.877,4207.275,687,21.109,i,I11,689
60875.3907998,324.9323580,-14.9008832,68119378.650,-135905392.485,4170.055,689,21.374,i,I11,691
60875.3825717,331.7355027,-17.9311555,68100810.604,-135915055.708,4284.329,685,18.886,i,I11,687
60875.3899948,331.7478584,-17.9185087,68117562.841,-135906337.894,4181.206,688,19.121,i,I11,690
60875.9780103,253.4054999,-22.6140164,69433389.002,-135231474.754,5766.985,690,16.984,r,I11,692
60875.9895525,253.4255930,-22.6230816,69459606.124,-135218298.396,5885.160,693,16.833,i,I11,695
60876.0156115,267.4561888,-21.3175334,69518863.268,-135188461.762,6121.691,697,22.562,u,I11,699
60876.0222499,267.4650151,-21.3135874,69533971.691,-135180840.182,6174.650,701,19.074,g,I11,703
60876.0162039,266.7233689,-15.1431036,69520211.283,-135187782.001,6126.542,698,21.424,u,I11,700
60876.0167416,266.7237591,-15.1436848,69521435.013,-135187164.870,6130.925,699,21.329,u,I11,701
60876.0194741,266.7257394,-15.1466355,69527653.731,-135184028.112,6152.884,700,18.441,g,I11,702
60876.0408826,266.7411901,-15.1697118,69576402.324,-135159399.332,6306.155,706,17.855,g,I11,708
60876.0430540,266.7427508,-15.1720472,69581349.190,-135156895.860,6319.777,707,17.408,r,I11,709
60876.0801783,266.7693024,-15.2118445,69665973.048,-135113932.476,6494.257,711,17.672,r,I11,713
60876.0244941,273.5313011,-21.7690203,69539080.594,-135178261.482,6191.845,702,25.057,g,I11,704
60876.0482747,273.5343505,-21.8072730,69593244.355,-135150872.642,6351.026,708,24.159,r,I11,710
60876.0340628,283.8352228,-24.8833382,69560868.413,-135167255.385,6261.028,704,21.500,g,I11,706
60876.0728414,283.9347570,-24.8708648,69649242.843,-135122448.273,6468.755,709,25.890,r,I11,711
60876.0363575,279.2587865,-22.0187737,69566094.757,-135164613.109,6276.607,705,20.241,g,I11,707
60876.0751557,279.3801369,-21.9774465,69654519.991,-135119763.396,6477.287,710,20.289,r,I11,712
60876.0857493,293.7460637,-28.7516722,69678677.520,-135107458.064,6510.582,714,24.094,u,I11,716
60876.0957433,293.7358458,-28.7747985,69701470.758,-135095824.927,6533.225,718,23.845,u,I11,720
60876.0940984,296.3202026,-19.3967653,69697719.184,-135097741.202,6530.088,717,22.936,u,I11,719
60876.0979521,296.3301047,-19.3862600,69706508.500,-135093250.706,6537.071,719,22.482,u,I11,721
60876.1030665,242.1821088,-19.0934874,69718173.499,-135087285.674,6544.356,720,24.541,g,I11,722
60876.1302904,242.2114382,-19.1048806,69780262.713,-135055428.882,6544.884,731,21.500,g,I11,733
60876.1030665,244.8301551,-19.4488220,69718173.499,-135087285.674,6544.356,721,22.847,g,I11,723
60876.1302904,244.8310290,-19.4817066,69780262.713,-135055428.882,6544.884,732,22.423,g,I11,734
60876.1589633,242.2424115,-19.1168127,69845628.294,-135021685.593,6476.039,739,21.500,u,I11,741
60876.1589633,244.8321016,-19.5162384,69845628.294,-135021685.593,6476.039,740,26.802,u,I11,742
60876.1131052,301.2376164,-23.1366620,69741069.883,-135075559.234,6552.057,722,24.320,u,I11,724
60876.1136441,301.2371260,-23.1362721,69742299.009,-135074929.043,6552.223,723,24.324,u,I11,725
60876.1152660,304.8935049,-13.6406123,69745998.124,-135073032.023,6552.569,725,24.710,u,I11,727
60876.1234907,304.9037093,-13.6352809,69764756.028,-135063402.353,6550.796,728,21.949,g,I11,730
60876.1274926,248.8236842,-18.5663026,69773882.612,-135058710.928,6547.803,730,26.239,g,I11,732
60876.1561802,248.8370357,-18.5953759,69839285.881,-135024969.300,6485.800,738,27.435,u,I11,740
60876.1452585,253.5207923,-25.1765517,69814391.264,-135037838.058,6517.747,734,21.500,g,I11,736
60876.1740511,253.4282017,-25.1398951,69880001.783,-135003852.374,6411.848,741,26.056,u,I11,743
60876.1458544,257.5909080,-23.1345486,69815749.749,-135037136.638,6516.267,735,21.915,g,I11,737
60876.1746150,257.6024107,-23.1636632,69881286.116,-135003184.840,6409.084,742,25.006,u,I11,744
60876.1464285,253.6944814,-22.7421648,69817058.355,-135036460.884,6514.812,737,17.267,g,I11,739
60876.1751966,253.7435485,-22.7631767,69882610.621,-135002496.335,6406.207,744,21.463,u,I11,746
60876.2063306,333.0726288,-15.8964397,69953464.247,-134965527.837,6212.984,746,22.230,g,I11,748
60876.2067725,333.0733855,-15.8970699,69954469.068,-134965001.614,6209.706,747,22.248,g,I11,749
60876.2076857,334.7419978,-9.7054541,69956545.506,-134963914.014,6202.886,748,21.500,g,I11,750
60876.2475126,334.7766119,-9.6517967,70046980.488,-134916320.299,5849.091,764,26.258,u,I11,766
60876.2382374,344.1552423,-6.6727689,70025942.223,-134927431.345,5940.822,756,30.409,u,I11,758
60876.2387972,344.1546425,-6.6715303,70027212.360,-134926761.208,5935.437,757,25.607,u,I11,759
60876.2387972,346.5178505,-8.1626177,70027212.360,-134926761.208,5935.437,758,27.158,u,I11,760
60876.2593251,346.5381326,-8.1547186,70073751.815,-134902147.695,5724.864,766,23.941,g,I11,768
60876.2463867,332.1370129,-5.3782095,70044427.561,-134917669.839,5860.507,763,26.050,u,I11,765
60876.2480543,332.1388803,-5.3788147,70048208.942,-134915670.784,5843.571,765,26.214,u,I11,767
60876.2750818,359.9098984,2.2563841,70109420.950,-134883207.043,5547.360,770,28.436,u,I11,772
60876.2756174,359.9104347,2.2564974,70110632.503,-134882562.561,5541.107,771,25.887,u,I11,773
60876.2933601,310.9786651,-19.7433735,70150735.254,-134861188.990,5326.671,778,21.481,g,I11,780
60876.2942592,310.9781405,-19.7442196,70152765.629,-134860104.777,5315.453,781,21.531,g,I11,783
60876.3495280,310.9459939,-19.7961761,70277229.477,-134793288.126,4579.921,793,20.815,g,I11,795
60876.3499807,310.9457315,-19.7966015,70278246.209,-134792739.664,4573.646,794,20.816,g,I11,796
60876.3730012,310.9324274,-19.8182123,70329874.479,-134764840.669,4253.160,804,20.823,r,I11,806
60876.3734410,310.9321737,-19.8186252,70330859.723,-134764307.378,4247.030,806,20.820,r,I11,808
60876.2938227,309.5887341,-20.3257930,70151779.984,-134860631.133,5320.903,780,21.589,g,I11,782
60876.2942592,309.5892246,-20.3251594,70152765.629,-134860104.777,5315.453,782,21.867,g,I11,784
60876.2938227,307.7335735,-18.8211324,70151779.984,-134860631.133,5320.903,779,21.712,g,I11,781
60876.3540615,307.8735426,-18.9299919,70287407.405,-134787796.043,4517.016,796,21.855,g,I11,798
60876.3540615,309.6571989,-20.2378771,70287407.405,-134787796.043,4517.016,795,20.877,g,I11,797
60876.3730012,309.6791009,-20.2101012,70329874.479,-134764840.669,4253.160,805,20.646,r,I11,807
60876.3775584,309.6844036,-20.2034102,70340080.120,-134759315.073,4189.689,807,20.568,r,I11,809
60876.3037756,57.5969316,-49.7176829,70174245.531,-134848622.608,5194.861,784,21.500,g,I11,786
60876.3042120,57.5966967,-49.7182455,70175230.065,-134848095.803,5189.254,786,27.424,g,I11,788
60876.3037756,59.1314121,-49.5719559,70174245.531,-134848622.608,5194.861,783,21.500,g,I11,785
60876.3042120,59.1327658,-49.5714424,70175230.065,-134848095.803,5189.254,785,21.500,g,I11,787
60876.3121155,57.5924125,-49.7284428,70193053.580,-134838551.083,5086.626,788,21.500,i,I11,790
60876.3121155,59.1572909,-49.5621291,70193053.580,-134838551.083,5086.626,787,21.500,i,I11,789
60876.3125522,57.5921748,-49.7290053,70194037.993,-134838023.497,5080.899,790,24.112,i,I11,792
60876.3125522,59.1586429,-49.5616151,70194037.993,-134838023.497,5080.899,789,23.529,i,I11,791
60876.3129887,57.5919364,-49.7295691,70195021.765,-134837496.210,5075.169,792,24.869,i,I11,794
60876.3129887,59.1599979,-49.5610999,70195021.765,-134837496.210,5075.169,791,21.500,i,I11,793
60876.3775584,307.9289284,-18.9722641,70340080.120,-134759315.073,4189.689,808,20.822,r,I11,810
60876.3608995,301.0126017,-22.9557162,70302749.682,-134779510.081,4421.865,798,20.110,g,I11,800
60876.3843047,300.9917049,-22.9384807,70355178.892,-134751134.294,4095.954,810,19.631,r,I11,812
60876.3622650,305.4071554,-27.1038268,70305811.942,-134777855.232,4402.839,799,20.615,g,I11,801
60876.3856655,305.4369964,-27.1159036,70358223.082,-134749484.074,4077.092,811,20.285,r,I11,813
60876.3668576,318.2572926,-24.8353091,70316108.509,-134772288.572,4338.812,800,19.925,g,I11,802
60876.3673028,318.2583395,-24.8352204,70317106.368,-134771748.905,4332.604,802,19.500,g,I11,804
60876.3902174,318.3124500,-24.8305096,70368403.065,-134743963.682,4014.139,812,19.056,r,I11,814
60876.3906528,318.3134838,-24.8304174,70369376.513,-134743435.648,4008.130,813,19.209,r,I11,815
60876.3673028,319.6814443,-27.4198836,70317106.368,-134771748.905,4332.604,801,29.365,g,I11,803
60876.3906528,319.7130970,-27.4288092,70369376.513,-134743435.648,4008.130,814,21.346,r,I11,816
60877.0209486,268.8210877,-20.7172982,71769087.913,-133996209.426,6072.050,821,19.028,g,I11,823
60877.0493194,268.8568172,-20.7010146,71833149.511,-133962444.194,6259.284,825,23.442,u,I11,827
60877.0315630,286.4973128,-24.5016737,71793046.982,-133983596.808,6149.241,822,21.500,g,I11,824
60877.0600962,286.5683021,-24.4915206,71857499.882,-133949572.360,6313.921,827,21.500,u,I11,829
60877.0845076,286.6285393,-24.4825937,71912679.329,-133920317.391,6402.225,832,31.042,u,I11,834
60877.0427097,267.5063662,-16.1992641,71818218.749,-133970326.053,6221.183,823,17.802,g,I11,825
60877.0715021,267.5259817,-16.2278480,71883278.640,-133935920.558,6361.394,829,21.586,u,I11,831
60877.0721021,267.5263891,-16.2284421,71884634.953,-133935201.548,6363.592,830,21.611,u,I11,832
60877.1068088,322.3846431,-17.0555417,71963101.569,-133893469.309,6438.517,837,21.888,r,I11,839
60877.1403471,322.4172752,-17.0757397,72038919.433,-133852869.816,6411.797,845,21.179,i,I11,847
60877.1086102,328.0304123,-14.0988487,71967174.599,-133891295.431,6439.568,838,22.397,r,I11,840
60877.1421972,328.0912648,-14.0826809,72043100.648,-133850622.362,6407.487,846,22.088,i,I11,848
60877.1467669,328.0995102,-14.0804699,72053426.958,-133845067.934,6395.583,852,21.732,i,I11,854
60877.1099660,331.0679312,-23.1580571,71970240.092,-133889658.779,6440.173,839,22.532,r,I11,841
60877.1435794,331.1123839,-23.1997772,72046224.098,-133848942.876,6404.075,847,21.170,i,I11,849
60877.1117777,334.7722737,-17.1999294,71974336.159,-133887471.207,6440.731,840,24.382,r,I11,842
60877.1122254,334.7731108,-17.2006031,71975348.370,-133886930.494,6440.825,841,24.668,r,I11,843
60877.1454301,334.8349703,-17.2506374,72050406.394,-133846693.246,6399.250,849,22.152,i,I11,851
60877.1458752,334.8357952,-17.2513076,72051411.996,-133846152.203,6398.047,851,22.031,i,I11,853
60877.1122254,334.8771186,-14.9591518,71975348.370,-133886930.494,6440.825,842,22.305,r,I11,844
60877.1458752,334.9340937,-14.9013886,72051411.996,-133846152.203,6398.047,850,19.685,i,I11,852
60877.1342244,306.2879437,-12.9451839,72025081.211,-133860301.574,6423.957,844,21.747,r,I11,846
60877.1577362,306.3182351,-12.9289440,72078209.706,-133831714.548,6359.751,854,21.541,i,I11,856
60877.1832617,306.3509775,-12.9111887,72135839.916,-133800534.264,6237.615,857,27.172,u,I11,859
60877.2106541,335.0410772,-14.7895208,72197605.248,-133766913.474,6049.314,867,19.463,r,I11,869
60877.1978940,347.5340197,-7.7774677,72168845.121,-133782594.882,6144.103,860,21.500,r,I11,862
60877.2213787,347.5588991,-7.7677918,72221759.760,-133753707.698,5960.567,869,21.500,i,I11,871
60877.2041549,339.6238944,2.4744507,72182959.470,-133774904.812,6099.096,862,22.013,r,I11,864
60877.2289895,339.6560434,2.4542257,72238890.395,-133744322.384,5892.787,870,21.321,i,I11,872
60877.2294304,339.6566144,2.4538657,72239882.499,-133743778.345,5888.743,871,21.007,i,I11,873
60877.2046187,340.1280165,-1.4797238,72184004.832,-133774334.816,6095.646,863,24.017,r,I11,865
60877.2299028,340.1307216,-1.5214481,72240945.457,-133743195.392,5884.395,872,24.557,i,I11,874
60877.2092676,333.2856521,-5.7351099,72194481.294,-133768619.034,6060.192,865,22.033,r,I11,867
60877.2346516,333.3148500,-5.7448216,72251628.772,-133737332.923,5839.882,873,22.866,i,I11,875
60877.2097394,335.7018584,-8.3328536,72195544.330,-133768038.718,6056.506,866,25.858,r,I11,868
60877.2351385,335.7239503,-8.2978116,72252723.846,-133736731.646,5835.237,874,21.500,i,I11,876
60877.2360607,335.0822957,-14.7453547,72254798.000,-133735592.600,5826.397,875,21.002,i,I11,877
60877.2143327,341.8639164,-15.5250011,72205892.346,-133762386.402,6019.786,868,22.475,r,I11,870
60877.2397791,341.8144985,-15.5286684,72263159.711,-133730998.272,5790.209,876,22.545,i,I11,878
60877.2612409,356.7607392,1.8423108,72311372.938,-133704433.396,5565.296,879,24.931,r,I11,881
60877.2824603,356.8075215,1.8633495,72358954.159,-133678095.630,5318.983,882,21.500,r,I11,884
60877.2898821,356.8238659,1.8707120,72375574.400,-133668868.354,5228.012,887,21.500,i,I11,889
60877.3066509,356.8607684,1.8873535,72413082.419,-133647994.372,5014.745,892,25.986,i,I11,894
60877.2806717,9.4244986,2.0205952,72354947.098,-133680318.190,5340.558,880,21.500,r,I11,882
60877.3048395,9.4536782,2.0326923,72409033.864,-133650250.747,5038.247,890,21.500,i,I11,892
60877.2820086,0.9486782,2.4685522,72357942.355,-133678656.915,5324.445,881,25.812,r,I11,883
60877.3061914,0.9733123,2.4736540,72412055.557,-133648566.745,5020.716,891,25.862,i,I11,893
60877.2833759,0.9688995,6.2866715,72361005.206,-133676957.678,5307.885,883,21.500,r,I11,885
60877.3075731,1.0062356,6.2854265,72415143.429,-133646845.413,5002.740,894,24.754,i,I11,896
60877.2833759,358.7795459,6.6146529,72361005.206,-133676957.678,5307.885,884,23.963,r,I11,886
60877.3075731,358.7903122,6.6397099,72415143.429,-133646845.413,5002.740,893,22.663,i,I11,895
60877.2847652,357.6952364,7.5531076,72364117.016,-133675230.791,5290.977,886,23.462,r,I11,888
60877.3089629,357.6956961,7.5156373,72418248.906,-133645113.815,4984.599,895,21.721,i,I11,897
60878.1061146,307.6800538,-12.2445270,74177732.920,-132666866.283,6349.338,901,21.025,i,I11,903
60878.1065840,307.6806922,-12.2441882,74178784.695,-132666281.907,6349.566,902,21.147,i,I11,904
60878.1264181,307.7076019,-12.2298280,74223218.855,-132641543.627,6341.679,907,21.990,z,I11,909
60878.1268941,307.7082457,-12.2294826,74224284.882,-132640948.895,6341.069,908,22.480,z,I11,910
60878.1163146,323.4205747,-17.6511297,74200585.128,-132654157.130,6349.975,904,21.993,z,I11,906
60878.1172335,323.4214803,-17.6516908,74202643.908,-132653010.872,6349.588,905,21.947,z,I11,907
60878.1821334,9.2684784,-42.4943463,74347922.141,-132571557.267,6139.505,918,19.004,g,I11,920
60878.1841284,9.2715423,-42.4957991,74352382.193,-132569038.181,6127.530,919,18.430,i,I11,921
60878.1845639,9.2722122,-42.4961167,74353355.842,-132568488.103,6124.874,920,18.323,i,I11,922
60878.1850003,9.2728819,-42.4964343,74354331.456,-132567936.861,6122.197,921,18.338,i,I11,923
60878.1854368,9.2735532,-42.4967527,74355307.206,-132567385.488,6119.506,922,18.389,i,I11,924
60878.1873572,9.2765017,-42.4981511,74359599.891,-132564959.150,6107.487,923,22.541,u,I11,925
60878.1878864,9.2773139,-42.4985364,74360782.562,-132564290.489,6104.125,924,22.443,u,I11,926
60878.1884155,9.2781276,-42.4989224,74361965.233,-132563621.748,6100.741,925,22.522,u,I11,927
60878.1889446,9.2789396,-42.4993076,74363147.811,-132562952.980,6097.336,926,22.361,u,I11,928
60878.1976040,334.4904281,-6.1197758,74382496.639,-132551999.542,6038.560,928,25.344,u,I11,930
60878.2353900,334.5349580,-6.1349587,74466801.692,-132504023.969,5718.936,948,21.915,r,I11,950
60878.2567014,334.5599951,-6.1435104,74514244.996,-132476847.884,5498.197,960,21.959,i,I11,962
60878.1981538,332.5549244,-2.4856276,74383724.828,-132551303.537,6034.637,929,25.148,u,I11,931
60878.2372419,332.5528826,-2.5373011,74470927.787,-132501665.518,5700.823,949,22.911,r,I11,951
60878.2586271,332.5516364,-2.5656181,74518527.902,-132474388.411,5476.989,961,22.034,i,I11,963
60878.2014450,323.6236128,-6.0634807,74391075.923,-132547135.925,6010.680,930,24.409,u,I11,932
60878.2395412,323.6456778,-6.1565823,74476049.578,-132498736.592,5678.041,950,19.322,r,I11,952
60878.2609932,323.6578890,-6.2086675,74523789.194,-132471365.716,5450.662,962,20.546,i,I11,964
60878.2135939,336.8101156,-13.0114266,74418198.473,-132531732.325,5915.400,937,20.501,g,I11,939
60878.2445285,336.8595202,-12.9565957,74487156.065,-132492380.201,5627.527,952,19.415,r,I11,954
60878.2660222,336.8936154,-12.9183617,74534968.085,-132464938.235,5393.750,964,19.412,i,I11,966
60878.2172754,342.1610509,-2.2422341,74426413.216,-132527058.638,5884.457,939,21.783,g,I11,941
60878.2293435,342.1475517,-2.2151154,74453326.350,-132511719.666,5776.571,941,22.479,g,I11,943
60878.2172754,340.2927749,-3.1876557,74426413.216,-132527058.638,5884.457,938,25.069,g,I11,940
60878.2331237,340.2942293,-3.2150320,74461751.852,-132506909.115,5740.810,946,25.817,r,I11,948
60878.2543974,340.2960904,-3.2518012,74509119.918,-132479789.644,5523.310,956,21.500,i,I11,958
60878.2543974,342.1193688,-2.1588042,74509119.918,-132479789.644,5523.310,957,21.260,i,I11,959
60878.2553045,340.2961679,-3.2533711,74511137.922,-132478631.497,5513.457,958,21.500,i,I11,960
60878.2200127,336.6687824,-6.9177450,74432519.642,-132523581.950,5860.845,940,21.500,g,I11,942
60878.2344766,336.6813233,-6.8973427,74464766.493,-132505186.921,5727.791,947,27.164,r,I11,949
60878.2557498,336.6996750,-6.8672987,74512128.500,-132478062.914,5508.603,959,21.500,i,I11,961
60878.2302494,341.5087186,-6.0345444,74455345.742,-132510567.060,5768.084,942,24.741,g,I11,944
60878.2326629,341.5111040,-6.0334796,74460724.966,-132507495.632,5745.218,944,21.500,r,I11,946
60878.2302494,344.6320177,-5.7702759,74455345.742,-132510567.060,5768.084,943,20.989,g,I11,945
60878.2326629,344.6305592,-5.7729098,74460724.966,-132507495.632,5745.218,945,19.952,r,I11,947
60878.2539325,341.5321064,-6.0240831,74508085.625,-132480383.145,5528.342,954,21.500,i,I11,956
60878.2539325,344.6176670,-5.7961262,74508085.625,-132480383.145,5528.342,955,19.914,i,I11,957
60878.2431033,330.1949924,-13.5080731,74483982.720,-132494197.057,5642.113,951,21.310,r,I11,953
60878.2645215,330.2350646,-13.4964496,74531632.542,-132466856.773,5410.868,963,21.441,i,I11,965
60878.2501508,348.7224724,-7.3220530,74499670.979,-132485209.451,5568.831,953,24.758,r,I11,955
60878.2717647,348.7468996,-7.3123546,74547726.713,-132457594.165,5327.235,965,21.500,i,I11,967
60878.2793282,3.6095763,-8.5842637,74564520.822,-132447913.893,5237.279,966,22.943,g,I11,968
60878.2797897,3.6102345,-8.5837552,74565545.236,-132447322.927,5231.707,967,21.578,g,I11,969
60878.2839145,2.2997832,4.3985172,74574698.680,-132442040.019,5181.508,970,21.500,g,I11,972
60878.2843773,2.3002095,4.3987063,74575725.439,-132441447.152,5175.832,971,27.739,g,I11,973
60878.2852853,1.4437341,8.5986779,74577739.657,-132440283.949,5164.670,973,25.037,g,I11,975
60878.2866433,1.4451924,8.5993422,74580752.201,-132438543.824,5147.911,975,21.500,g,I11,977
60878.3108321,65.1781490,-46.9425047,74634340.695,-132407512.737,4838.276,980,24.389,i,I11,982
60878.3112699,65.1794199,-46.9419001,74635309.275,-132406950.564,4832.502,981,24.023,i,I11,983
60878.3131969,65.1850103,-46.9392398,74639572.600,-132404475.555,4807.020,982,21.500,g,I11,984
60878.3136359,65.1862836,-46.9386337,74640543.684,-132403911.686,4801.201,983,25.031,g,I11,985
60878.3140725,65.1875510,-46.9380303,74641509.478,-132403350.845,4795.408,984,26.477,g,I11,986
60878.3231847,65.2139584,-46.9254441,74661655.871,-132391641.737,4673.457,985,21.500,i,I11,987
60878.3321228,17.6054181,8.5349968,74681398.527,-132380149.267,4552.126,992,18.017,r,I11,994
60878.3325637,17.6063501,8.5349161,74682371.766,-132379582.283,4546.105,993,15.872,r,I11,995
60878.3485512,323.6445445,-17.7899463,74717636.548,-132359010.598,4325.991,997,20.147,r,I11,999
60878.3797492,323.6748939,-17.8080920,74786275.786,-132318830.582,3893.035,1006,21.473,g,I11,1008
60878.3535756,305.4694211,-9.3918548,74728706.585,-132352542.346,4256.318,998,22.473,r,I11,1000
60878.3847927,305.4549819,-9.4654041,74797350.111,-132312332.546,3823.490,1007,21.305,g,I11,1009
60878.3678260,313.1037623,-22.6841100,74760070.929,-132334190.520,4058.296,1000,20.871,r,I11,1002
60878.3733065,313.1181621,-22.6941560,74772120.318,-132327130.700,3982.222,1004,21.109,r,I11,1006
60878.3943526,313.1737249,-22.7326650,74818325.051,-132300014.834,3692.588,1012,21.508,g,I11,1014
60878.3719219,308.2679372,-28.2537131,74769076.781,-132328914.407,4001.428,1002,20.614,r,I11,1004
60878.3723651,308.2685521,-28.2539414,74770050.923,-132328343.532,3995.280,1003,20.576,r,I11,1005
60878.3929472,308.2973277,-28.2644957,74815242.866,-132301825.688,3711.742,1010,21.247,g,I11,1012
60878.3933904,308.2979529,-28.2647223,74816215.022,-132301254.553,3705.697,1011,21.486,g,I11,1013
60879.1167497,304.2897435,-11.0712041,76396634.721,-131388073.208,6279.871,1019,22.501,g,I11,1021
60879.1172147,304.2905238,-11.0711097,76397666.627,-131387475.444,6279.566,1020,23.234,g,I11,1022
60879.1490895,304.3438012,-11.0645253,76468374.704,-131346380.149,6214.084,1024,22.254,r,I11,1026
60879.1172147,303.3859191,-11.9360336,76397666.627,-131387475.444,6279.566,1021,20.588,g,I11,1023
60879.1495359,303.4431595,-11.8667875,76469364.461,-131345802.961,6212.550,1025,19.723,r,I11,1027
60879.1172147,305.1572958,-11.2223083,76397666.627,-131387475.444,6279.566,1022,21.670,g,I11,1024
60879.1495359,305.1409521,-11.3010064,76469364.461,-131345802.961,6212.550,1026,22.016,r,I11,1028
60879.1669120,312.9480623,-16.3470464,76507880.591,-131323298.759,6139.876,1030,25.230,u,I11,1032
60879.1681091,312.9492052,-16.3454717,76510532.987,-131321745.895,6133.952,1031,25.639,u,I11,1033
60879.1711889,10.6198103,-44.8704982,76517356.604,-131317749.094,6118.175,1032,26.383,u,I11,1034
60879.1717180,10.6184473,-44.8698532,76518528.710,-131317062.285,6115.387,1034,25.832,u,I11,1036
60879.1711889,10.8102819,-43.1831132,76517356.604,-131317749.094,6118.175,1033,22.653,u,I11,1035
60879.1717180,10.8111063,-43.1834898,76518528.710,-131317062.285,6115.387,1035,22.620,u,I11,1037
60879.1722460,10.6170865,-44.8692094,76519698.405,-131316376.809,6112.583,1036,21.500,u,I11,1038
60879.1722460,10.8119289,-43.1838657,76519698.405,-131316376.809,6112.583,1037,22.580,u,I11,1039
60879.1727751,10.6157227,-44.8685643,76520870.551,-131315689.817,6109.750,1038,25.963,u,I11,1040
60879.1727751,10.8127531,-43.1842424,76520870.551,-131315689.817,6109.750,1039,22.695,u,I11,1041
60879.1749627,10.6100777,-44.8658958,76525716.307,-131312848.885,6097.800,1041,25.825,r,I11,1043
60879.1749627,10.8161610,-43.1858000,76525716.307,-131312848.885,6097.800,1040,18.319,r,I11,1042
60879.1753994,10.6089520,-44.8653639,76526683.587,-131312281.632,6095.369,1042,24.927,r,I11,1044
60879.1753994,10.8168399,-43.1861103,76526683.587,-131312281.632,6095.369,1043,18.280,r,I11,1045
60879.1758361,10.6078234,-44.8648309,76527650.852,-131311714.334,6092.922,1044,26.817,r,I11,1046
60879.1758361,10.8175203,-43.1864214,76527650.852,-131311714.334,6092.922,1045,18.438,r,I11,1047
60879.1762714,10.6066972,-44.8642990,76528615.073,-131311148.766,6090.468,1046,26.550,r,I11,1048
60879.1762714,10.8181992,-43.1867317,76528615.073,-131311148.766,6090.468,1047,18.509,r,I11,1049
60879.1767079,10.6055707,-44.8637671,76529581.850,-131310581.646,6087.992,1049,21.500,r,I11,1051
60879.1767079,10.8188779,-43.1870420,76529581.850,-131310581.646,6087.992,1048,18.378,r,I11,1050
60879.1790643,10.8225448,-43.1887188,76534800.657,-131307519.302,6074.365,1050,22.604,u,I11,1052
60879.1812109,10.8258850,-43.1902465,76539554.184,-131304728.596,6061.569,1051,18.966,z,I11,1053
60879.1816464,10.8265616,-43.1905560,76540518.302,-131304162.419,6058.929,1052,18.855,z,I11,1054
60879.1820816,10.8272397,-43.1908662,76541482.151,-131303596.346,6056.275,1053,18.759,z,I11,1055
60879.1825192,10.5905309,-44.8566748,76542450.917,-131303027.330,6053.593,1054,28.006,z,I11,1056
60879.1825192,10.8279193,-43.1911771,76542450.917,-131303027.330,6053.593,1055,18.879,z,I11,1057
60879.1829557,10.5893979,-44.8561412,76543417.474,-131302459.557,6050.902,1057,21.500,z,I11,1059
60879.1829557,10.8285989,-43.1914880,76543417.474,-131302459.557,6050.902,1056,19.875,z,I11,1058
60879.2914764,12.0132961,3.0694630,76782766.083,-131160181.536,4988.490,1068,21.500,i,I11,1070
60879.3413071,12.0792808,3.0966556,76891866.989,-131094292.503,4324.686,1087,26.822,r,I11,1089
60879.2928410,5.7888887,9.7654783,76785761.324,-131158380.558,4971.217,1070,22.922,i,I11,1072
60879.2950924,5.7921115,9.7643002,76790702.143,-131155408.712,4942.575,1073,22.850,i,I11,1075
60879.2950924,5.2891524,12.8318144,76790702.143,-131155408.712,4942.575,1074,21.500,i,I11,1076
60879.2955409,5.2897211,12.8318207,76791686.270,-131154816.617,4936.849,1075,23.828,i,I11,1077
60879.3295072,19.0348857,-1.1916899,76866084.391,-131109914.471,4486.574,1080,20.178,z,I11,1082
60879.3304270,19.0358431,-1.1917542,76868095.230,-131108697.157,4474.025,1081,20.169,z,I11,1083
60879.3821704,10.0532386,-44.6033016,76980895.036,-131040140.025,3759.113,1095,30.617,g,I11,1097
60879.3826060,10.0520499,-44.6027192,76981841.976,-131039562.480,3753.129,1098,21.500,g,I11,1100
60879.3821704,11.1340977,-43.3310228,76980895.036,-131040140.025,3759.113,1096,18.834,g,I11,1098
60879.3826060,11.1347596,-43.3313209,76981841.976,-131039562.480,3753.129,1097,18.798,g,I11,1099
60879.3830437,10.0508530,-44.6021326,76982793.318,-131038982.222,3747.120,1099,26.662,g,I11,1101
60879.3830437,11.1354261,-43.3316211,76982793.318,-131038982.222,3747.120,1100,18.809,g,I11,1102
60879.3834804,10.0496590,-44.6015472,76983742.517,-131038403.241,3741.126,1102,27.703,g,I11,1104
60879.3834804,11.1360910,-43.3319206,76983742.517,-131038403.241,3741.126,1101,18.877,g,I11,1103
60879.3856558,10.0437168,-44.5986312,76988470.130,-131035519.113,3711.309,1103,26.878,u,I11,1105
60879.3856558,11.1394005,-43.3334107,76988470.130,-131035519.113,3711.309,1104,22.272,u,I11,1106
60879.3861850,10.0422718,-44.5979214,76989619.954,-131034817.543,3704.066,1106,26.790,u,I11,1108
60879.3861850,11.1402054,-43.3337730,76989619.954,-131034817.543,3704.066,1105,22.329,u,I11,1107
60879.3883454,11.1434936,-43.3352524,76994313.635,-131031953.240,3674.538,1107,18.335,i,I11,1109
60879.3887820,10.0351791,-44.5944334,76995261.958,-131031374.445,3668.580,1109,21.500,i,I11,1111
60879.3887820,11.1441570,-43.3355508,76995261.958,-131031374.445,3668.580,1108,18.299,i,I11,1110
60879.3892198,10.0339830,-44.5938446,76996212.823,-131030794.070,3662.609,1110,27.545,i,I11,1112
60879.3896551,10.0327953,-44.5932597,76997158.337,-131030216.935,3656.674,1112,21.500,i,I11,1114
60879.3896551,11.1454854,-43.3361482,76997158.337,-131030216.935,3656.674,1111,18.454,i,I11,1113
60879.3923633,10.0254028,-44.5896150,77003039.688,-131026626.381,3619.824,1113,25.790,u,I11,1115
60879.3923633,11.1496060,-43.3380004,77003039.688,-131026626.381,3619.824,1114,22.429,u,I11,1116
60879.3928923,10.0239590,-44.5889023,77004188.257,-131025925.059,3612.641,1116,21.500,u,I11,1118
60879.3928923,11.1504110,-43.3383621,77004188.257,-131025925.059,3612.641,1115,22.451,u,I11,1117
60879.3934221,10.0225126,-44.5881880,77005338.614,-131025222.607,3605.452,1118,21.500,u,I11,1120
60879.3934221,11.1512175,-43.3387244,77005338.614,-131025222.607,3605.452,1117,22.341,u,I11,1119
