visit,detector
2025080600341,144
2025080600342,72
2025080600342,80
2025080600342,128
2025080600342,156
2025080600343,103
2025080600343,111
2025080600343,125
2025080600344,62
2025080600344,91
2025080600344,137
2025080600344,148
2025080600346,149
2025080600346,185
2025080600347,67
2025080600347,96
2025080600347,139
2025080600347,146
2025080600348,54
2025080600348,58
2025080600350,95
2025080600351,45
2025080600352,19
2025080600353,143
2025080600355,45
2025080600355,62
2025080600355,90
2025080600357,64
2025080600358,97
2025080600358,154
2025080600360,148
2025080600361,59
2025080600361,71
2025080600361,85
2025080600362,42
2025080600362,158
2025080600363,49
2025080600363,62
2025080600363,117
2025080600364,38
2025080600364,64
2025080600365,105
2025080600366,121
2025080600367,62
2025080600367,72
2025080600367,113
2025080600368,107
2025080600368,108
2025080600369,12
2025080600369,58
2025080600369,87
2025080600370,90
2025080600371,149
2025080600372,7
2025080600372,59
2025080600372,71
2025080600373,164
2025080600374,45
2025080600374,50
2025080600374,106
2025080600374,128
2025080600374,153
2025080600374,165
2025080600375,60
2025080600376,109
2025080600376,133
2025080600376,143
2025080600377,21
2025080600377,109
2025080600377,135
2025080600378,95
2025080600381,104
2025080600381,148
2025080600381,156
2025080600382,121
2025080600382,142
2025080600383,53
2025080600383,62
2025080600383,146
2025080600384,117
2025080600386,91
2025080600386,121
2025080600386,153
2025080600387,128
2025080600387,135
2025080600388,12
2025080600388,50
2025080600388,112
2025080600389,140
2025080600390,156
2025080600391,19
2025080600391,69
2025080600391,105
2025080600391,113
2025080600391,158
2025080600392,116
2025080600393,68
2025080600393,172
2025080600394,2
2025080600394,58
2025080600394,102
2025080600395,165
2025080600396,14
2025080600396,44
2025080600396,118
2025080600397,25
2025080600397,124
2025080600397,183
2025080600398,90
2025080600398,92
2025080600399,118
2025080600400,82
2025080600400,138
2025080600401,31
2025080600401,174
2025080600401,178
2025080600402,77
2025080600404,66
2025080600404,185
2025080600405,78
2025080600405,152
2025080600406,87
2025080600406,101
2025080600406,152
2025080600408,40
2025080600408,99
2025080600408,114
2025080600408,120
2025080600410,40
2025080600410,50
2025080600410,160
2025080600411,125
2025080600411,158
2025080600413,61
2025080600413,117
2025080600413,153
2025080600414,54
2025080600414,60
2025080600414,160
2025080600415,43
2025080600415,50
2025080600415,87
2025080600415,111
2025080600415,165
2025080600416,118
2025080600417,104
2025080600417,132
2025080600417,138
2025080600418,25
2025080600418,76
2025080600420,4
2025080600420,62
2025080600420,66
2025080600421,11
2025080600421,79
2025080600421,88
2025080600422,57
2025080600422,108
2025080600422,124
2025080600423,18
2025080900254,69
2025080900254,92
2025080900255,149
2025080900255,155
2025080900256,99
2025080900256,109
2025080900257,180
2025080900259,5
2025080900259,21
2025080900259,112
2025080900260,36
2025080900260,136
2025080900260,141
2025080900261,67
2025080900261,110
2025080900262,25
2025080900262,165
2025080900263,1
2025080900263,144
2025080900264,126
2025080900265,181
2025080900266,150
2025080900268,139
2025080900269,59
2025080900270,36
2025080900271,53
2025080900271,86
2025080900272,58
2025080900273,87
2025080900273,91
2025080900273,119
2025080900273,145
2025080900274,16
2025080900274,36
2025080900274,60
2025080900274,101
2025080900275,18
2025080900275,118
2025080900276,42
2025080900276,50
2025080900276,136
2025080900276,144
2025080900277,40
2025080900277,76
2025080900277,150
2025080900277,182
2025080900278,97
2025080900279,23
2025080900279,66
2025080900279,113
2025080900280,46
2025080900280,47
2025080900280,66
2025080900280,100
2025080900280,128
2025080900281,90
2025080900281,107
2025080900282,159
2025080900284,93
2025080900284,115
2025080900286,71
2025080900286,131
2025080900286,153
2025080900287,36
2025080900287,78
2025080900288,86
2025080900288,100
2025080900288,143
2025080900290,89
2025080900290,135
2025080900291,102
2025080900292,44
2025080900292,58
2025080900292,66
2025080900292,121
2025080900293,1
2025080900293,69
2025080900295,64
2025080900296,70
2025080900296,141
2025080900297,53
2025080900297,146
2025080900298,49
2025080900298,124
2025080900299,23
2025080900300,56
2025080900300,61
2025080900300,106
2025080900300,110
2025080900301,40
2025080900301,70
2025080900301,144
2025080900302,26
2025080900303,101
2025080900304,39
2025080900304,53
2025080900304,131
2025080900305,160
2025080900307,26
2025080900308,81
2025080900312,37
2025080900312,53
2025080900312,137
2025080900312,166
2025080900312,180
2025080900313,55
2025080900314,77
2025080900316,38
2025080900316,96
2025080900317,104
2025080900318,45
2025080900318,46
2025080900318,84
2025080900319,133
2025080900320,71
2025080900320,153
2025080900320,162
2025080900320,177
2025080900321,146
2025080900322,28
2025080900322,113
2025080900323,3
2025080900323,117
2025080900323,140
2025080900323,144
2025080900324,47
2025080900325,112
2025080900325,157
2025080900326,82
2025080900326,120
2025080900328,77
2025080900328,134
2025080900328,153
2025080900329,76
2025080900329,147
2025080900330,108
2025080900330,115
2025080900332,42
2025080900332,137
2025080900334,89
2025080900334,170
2025080900335,89
2025080900336,106
2025080900337,10
2025080900337,63
2025080900337,93
2025080900339,87
2025080900339,103
2025080900340,82
2025080900340,160
2025080900341,93
2025080900341,103
2025080900343,88
2025080900343,98
2025080900343,147
2025080900344,88
2025080900344,111
2025080900344,131
2025080900344,135
2025080900345,157
2025080900346,22
2025080900346,72
2025080900347,49
2025080900347,63
2025081000256,61
2025081000256,150
2025081000258,37
2025081000258,49
2025081000258,145
2025081000259,91
2025081000259,114
2025081000259,167
2025081000260,82
2025081000260,85
2025081000260,88
2025081000261,53
2025081000261,115
2025081000264,62
2025081000264,64
2025081000264,146
2025081000265,145
2025081000265,155
2025081000267,55
2025081000267,110
2025081000267,152
2025081000268,87
2025081000268,107
2025081000268,186
2025081000269,166
2025081000271,85
2025081000271,86
2025081000271,130
2025081000271,140
2025081000271,152
2025081000274,30
2025081000274,133
2025081000274,141
2025081000274,167
2025081000275,45
2025081000276,46
2025081000276,130
2025081000276,179
2025081000277,95
2025081000280,111
2025081000281,69
2025081000281,144
2025081000282,9
2025081000282,14
2025081000282,60
2025081000282,114
2025081000282,159
2025081000283,86
2025081000283,155
2025081000284,45
2025081000285,106
2025081000285,157
2025081000286,159
2025081000287,147
2025081000287,152
2025081000288,109
2025081000288,154
2025081000289,49
2025081000289,137
2025081000290,36
2025081000290,40
2025081000290,138
2025081000291,53
2025081000292,104
2025081000292,125
2025081000292,136
2025081000293,43
2025081000294,133
2025081000295,109
2025081000298,37
2025081000299,10
2025081000299,129
2025081000299,163
2025081000300,64
2025081000300,151
2025081000300,159
2025081000301,151
2025081000302,88
2025081000302,131
2025081000302,172
2025081000303,92
2025081000303,117
2025081000303,119
2025081000304,159
2025081000305,39
2025081000305,61
2025081000305,88
2025081000305,101
2025081000305,110
2025081000305,148
2025081000307,41
2025081000307,83
2025081000307,137
2025081000308,77
2025081000308,148
2025081000311,29
2025081000311,106
2025081000312,50
2025081000312,111
2025081000312,129
2025081000313,28
2025081000313,111
2025081000313,153
2025081000314,49
2025081000315,41
2025081000315,113
2025081000315,137
2025081000316,102
2025081000316,125
2025081000317,92
2025081000320,134
2025081000321,40
2025081000321,107
2025081000321,139
2025081000322,183
2025081000323,53
2025081000323,111
2025081000323,156
2025081000324,37
2025081000326,131
2025081000326,186
2025081000327,144
2025081000327,151
2025081000328,71
2025081000328,104
2025081000328,149
2025081000328,158
2025081000329,39
2025081000331,62
2025081000331,91
2025081000331,152
2025081000333,40
2025081000333,60
2025081000334,77
2025081000334,111
2025081000335,72
2025081000335,135
2025081000335,166
2025081000335,185
2025081000336,66
2025081000336,74
2025081000336,151
2025081000337,46
2025081000337,82
2025081000337,100
2025081000338,143
2025081000339,126
2025081000340,153
2025081000341,139
2025081000342,52
2025081000343,113
2025081000344,73
2025081000345,68
2025081000346,92
2025081000346,137
2025081000347,32
2025081000347,136
2025081000348,53
2025081000348,56
2025081000348,120
2025081000348,153
2025081000348,160
2025081000350,38
2025081000350,165
2025081000351,53
2025081000351,71
2025081000352,41
2025081000352,49
2025081000352,165
2025081000353,40
2025081000353,86
2025081000354,118
2025081000355,91
2025081000355,93
2025081000356,17
2025081000356,94
2025081000356,96
2025081000356,102
2025081000356,113
2025081000356,152
2025081000356,156
2025081000357,48
2025081000359,132
2025081000359,158
2025081000360,98
2025081000360,102
2025081000360,153
2025081000361,9
2025081000361,93
2025081000362,100
2025081000362,149
2025081000363,52
2025081000363,84
2025081000364,57
2025081000365,59
2025081000365,101
2025081000366,36
2025081000369,94
2025081000370,50
2025081000370,62
2025081000370,64
2025081000370,108
2025081000370,151
2025081000370,164
2025081000371,40
2025081000371,69
2025081000371,178
2025081000372,58
2025081000373,180
2025081000373,184
2025081000375,54
2025081000375,97
2025081000375,104
2025081000375,139
2025081000376,17
2025081000376,39
2025081000376,44
2025081000377,109
2025081000377,172
2025081000378,61
2025081000378,102
2025081000380,44
2025081000380,62
2025081000380,94
2025081000380,178
2025081000381,128
2025081000383,102
2025081000383,186
2025081000384,124
2025081000385,136
2025081000387,6
2025081000387,51
2025081000387,139
2025081000388,18
2025081000389,70
2025081000391,36
2025081000391,45
2025081000391,70
2025081000391,103
2025081000392,59
2025081000392,107
2025081000392,158
2025081000393,130
2025081000395,46
2025081000395,157
2025081000396,101
2025081000396,170
2025081000397,147
2025081000398,38
2025081000399,87
2025081000399,112
2025081000399,115
2025081000400,160
2025081000401,140
2025081000403,44
2025081000403,57
2025081000403,124
2025081000403,125
2025081000404,5
2025081000404,124
2025081000406,38
2025081000406,110
2025081000406,181
2025081000407,102
2025081000408,142
2025081000409,81
2025081000411,55
2025081000412,49
2025081000413,32
2025081000413,41
2025081000413,56
2025081000415,106
2025081000415,146
2025081000417,97
2025081000417,98
2025081000418,64
2025081000418,150
2025081000419,100
2025081000419,104
2025081000419,153
2025081000420,97
2025081000420,98
2025081000421,111
2025081000421,125
2025081000423,15
2025081000423,79
2025081000424,137
2025081000424,157
2025081000425,104
2025081000426,102
2025081000428,136
2025081000429,152
2025081000430,40
2025081000430,112
2025081000432,81
2025081000432,165
2025081000433,78
2025081000433,120
2025081000433,121
2025081000433,148
2025081000435,99
2025081000435,137
2025081000436,83
2025081000436,126
2025081000436,127
2025081000436,128
2025081000437,69
2025081000437,87
2025081000437,116
2025081000439,143
2025081000440,159
2025081000441,56
2025081000441,68
2025081000442,121
2025081000443,45
2025081000443,178
2025081000444,115
2025081000444,131
2025081000445,151
2025081000445,158
2025081000446,70
2025081000446,78
2025081000446,99
2025081000446,119
2025081000446,151
2025081000447,142
2025081000448,118
2025081000448,129
2025081000449,57
2025081000450,60
2025081000450,108
2025081000450,152
2025081000451,36
2025081000452,79
2025081000452,94
2025081000453,87
2025081000453,98
2025081000453,109
2025081000453,131
2025081000454,36
2025081000454,88
2025081000455,132
2025081000455,142
2025081000456,96
2025081000456,116
2025081000457,144
2025081000458,98
2025081000458,126
2025081000459,107
2025081000459,116
2025081000460,113
2025081000461,82
2025081000461,133
2025081000462,33
2025081000462,155
2025081000464,86
2025081000465,106
2025081000467,47
2025081000469,67
2025081000469,156
2025081000470,94
2025081000470,110
2025081000470,160
2025081000472,97
2025081000473,71
2025081000473,150
2025081000475,95
2025081000476,143
2025081000481,4
2025081000481,22
2025081000481,38
2025081000481,39
2025081000481,52
2025081000481,84
2025081000481,119
2025081000482,49
2025081000482,136
2025081000483,54
2025081000483,94
2025081000483,154
2025081000484,69
2025081000484,87
2025081000484,124
2025081000484,131
2025081000484,136
2025081000484,146
2025081000485,140
2025081000485,148
2025081000486,85
2025081000487,52
2025081000487,124
2025081000488,50
2025081000490,36
2025081000490,114
2025081000491,53
2025081000491,128
2025081000492,44
2025081000492,146
2025081000492,157
2025081000494,142
2025081000494,145
2025081000495,43
2025081000495,70
2025081000495,139
2025081000497,83
2025081000497,100
2025081000497,120
2025081000498,41
2025081000498,87
2025081000499,56
2025081000502,48
2025081000504,45
2025081000505,68
2025081000506,139
2025081000507,112
2025081000508,147
2025081000508,157
2025081000509,92
2025081000509,130
2025081000509,139
2025081000510,90
2025081000511,124
2025081000514,88
2025081000514,184
2025081000515,106
2025081000516,98
2025081000516,177
2025081000517,40
2025081000517,64
2025081000517,127
2025081000519,60
2025081000520,18
2025081000520,125
2025081000521,37
2025081000521,118
2025081000521,153
2025081200229,71
2025081200229,184
2025081200230,69
2025081200230,119
2025081200231,44
2025081200231,85
2025081200233,153
2025081200234,73
2025081200234,110
2025081200234,174
2025081200236,51
2025081200236,119
2025081200237,44
2025081200238,9
2025081200239,137
2025081200239,146
2025081200239,148
2025081200240,64
2025081200240,94
2025081200240,140
2025081200242,37
2025081200242,44
2025081200242,77
2025081200244,53
2025081200244,96
2025081200245,30
2025081200245,43
2025081200246,138
2025081200248,88
2025081200248,112
2025081200249,60
2025081200249,95
2025081200249,107
2025081200250,62
2025081200250,140
2025081200251,85
2025081200251,138
2025081200252,22
2025081200253,58
2025081200254,68
2025081200254,111
2025081200254,117
2025081200254,148
2025081200255,114
2025081200255,180
2025081200256,61
2025081200256,86
2025081200256,116
2025081200257,52
2025081200257,146
2025081200257,158
2025081200257,160
2025081200259,154
2025081200260,61
2025081200260,69
2025081200262,107
2025081200263,12
2025081200264,61
2025081200264,126
2025081200264,139
2025081200264,144
2025081200265,69
2025081200265,140
2025081200266,119
2025081200267,4
2025081200268,37
2025081200268,74
2025081200268,128
2025081200269,99
2025081200269,160
2025081200270,62
2025081200270,130
2025081200272,10
2025081200272,36
2025081200273,57
2025081200273,113
2025081200273,118
2025081200273,129
2025081200273,145
2025081200274,125
2025081200275,84
2025081200275,96
2025081200276,46
2025081200276,183
2025081200277,3
2025081200278,97
2025081200278,106
2025081200279,106
2025081200279,177
2025081200280,178
2025081300305,59
2025081300305,82
2025081300305,111
2025081300306,52
2025081300306,53
2025081300307,10
2025081300307,114
2025081300307,118
2025081300307,150
2025081300308,6
2025081300308,46
2025081300308,64
2025081300308,80
2025081300308,105
2025081300308,152
2025081300309,155
2025081300310,50
2025081300310,128
2025081300310,180
2025081300312,93
2025081300313,165
2025081300314,90
2025081300314,131
2025081300314,137
2025081300315,70
2025081300315,72
2025081300315,104
2025081300315,148
2025081300316,147
2025081300316,148
2025081300316,177
2025081300317,47
2025081300317,87
2025081300317,99
2025081300317,184
2025081300318,50
2025081300319,24
2025081300319,43
2025081300319,70
2025081300319,101
2025081300319,113
2025081300319,151
2025081300321,63
2025081300321,129
2025081300322,144
2025081300323,121
2025081300323,128
2025081300323,175
2025081300323,186
2025081300324,81
2025081300324,93
2025081300324,112
2025081300332,42
2025081300332,89
2025081300332,134
2025081300334,37
2025081300334,78
2025081300335,55
2025081300335,76
2025081300335,129
2025081300337,11
2025081300337,83
2025081300337,138
2025081300338,140
2025081300340,22
2025081300341,117
2025081300341,130
2025081300341,148
2025081300341,176
2025081300342,48
2025081300342,50
2025081300342,137
2025081300345,87
2025081300345,147
2025081300346,157
2025081300348,59
2025081300350,50
2025081300350,152
2025081300350,184
2025081300351,31
2025081300351,151
2025081300352,182
2025081300353,48
2025081300354,92
2025081300354,100
2025081300355,44
2025081300356,37
2025081300356,90
2025081300356,124
2025081300357,95
2025081300357,110
2025081300358,33
2025081300358,62
2025081300361,51
2025081300361,59
2025081300361,69
2025081300361,82
2025081300361,102
2025081300362,42
2025081300363,88
2025081300363,92
2025081300363,96
2025081300363,186
2025081300366,39
2025081300366,87
2025081300368,131
2025081300368,147
2025081300368,184
2025081300369,104
2025081300369,156
2025081300370,97
2025081300370,102
2025081300370,115
2025081300370,140
2025081300371,67
2025081300371,172
2025081300372,67
2025081300372,135
2025081300372,163
2025081300373,42
2025081300373,71
2025081300373,131
2025081300373,139
2025081300374,64
2025081300374,101
2025081300374,183
2025081300375,178
2025081300377,138
2025081300377,178
2025081300378,5
2025081300378,117
2025081300378,129
2025081300378,157
2025081300379,56
2025081300380,91
2025081300381,105
2025081300381,158
2025081300382,143
2025081300383,148
2025081300384,49
2025081300385,53
2025081300385,68
2025081300385,70
2025081300385,95
2025081300386,32
2025081300387,60
2025081300387,104
2025081300388,16
2025081300389,82
2025081300389,93
2025081300389,106
2025081300389,136
2025081300390,37
2025081300390,41
2025081300390,58
2025081300390,133
2025081300391,3
2025081300391,61
2025081300391,101
2025081300391,134
2025081300391,141
2025081300392,66
2025081300392,111
2025081300394,116
2025081300395,46
2025081300395,86
2025081300395,94
2025081300397,113
2025081300398,112
2025081300398,153
2025081300399,34
2025081300399,142
2025081300400,98
2025081300400,108
2025081300401,104
2025081300401,106
2025081300402,49
2025081300402,156
2025081300403,60
2025081300404,108
2025081300405,55
2025081300405,58
2025081300405,91
2025081300405,134
2025081300405,155
2025081300406,112
2025081300408,128
2025081300409,116
2025081300409,136
2025081300409,158
2025081300410,63
2025081300410,88
2025081300410,97
2025081300410,152
2025081300411,66
2025081300412,46
2025081300412,108
2025081300414,89
2025081300415,108
2025081300416,92
2025081300416,108
2025081300417,125
2025081300419,58
2025081300419,86
2025081300419,104
2025081300419,130
2025081300419,139
2025081300420,5
2025081300420,96
2025081300421,37
2025081300421,86
2025081300421,135
2025081300422,64
2025081300422,113
2025081300422,187
2025081300423,157
2025081300424,82
2025081300424,99
2025081300424,148
2025081300425,36
2025081300425,40
2025081300425,44
2025081300425,76
2025081300425,127
2025081300425,156
2025081300426,42
2025081300426,53
2025081300426,157
2025081300427,47
2025081300427,90
2025081300427,94
2025081300427,147
2025081300428,72
2025081300428,84
2025081300428,121
2025081300428,127
2025081300428,146
2025081300429,42
2025081300431,187
2025081300432,116
2025081300433,43
2025081300433,67
2025081300433,100
2025081300433,136
2025081300433,146
2025081300434,134
2025081300435,88
2025081300435,99
2025081300436,66
2025081300436,141
2025081300436,159
2025081300437,62
2025081300437,103
2025081300438,115
2025081300438,136
2025081300439,110
2025081300440,140
2025081300442,61
2025081300442,103
2025081300444,112
2025081300444,150
2025081300445,91
2025081300445,93
2025081300445,99
2025081300446,151
2025081300447,157
2025081300448,58
2025081300448,136
2025081300449,3
2025081300450,86
2025081300450,152
2025081300450,181
2025081300451,40
2025081300451,67
2025081300451,106
2025081300452,26
2025081300452,138
2025081300453,23
2025081300453,153
2025081300455,62
2025081300457,121
2025081300458,34
2025081300458,38
2025081300458,57
2025081300459,55
2025081300459,58
2025081300459,150
2025081300459,165
2025081300459,179
2025081300462,15
2025081300462,81
2025081300462,94
2025081300462,142
2025081300462,146
2025081300462,158
2025081300464,110
2025081300464,127
2025081300466,92
2025081300466,137
2025081300467,45
2025081300467,134
2025081400230,59
2025081400230,70
2025081400230,115
2025081400230,170
2025081400231,59
2025081400231,100
2025081400233,115
2025081400233,120
2025081400234,69
2025081400235,82
2025081400235,148
2025081400236,47
2025081400236,68
2025081400236,176
2025081400237,109
2025081400238,37
2025081400238,105
2025081400238,155
2025081400239,164
2025081400241,62
2025081400242,101
2025081400242,103
2025081400242,120
2025081400243,112
2025081400243,177
2025081400244,42
2025081400244,93
2025081400246,36
2025081400247,105
2025081400248,68
2025081400248,103
2025081400248,167
2025081400249,107
2025081400249,154
2025081400250,158
2025081400252,151
2025081400253,158
2025081400254,66
2025081400254,83
2025081400255,16
2025081400255,46
2025081400255,51
2025081400255,62
2025081400256,89
2025081400257,108
2025081400258,141
2025081400259,52
2025081400259,104
2025081400260,138
2025081400260,186
2025081400261,67
2025081400261,131
2025081400262,8
2025081400262,52
2025081400262,133
2025081400263,26
2025081400263,98
2025081400265,87
2025081400266,40
2025081400266,98
2025081400266,104
2025081400267,172
2025081400268,49
2025081400269,32
2025081400270,51
2025081400270,100
2025081400270,113
2025081400271,44
2025081400271,104
2025081400271,177
2025081400272,49
2025081400272,103
2025081400272,110
2025081400272,151
2025081400273,40
2025081400274,113
2025081400275,6
2025081400275,93
2025081400276,56
2025081400279,90
2025081400281,133
2025081400281,157
2025081400282,45
2025081400282,150
2025081400283,39
2025081400283,98
2025081400287,40
2025081400287,50
2025081400288,62
2025081400288,126
2025081400288,159
2025081400289,69
2025081400289,111
2025081400291,139
2025081400292,40
2025081400292,106
2025081400293,86
2025081400294,135
2025081400296,109
2025081400297,147
2025081400297,159
2025081400298,7
2025081400298,142
2025081400298,159
2025081400299,49
2025081400299,87
2025081400299,92
2025081400299,135
2025081400300,126
2025081400301,97
2025081400301,176
2025081400302,33
2025081400302,61
2025081400302,129
2025081400303,105
2025081400304,43
2025081400304,46
2025081400304,51
2025081400304,184
2025081400307,143
2025081400308,2
2025081400308,133
2025081400309,43
2025081400309,136
2025081400309,172
2025081400311,2
2025081400311,166
2025081400315,40
2025081400315,138
2025081400316,101
2025081400316,130
2025081400317,159
2025081400318,31
2025081400319,41
2025081400319,54
2025081400319,100
2025081400320,130
2025081400322,134
2025081400322,157
2025081400322,181
2025081400323,151
2025081400323,175
2025081400324,39
2025081400324,49
2025081400324,118
2025081400325,14
2025081400325,94
2025081400325,101
2025081400325,116
2025081400325,120
2025081400326,55
2025081400327,38
2025081400327,60
2025081400327,100
2025081400328,48
2025081400328,70
2025081400328,109
2025081400329,37
2025081400329,106
2025081400329,177
2025081400331,76
2025081400331,86
2025081400332,23
2025081400332,48
2025081400332,110
2025081400333,4
2025081400334,167
2025081400338,170
2025081400339,181
2025081400341,143
2025081400341,158
2025081400342,48
2025081400342,110
2025081400343,113
2025081400343,129
2025081400343,137
2025081400344,82
2025081400344,99
2025081400345,136
2025081400346,105
2025081400347,49
2025081400348,13
2025081400348,67
2025081400348,120
2025081400349,134
2025081400350,105
2025081400351,19
2025081400351,41
2025081400352,120
2025081400353,147
2025081400353,153
2025081400354,58
2025081400354,183
2025081400356,60
2025081400356,79
2025081400356,88
2025081400357,68
2025081400358,137
2025081400359,3
2025081400361,103
2025081600224,70
2025081600224,126
2025081600225,52
2025081600225,101
2025081600226,50
2025081600226,63
2025081600227,64
2025081600228,87
2025081600228,92
2025081600228,121
2025081600228,142
2025081600228,152
2025081600229,162
2025081600230,71
2025081600230,103
2025081600231,81
2025081600231,126
2025081600232,137
2025081600233,90
2025081600233,153
2025081600234,102
2025081600236,158
2025081600237,50
2025081600237,70
2025081600237,120
2025081600237,129
2025081600237,147
2025081600238,94
2025081600238,138
2025081600238,183
2025081600239,93
2025081600240,85
2025081600240,125
2025081600241,129
2025081600242,82
2025081600242,99
2025081600243,84
2025081600244,127
2025081600246,132
2025081600247,49
2025081600247,86
2025081600248,47
2025081600248,55
2025081600248,105
2025081600248,109
2025081600248,160
2025081600250,104
2025081600251,43
2025081600251,85
2025081600251,125
2025081600251,185
2025081600252,43
2025081600252,49
2025081600253,134
2025081600254,180
2025081600255,165
2025081600256,53
2025081600257,129
2025081600257,137
2025081600259,113
2025081600260,140
2025081600260,165
2025081600261,135
2025081600262,12
2025081600262,40
2025081600262,101
2025081600262,108
2025081600263,120
2025081600263,130
2025081600264,147
2025081600265,16
2025081600265,150
2025081600266,58
2025081600266,116
2025081600267,133
2025081600268,69
2025081600268,106
2025081600268,121
2025081600273,18
2025081600280,22
2025081600280,46
2025081600280,53
2025081600280,76
2025081600281,124
2025081600281,126
2025081600281,158
2025081600282,96
2025081600283,90
2025081600283,110
2025081600283,162
2025081600285,2
2025081600285,121
2025081600285,131
2025081600286,44
2025081600287,126
2025081600289,71
2025081600289,117
2025081600290,130
2025081600291,145
2025081600291,151
2025081600292,43
2025081600292,48
2025081600293,107
2025081600293,119
2025081600294,44
2025081600294,120
2025081600295,71
2025081600296,136
2025081600298,94
2025081600298,103
2025081600299,69
2025081600300,50
2025081600300,70
2025081600301,31
2025081600302,57
2025081600302,75
2025081600302,159
2025081600303,25
2025081600304,38
2025081600307,82
2025081600307,100
2025081600307,102
2025081600307,115
2025081600308,15
2025081600308,42
2025081600308,142
2025081600308,166
2025081600309,148
2025081600311,52
2025081600311,148
2025081600312,155
2025081600313,132
2025081600313,173
2025081600314,158
2025081600315,143
2025081600316,52
2025081600317,140
2025081600318,128
2025081600319,151
2025081600320,39
2025081600320,82
2025081600321,130
2025081600321,139
2025081600321,187
2025081600322,70
2025081600322,125
2025081600322,129
2025081600323,119
2025081600324,162
2025081600325,47
2025081600325,116
2025081600326,18
2025081600326,134
2025081600326,166
2025081600327,113
2025081600327,136
2025081600328,81
2025081600328,119
2025081600330,150
2025081600331,45
2025081600333,143
2025081600334,59
2025081600338,84
2025081600338,140
2025081600339,2
2025081600339,70
2025081600339,119
2025081600339,146
2025081600340,108
2025081600340,118
2025081600340,134
2025081600341,100
2025081600342,128
2025081600342,143
2025081600342,150
2025081600342,163
2025081600342,183
2025081600343,87
2025081600345,131
2025081600346,110
2025081600347,33
2025081600348,70
2025081600349,46
2025081600351,81
2025081600351,109
2025081600351,126
2025081600351,153
2025081600352,154
2025081600353,82
2025081600354,64
2025081600354,150
2025081600356,101
2025081600357,138
2025081600357,145
2025081600358,85
2025081600359,62
2025081600359,133
2025081600359,136
2025081600359,159
2025081600360,97
2025081600360,138
2025081600361,56
2025081600361,102
2025081600361,112
2025081600361,134
2025081600361,165
2025081600363,67
2025081600364,16
2025081600364,61
2025081600365,101
2025081600365,149
2025081600367,132
2025081600367,140
2025081600368,100
2025081600369,111
2025081600371,25
2025081600371,89
2025081600372,153
2025081600373,38
2025081600373,46
2025081600373,147
2025081600373,160
2025081600374,100
2025081600374,121
2025081600375,88
2025081600376,104
2025081600376,159
2025081600377,139
2025081600378,62
2025081600379,56
2025081600379,115
2025081600379,124
2025081600380,56
2025081600381,62
2025081600382,100
2025081600382,119
2025081600383,135
2025081600384,50
2025081600384,136
2025081600386,14
2025081600386,67
2025081600386,119
2025081600386,159
2025081600387,102
2025081600387,145
2025081600388,90
2025081600388,137
2025081600392,64
2025081600392,104
2025081600393,8
2025081600393,71
2025081600393,107
2025081600395,79
2025081600396,106
2025081600396,156
2025081600397,43
2025081600397,57
2025081600398,158
2025081600399,89
2025081600399,94
2025081600400,43
2025081600400,125
2025081600400,138
2025081600400,140
2025081600401,14
2025081600401,177
2025081600402,47
2025081600402,182
2025081600404,41
2025081600404,136
2025081600405,49
2025081600405,71
2025081600406,51
2025081600406,84
2025081600406,110
2025081600407,134
2025081600408,59
2025081600408,67
2025081600409,158
2025081600410,11
2025081600411,49
2025081600411,50
2025081600411,62
2025081600411,63
2025081600412,149
2025081600413,46
2025081600413,107
2025081600413,159
2025081600414,66
2025081600415,59
2025081600415,132
2025081600415,162
2025081600416,156
2025081600417,68
2025081600417,174
2025081600418,35
2025081600419,43
2025081600419,98
2025081600420,139
2025081600421,78
2025081600421,91
2025081600421,160
2025081600423,95
2025081600425,46
2025081600425,99
2025081600425,149
2025081600426,48
2025081600426,105
2025081600426,169
2025081600427,67
2025081600427,87
2025081600427,124
2025081600427,134
2025081600427,147
2025081600428,101
2025081600428,114
2025081600428,128
2025081600428,139
2025081600429,149
2025081600429,169
2025081600430,34
2025081600431,80
2025081600431,127
2025081600431,146
2025081600432,16
2025081600433,55
2025081600433,89
2025081600433,104
2025081600435,82
2025081600435,84
2025081600437,36
2025081600438,78
2025081600439,84
2025081600440,104
2025081600440,114
2025081600441,43
2025081600441,57
2025081600441,83
2025081600441,96
2025081600441,115
2025081600442,72
2025081600443,104
2025081600445,47
2025081600445,86
2025081600445,146
2025081600445,160
2025081600447,117
2025081600449,107
2025081600450,23
2025081600450,107
2025081600450,115
2025081600450,130
2025081600450,183
2025081600455,159
2025081600456,98
2025081600456,149
2025081600457,112
2025081600458,6
2025081600458,120
2025081600458,131
2025081600459,81
2025081600459,158
2025081600461,133
2025081600461,142
2025081600463,81
2025081600466,109
2025081600467,73
2025081600467,90
2025081600467,110
2025081600467,150
2025081600468,157
2025081600469,64
2025081600470,143
2025081600472,93
2025081600472,108
2025081600472,137
2025081600472,166
2025081600472,184
2025081600474,38
2025081600474,50
2025081600474,99
2025081600476,58
2025081600476,129
2025081600476,148
2025081600477,2
2025081600477,137
2025081600478,110
2025081600478,118
2025081600479,30
2025081600479,47
2025081600479,140
2025081600480,55
2025081600480,130
2025081600481,9
2025081600481,120
2025081600482,28
2025081600482,84
2025081600482,100
2025081600482,107
2025081600486,157
2025081600487,5
2025081600490,93
2025081600493,70
2025081600493,114
2025081600493,156
2025081600494,51
2025081600494,85
2025081600494,129
2025081600494,143
2025081600495,3
2025081600495,33
2025081600495,95
2025081600496,22
2025081600496,109
2025081600496,131
2025081600497,82
2025081600497,119
2025081600498,62
2025081600499,115
2025081600499,180
2025081600500,42
2025081600501,46
2025081600501,116
2025081600502,51
2025081600502,68
2025081600502,145
2025081600503,64
2025081600503,81
2025081600503,102
2025081600503,104
2025081600504,152
2025081600505,128
2025081600505,143
2025081600505,160
2025081600509,108
2025081600512,146
2025081600512,156
2025081600513,57
2025081600514,17
2025081600514,99
2025081600514,148
2025081600516,30
2025081600516,111
2025081600517,64
2025081600517,90
2025081600517,176
2025081600518,133
2025081600520,98
2025081600520,171
2025081600521,49
2025081600521,159
2025081600522,5
2025081600522,114
2025081600522,144
2025081600524,90
2025081600524,116
2025081600524,136
2025081600526,90
2025081600527,17
2025081600527,47
2025081600527,85
2025081600527,116
2025081600527,152
2025081600530,57
2025081600530,61
2025081600530,63
2025081600530,77
2025081600530,157
2025081600531,142
2025081600532,36
2025081600532,45
2025081600532,151
2025081600533,47
2025081600533,85
2025081600533,89
2025081600534,120
2025081600535,17
2025081600535,116
2025081600535,167
2025081600536,148
2025081600537,36
2025081600537,149
2025081600538,48
2025081600538,169
2025081600538,179
2025081600540,137
2025081600541,21
2025081600541,68
2025081600541,70
2025081600541,155
2025081600541,156
2025081600543,23
2025081600545,103
2025081600546,55
2025081600546,105
2025081600546,148
2025081600548,4
2025081600548,46
2025081600548,126
2025081600552,105
2025081600552,143
2025081600553,13
2025081600553,82
2025081600555,29
2025081600556,24
2025081600556,105
2025081600557,59
2025081600557,175
2025081600558,83
2025081600558,95
2025081600558,116
2025081600558,153
2025081600560,136
2025081600560,141
2025081600560,150
2025081600561,4
2025081600561,50
2025081600561,110
2025081600565,48
2025081600565,59
2025081600565,120
2025081600565,126
2025081600566,149
2025081600567,22
2025081600567,86
2025081600568,156
2025081600569,1
2025081600569,127
2025081600569,131
2025081600569,143
2025081600570,56
2025081600570,120
2025081600571,64
2025081600571,82
2025081600572,9
2025081600573,13
2025081600573,50
2025081600573,69
2025081600574,104
2025081600575,113
2025081600575,125
2025081600576,37
2025081600576,87
2025081600576,94
2025081600578,52
2025081600578,81
2025081600578,165
2025081600579,44
2025081600579,58
2025081600580,50
2025081600580,59
2025081600580,97
2025081600580,118
2025081600581,159
2025081600582,56
2025081600583,105
2025081600583,165
2025081600584,64
2025081600584,130
2025081600584,137
2025081600585,44
2025081600586,26
2025081600586,36
2025081600586,97
2025081600587,114
2025081600587,126
2025081600588,12
2025081600588,40
2025081600588,129
2025081600588,140
2025081600589,31
2025081600589,59
2025081600589,124
2025081600590,86
2025081600591,62
2025081600592,127
2025081600592,151
2025081600593,143
2025081600594,140
2025081600594,146
2025081600595,120
2025081600597,84
2025081600598,83
2025081600599,86
2025081600600,116
2025081600600,137
2025081600601,37
2025081600601,83
2025081600602,38
2025081600602,109
2025081600602,157
2025081600603,101
2025081600604,101
2025081600604,142
2025081600605,144
2025081600606,82
2025081600606,104
2025081600607,41
2025081600607,144
2025081600608,96
2025081600608,103
2025081600608,119
2025081600609,7
2025081600609,117
2025081600610,14
2025081600610,87
2025081600611,159
2025081600613,132
2025081600615,57
2025081600615,126
2025081600616,50
2025081600616,70
2025081600616,126
2025081600617,19
2025081600617,36
2025081600617,49
2025081600618,90
2025081600618,155
2025081600619,127
2025081600620,82
2025081600621,37
2025081600621,52
2025081600621,118
2025081600621,119
2025082600421,58
2025082600422,119
2025082600422,142
2025082600423,56
2025082600423,82
2025082600425,36
2025082600428,89
2025082600430,17
2025082600431,45
2025082600431,150
2025082600432,167
2025082600433,160
2025082600434,26
2025082600435,106
2025082600435,110
2025082600436,115
2025082600437,67
2025082600437,108
2025082600437,116
2025082600438,180
2025082600439,71
2025082600440,28
2025082600440,37
2025082600440,126
2025082600442,51
2025082600443,181
2025082600445,148
2025082600447,43
2025082600447,116
2025082600448,25
2025082600450,22
2025082600451,99
2025082600453,58
2025082600454,78
2025082600455,53
2025082600456,49
2025082600456,60
2025082600456,129
2025082600457,176
2025082600463,109
2025082600463,117
2025082600464,152
2025082600465,154
2025082600466,25
2025082600466,99
2025082600468,179
2025082600469,125
2025082600469,129
2025082600470,183
2025082600471,103
2025082600471,156
2025082600472,95
2025082600474,67
2025082600474,140
2025082600475,157
2025082600476,3
2025082600476,52
2025082600476,84
2025082600477,108
2025082600477,114
2025082600477,146
2025082600477,150
2025082600478,19
2025082600481,83
2025082600482,88
2025082600482,134
2025082600483,25
2025082600483,40
2025082600483,56
2025082600483,116
2025082600484,40
2025082600485,90
2025082600486,80
2025082600486,84
2025082600486,106
2025082600486,146
2025082600488,81
2025082600488,112
2025082600488,135
2025082600489,36
2025082600489,37
2025082600490,56
2025082600490,120
2025082600490,138
2025082600494,71
2025082600494,103
2025082600496,85
2025082600496,148
2025082600497,32
2025082600497,55
2025082600497,104
2025082600497,113
2025082600497,117
2025082600497,153
2025082600498,38
2025082600498,81
2025082600498,82
2025082600498,137
2025082600499,95
2025082600499,118
2025082600501,56
2025082600501,146
2025082600502,160
2025082600504,135
2025082600505,103
2025082600505,157
2025082600506,104
2025082600507,81
2025082600508,60
2025082600508,83
2025082600508,141
2025082600509,152
2025082600510,38
2025082600510,121
2025082600511,51
2025082600512,50
2025082600513,119
2025082600514,50
2025082600514,63
2025082600514,135
2025082600514,166
2025082600514,183
2025082600516,49
2025082600516,86
2025082600516,156
2025082600517,84
2025082600517,87
2025082600517,110
2025082600517,186
2025082600518,42
2025082600518,68
2025082600518,104
2025082600520,72
2025082600520,92
2025082600520,101
2025082600520,157
2025082600521,42
2025082600521,55
2025082600522,60
2025082600523,63
2025082600523,64
2025082600523,111
2025082600524,113
2025082600525,126
2025082600526,64
2025082600527,15
2025082600527,47
2025082600527,117
2025082600527,154
2025082600528,182
2025082600529,88
2025082600529,96
2025082600529,108
2025082600530,35
2025082600533,103
2025082600533,117
2025082600533,134
2025082600533,158
2025082600534,86
2025082600538,44
2025082600538,61
2025082600539,95
2025082600539,178
2025082600540,15
2025082600540,124
2025082600540,126
2025082600540,141
2025082600541,143
2025082600542,1
2025082600542,41
2025082600542,131
2025082600542,134
2025082600543,159
2025082600544,61
2025082600544,100
2025082600544,156
2025082600545,180
2025082600549,102
2025082600549,109
2025082600550,128
2025082600553,56
2025082600553,91
2025082600553,148
2025082600555,19
2025082600555,79
2025082600556,135
2025082600556,147
2025082600557,83
2025082600557,176
2025082600558,145
2025082600558,175
2025082600559,44
2025082600559,100
2025082600560,38
2025082600560,104
2025082600562,81
2025082600563,158
2025082600564,150
2025082600565,51
2025082600565,61
2025082600565,112
2025082600565,117
2025082600565,150
2025082600566,42
2025082600566,69
2025082600566,112
2025082600568,53
2025082600568,89
2025082600569,133
2025082600570,50
2025082600570,110
2025082600570,134
2025082600570,137
2025082600571,98
2025082600572,152
2025082600573,61
2025082600573,142
2025082600575,30
2025082600575,47
2025082600575,53
2025082600575,94
2025082600575,138
2025082600577,58
2025082600577,63
2025082600577,178
2025082600578,87
2025082600579,121
2025082600579,130
2025082600580,152
2025082600581,133
2025082600582,35
2025082600583,157
2025082600585,128
2025082600586,15
2025082600587,7
2025082600587,72
2025082600587,171
2025082600587,179
2025082600588,57
2025082600588,99
2025082600589,113
2025082600591,100
2025082600591,132
2025082600592,134
2025082600593,74
2025082600593,118
2025082600595,49
2025082600595,58
2025082600595,86
2025082600595,96
2025082600595,162
2025082600596,112
2025082600596,133
2025082600597,22
2025082600597,68
2025082600597,103
2025082600597,114
2025082600598,83
2025082600598,162
2025082600600,71
2025082600601,85
2025082600602,52
2025082600602,132
2025082600604,49
2025082600604,90
2025082600605,5
2025082600606,33
2025082600606,44
2025082600606,173
2025082600607,69
2025082600608,113
2025082600608,148
2025082600608,171
2025082600609,3
2025082600610,56
2025082600610,66
2025082600612,121
2025082600613,60
2025082600613,87
2025082600614,31
2025082600614,159
2025082600615,181
2025082600616,45
2025082600616,70
2025082600617,49
2025082600617,53
2025082600617,88
2025082600618,90
2025082600618,107
2025082600618,114
2025082600619,7
2025082600620,111
2025082600621,81
2025082600621,138
2025082600621,158
2025082600622,90
2025082600622,135
2025082600623,34
2025082600624,47
2025082600625,38
2025082600625,46
2025082600626,45
2025082600627,19
2025082600627,47
2025082600627,111
2025082600627,160
2025082600628,7
2025082600628,68
2025082600629,68
2025082600631,52
2025082600632,104
2025082600632,109
2025082600632,131
2025082600633,56
2025082600635,44
2025082600635,163
2025082600636,108
2025082600636,134
2025082600637,26
2025082600637,58
2025082600637,146
2025082600638,49
2025082600638,82
2025082600638,151
2025082600639,86
2025082600639,129
2025082600639,132
2025082600639,174
2025082700288,163
2025082700289,30
2025082700289,58
2025082700290,49
2025082700290,84
2025082700290,100
2025082700290,124
2025082700291,153
2025082700292,37
2025082700292,173
2025082700293,61
2025082700293,110
2025082700293,121
2025082700293,133
2025082700294,83
2025082700294,95
2025082700294,108
2025082700295,52
2025082700295,61
2025082700295,121
2025082700295,153
2025082700296,160
2025082700297,133
2025082700299,40
2025082700299,134
2025082700302,22
2025082700302,133
2025082700302,143
2025082700303,56
2025082700304,28
2025082700304,38
2025082700305,57
2025082700305,85
2025082700305,95
2025082700306,158
2025082700307,106
2025082700307,141
2025082700308,6
2025082700308,126
2025082700309,56
2025082700309,58
2025082700310,66
2025082700310,81
2025082700311,147
2025082700312,129
2025082700312,150
2025082700313,110
2025082700314,11
2025082700314,69
2025082700314,91
2025082700314,135
2025082700314,139
2025082700315,119
2025082700315,125
2025082700316,87
2025082700317,62
2025082700319,40
2025082700319,137
2025082700320,4
2025082700320,44
2025082700320,129
2025082700320,140
2025082700320,185
2025082700321,47
2025082700321,69
2025082700322,70
2025082700322,125
2025082700323,62
2025082700324,130
2025082700325,10
2025082700326,51
2025082700326,160
2025082700327,98
2025082700327,104
2025082700327,130
2025082700328,44
2025082700328,85
2025082700328,109
2025082700329,142
2025082700329,143
2025082700329,160
2025082700330,89
2025082700330,120
2025082700331,32
2025082700332,90
2025082700332,127
2025082700332,139
2025082700334,139
2025082700334,150
2025082700335,54
2025082700335,56
2025082700335,101
2025082700335,113
2025082700335,142
2025082700335,150
2025082700336,68
2025082700336,69
2025082700337,86
2025082700338,47
2025082700338,74
2025082700339,58
2025082700340,89
2025082700340,94
2025082700340,121
2025082700341,7
2025082700342,11
2025082700342,63
2025082700343,56
2025082700345,80
2025082700345,83
2025082700345,90
2025082700345,159
2025082700347,4
2025082700347,5
2025082700347,37
2025082700347,129
2025082700347,154
2025082700349,88
2025082700349,108
2025082700350,126
2025082700350,150
2025082700351,73
2025082700351,139
2025082700352,62
2025082700352,78
2025082700352,169
2025082700353,71
2025082700354,39
2025082700355,67
2025082700356,117
2025082700356,149
2025082700357,132
2025082700357,143
2025082700358,29
2025082700358,58
2025082700361,52
2025082700361,66
2025082700361,74
2025082700361,103
2025082700361,108
2025082700362,42
2025082700362,54
2025082700362,63
2025082700363,110
2025082700364,12
2025082700364,146
2025082700364,148
2025082700365,71
2025082800166,93
2025082800166,144
2025082800167,150
2025082800167,179
2025082800168,33
2025082800168,60
2025082800168,157
2025082800169,70
2025082800170,111
2025082800171,36
2025082800180,130
2025082800181,156
2025082800182,43
2025082800182,93
2025082800182,116
2025082800182,121
2025082800183,58
2025082800183,66
2025082800183,151
2025082800184,24
2025082800186,128
2025082800186,147
2025082800187,162
2025082800188,84
2025082800188,97
2025082800189,9
2025082800189,184
2025082800190,109
2025082800191,149
2025082800192,85
2025082800193,56
2025082800193,79
2025082800193,129
2025082800193,167
2025082800194,116
2025082800195,36
2025082800195,69
2025082800195,148
2025082800196,52
2025082800196,93
2025082800197,36
2025082800197,157
2025082800198,48
2025082800198,157
2025082800198,185
2025082800199,63
2025082800199,160
2025082800199,162
2025082800200,102
2025082800200,145
2025082800201,149
2025082800202,16
2025082800203,125
2025090200191,46
2025090200191,92
2025090200192,60
2025090200192,141
2025090200194,146
2025090200196,107
2025090200196,147
2025090200197,46
2025090200198,45
2025090200198,70
2025090200201,98
2025090200201,141
2025090200201,145
2025090200202,83
2025090200202,105
2025090200202,115
2025090200202,132
2025090200203,108
2025090200203,121
2025090200203,144
2025090200204,44
2025090200204,138
2025090200204,141
2025090200204,155
2025090200206,55
2025090200206,141
2025090200206,176
2025090200207,93
2025090200210,130
2025090200211,41
2025090200212,29
2025090200213,24
2025090200213,46
2025090200213,52
2025090200214,116
2025090200215,121
2025090200217,59
2025090200217,112
2025090200218,53
2025090200218,96
2025090200220,64
2025090200220,114
2025090200221,37
2025090200221,93
2025090200221,125
2025090200222,56
2025090200223,47
2025090200223,49
2025090200223,148
2025090200224,91
2025090200224,103
2025090200224,177
2025090200226,44
2025090200226,106
2025090200226,136
2025090200226,170
2025090200227,83
2025090200227,130
2025090200228,108
2025090200228,159
2025090200229,90
2025090200229,124
2025090200229,135
2025090200231,52
2025090200232,56
2025090200232,104
2025090200233,54
2025090200234,55
2025090200234,87
2025090200235,53
2025090200235,58
2025090200235,63
2025090200235,103
2025090200237,36
2025090200237,61
2025090200238,84
2025090200238,170
2025090200240,72
2025090200240,90
2025090200240,165
2025090200241,59
2025090200241,93
2025090200242,120
2025090200242,127
2025090200242,160
2025090200243,5
2025090200243,25
2025090200243,109
2025090200244,55
2025090200244,141
2025090200244,148
2025090200245,76
2025090200246,80
2025090200246,87
2025090200247,14
2025090200247,59
2025090200247,116
2025090200248,133
2025090200249,43
2025090200250,113
2025090200250,139
2025090200250,157
2025090200251,58
2025090200251,64
2025090200251,89
2025090200252,121
2025090200254,51
2025090200254,103
2025090200255,26
2025090200255,82
2025090200255,88
2025090200256,39
2025090200258,102
2025090200258,119
2025090200259,37
2025090200259,57
2025090200259,98
2025090200259,129
2025090200260,101
2025090200260,130
2025090200261,130
2025090200264,31
2025090200264,130
2025090200264,139
2025090200265,60
2025090200265,124
2025090200265,128
2025090200266,38
2025090200266,105
2025090200266,152
2025090200266,160
2025090200267,42
2025090200267,71
2025090200267,76
2025090200268,7
2025090200268,109
2025090200268,117
2025090200268,138
2025090200268,143
2025090200268,180
2025090200270,149
2025090200271,49
2025090200273,99
2025090200273,101
2025090200273,133
2025090200274,89
2025090200276,154
2025090200278,147
2025090200278,148
2025090200278,153
2025090200279,157
2025090200279,187
2025090200280,93
2025090200280,118
2025090200280,142
2025090200281,84
2025090200282,50
2025090200282,56
2025090200283,156
2025090200284,149
2025090200286,120
2025090200287,109
2025090200288,52
2025090200288,119
2025090200290,12
2025090200290,45
2025090200290,91
2025090200290,98
2025090200291,120
2025090200291,182
2025090200292,48
2025090200293,167
2025090200293,170
2025090200294,39
2025090200294,95
2025090200294,127
2025090200295,89
2025090200297,87
2025090200297,90
2025090200297,138
2025090200298,93
2025090200298,120
2025090200299,13
2025090200299,66
2025090200300,89
2025090200300,147
2025090200301,138
2025090200301,139
2025090200301,181
2025090200302,33
2025090200302,38
2025090200302,128
2025090200302,148
2025090200302,150
2025090200302,157
2025090200314,94
2025090200314,149
2025090200315,103
2025090200316,40
2025090200317,153
2025090200318,106
2025090200319,141
2025090200319,144
2025090200320,69
2025090200320,83
2025090200320,140
2025090200321,16
2025090200322,171
2025090200323,2
2025090200324,85
2025090200325,13
2025090200325,42
2025090200326,128
2025090200326,129
2025090200327,60
2025090200327,107
2025090200328,45
2025090200329,97
2025090200331,133
2025090200331,134
2025090200332,61
2025090200332,136
2025090200333,74
2025090200333,84
2025090200333,109
2025090200333,116
2025090200333,125
2025090200334,130
2025090200335,50
2025090200336,88
2025090200338,55
2025090200338,56
2025090200338,107
2025090200339,37
2025090200339,100
2025090200340,67
2025090200340,84
2025090200340,158
2025090200342,72
2025090200359,82
2025090200359,163
2025090200361,134
2025090200361,149
2025090200363,68
2025090200363,87
2025090200364,145
2025090200365,76
2025090200365,112
2025090200366,109
2025090200366,156
2025090200366,159
2025090200368,2
2025090200368,25
2025090200368,47
2025090200368,145
2025090200369,37
2025090200369,51
2025090200369,156
2025090200370,152
2025090200371,50
2025090200371,92
2025090200371,159
2025090200372,5
2025090200372,57
2025090200373,74
2025090200373,100
2025090200373,113
2025090200375,84
2025090200375,103
2025090200375,136
2025090200376,19
2025090200378,104
2025090200379,63
2025090200379,98
2025090200383,14
2025090200383,19
2025090200384,121
2025090200385,176
2025090200386,159
2025090200387,42
2025090200387,45
2025090200388,90
2025090200388,112
2025090200388,153
2025090200389,119
2025090200390,131
2025090200390,153
2025090200392,55
2025090200392,94
2025090200392,141
2025090200393,36
2025090200394,9
2025090200394,91
2025090200394,107
2025090200395,99
2025090200395,167
2025090200395,169
2025090200396,94
2025090200397,74
2025090200397,126
2025090200400,41
2025090200400,61
2025090200400,124
2025090200401,45
2025090200402,135
2025090200404,49
2025090200404,96
2025090200405,41
2025090200405,71
2025090200405,111
2025090200406,41
2025090200406,160
2025090200407,155
2025090200409,54
2025090200410,103
2025090200410,159
2025090200411,45
2025090200411,61
2025090200411,124
2025090200411,140
2025090200411,150
2025090200412,51
2025090200412,137
2025090400085,157
2025090400086,49
2025090400086,63
2025090400086,158
2025090400087,2
2025090400087,121
2025090400088,182
2025090400089,22
2025090400089,102
2025090400089,106
2025090400089,148
2025090400090,52
2025090400090,83
2025090400091,116
2025090400091,138
2025090400092,12
2025090400092,26
2025090400092,117
2025090400093,66
2025090400094,8
2025090400095,125
2025090400095,147
2025090400096,137
2025090400098,131
2025090400101,67
2025090400101,170
2025090400103,68
2025090400104,108
2025090400104,112
2025090400109,101
2025090400109,102
2025090400109,150
2025090400110,40
2025090400110,45
2025090400110,99
2025090400110,128
2025090400111,187
2025090400112,89
2025090400113,124
2025090400113,138
2025090400113,146
2025090400114,110
2025090400114,153
2025090400278,107
2025090400278,142
2025090400279,73
2025090400279,92
2025090400279,101
2025090400280,60
2025090400280,126
2025090400280,140
2025090400280,179
2025090400282,115
2025090400283,39
2025090400283,101
2025090400285,73
2025090400285,74
2025090400286,106
2025090400288,62
2025090400288,137
2025090400288,139
2025090400289,48
2025090400289,151
2025090500173,31
2025090500173,116
2025090500174,10
2025090500175,62
2025090500175,149
2025090500176,34
2025090500176,77
2025090500176,90
2025090500177,37
2025090500178,26
2025090500179,54
2025090500179,99
2025090500179,101
2025090500179,131
2025090500180,64
2025090500180,172
2025090500180,180
2025090500184,43
2025090500185,73
2025090500186,47
2025090500186,169
2025090500187,53
2025090500187,125
2025090500188,36
2025090500188,39
2025090500188,44
2025090500188,57
2025090500188,133
2025090500189,93
2025090500189,121
2025090500190,52
2025090500191,139
2025090500192,156
2025090500194,34
2025090500194,158
2025090500195,131
2025090500196,37
2025090500197,133
2025090500197,134
2025090500198,181
2025090500199,149
2025090500200,70
2025090500200,91
2025090500201,102
2025090500201,112
2025090500202,117
2025090500202,149
2025090500202,164
2025090500203,51
2025090500203,129
2025090500204,69
2025090500205,46
2025090500205,136
2025090500218,138
2025090500218,153
2025090500219,14
2025090500219,53
2025090500219,120
2025090500219,139
2025090500219,150
2025090500220,53
2025090500220,63
2025090500220,170
2025090500221,2
2025090500221,45
2025090500221,58
2025090500223,162
2025090500224,141
2025090500229,47
2025090500229,105
2025090500229,154
2025090500256,30
2025090500256,56
2025090500256,67
2025090500256,156
2025090500260,183
2025090500261,24
2025090500261,56
2025090500261,126
2025090500262,66
2025090500262,103
2025090500262,109
2025090500263,61
2025090500263,87
2025090500263,97
2025090500264,3
2025090500264,138
2025090500267,77
2025090500267,82
2025090500268,126
2025090500269,57
2025090500270,43
2025090500270,113
2025090500270,131
2025090500270,159
2025090500271,70
2025090500271,116
2025090500271,138
2025090500272,133
2025090500272,155
2025090600216,31
2025090600216,155
2025090600217,90
2025090600217,105
2025090600218,39
2025090600218,52
2025090600218,128
2025090600219,139
2025090600221,39
2025090600221,88
2025090600221,128
2025090600222,105
2025090600222,183
2025090600223,102
2025090600224,4
2025090600224,37
2025090600224,105
2025090600225,38
2025090600225,68
2025090600225,130
2025090600227,92
2025090600228,36
2025090600229,140
2025090600230,151
2025090600232,56
2025090600233,156
2025090600234,13
2025090600234,49
2025090600234,53
2025090600234,111
2025090600235,86
2025090600236,48
2025090600236,131
2025090600236,151
2025090600237,54
2025090600237,88
2025090600237,105
2025090600237,125
2025090600237,130
2025090600238,71
2025090600239,110
2025090600240,83
2025090600240,116
2025090600240,157
2025090600240,159
2025090600241,48
2025090600242,14
2025090600242,15
2025090600243,135
2025090600244,106
2025090600244,112
2025090600244,158
2025090600245,48
2025090600245,50
2025090600245,134
2025090600245,148
2025090600246,44
2025090600246,87
2025090600247,147
2025090600248,59
2025090600248,101
2025090600249,45
2025090600249,109
2025090600250,139
2025090600250,141
2025090600250,154
2025090600250,160
2025090600252,148
2025090600253,114
2025090600254,63
2025090600254,147
2025090600254,158
2025090600255,82
2025090600256,25
2025090600256,60
2025090600256,87
2025090600256,185
2025090600258,91
2025090600259,58
2025090600260,101
2025090600261,7
2025090600261,40
2025090600261,81
2025090600261,93
2025090600261,156
2025090600261,181
2025090600262,75
2025090600263,36
2025090600264,14
2025090600265,90
2025090600265,107
2025090600265,138
2025090600266,55
2025090600266,158
2025090600267,126
2025090600267,141
2025090600268,142
2025090600269,29
2025090600269,47
2025090600270,53
2025090600270,100
2025090600270,155
2025090600271,111
2025090600271,160
2025090600272,54
2025090600272,82
2025090600272,127
2025090600273,43
2025090600273,109
2025090600274,103
2025090600274,117
2025090600275,9
2025090600275,73
2025090600275,132
2025090600276,46
2025090600277,38
2025090600277,39
2025090600277,87
2025090600277,137
2025090600277,172
2025090600278,124
2025090600279,146
2025090600280,23
2025090600280,63
2025090600280,73
2025090600280,100
2025090600280,118
2025090600281,14
2025090600281,62
2025090600281,116
2025090600282,79
2025090600283,38
2025090600283,64
2025090600283,86
2025090600283,132
2025090600284,47
2025090600284,54
2025090600284,93
2025090600285,97
2025090600285,104
2025090600286,43
2025090600286,68
2025090600286,117
2025090600287,45
2025090600287,51
2025090600287,148
2025090600288,37
2025090600289,60
2025090600289,133
2025090600290,36
2025090600290,84
2025090600292,146
2025090600292,162
2025090600293,44
2025090600293,141
2025090600295,46
2025090600297,70
2025090600297,134
2025090600298,52
2025090600298,104
2025090600298,157
2025090600298,164
2025090600299,156
2025090600300,48
2025090600301,138
2025090600302,71
2025090600302,127
2025090600302,177
2025090600303,37
2025090600303,39
2025090600303,118
2025090600304,97
2025090600304,139
2025090600305,10
2025090600305,21
2025090600305,149
2025090600306,100
2025090600306,137
2025090600307,28
2025090600308,84
2025090600309,95
2025090600310,99
2025090600312,91
2025090600313,167
2025090600316,111
2025090600316,117
2025090600317,69
2025090600320,102
2025090600323,142
2025090600323,150
2025090600325,33
2025090600325,85
2025090600325,115
2025090600327,139
2025090600328,79
2025090600328,104
2025090600329,146
2025090600329,186
2025090600330,23
2025090600330,126
2025090600330,144
2025090600330,152
2025090600333,3
2025090600333,132
2025090600333,136
2025090600337,98
2025090600337,169
2025090600338,47
2025090600338,61
2025090600338,106
2025090600339,19
2025090600339,35
2025090600339,143
2025090600340,102
2025090600341,70
2025090600342,98
2025090600342,160
2025090600343,106
2025090600343,120
2025090600344,126
2025090600344,155
2025090600345,82
2025090600346,48
2025090600346,109
2025090600346,156
2025090600346,158
2025090600348,174
2025090600349,88
2025090600349,147
2025090600350,163
2025090600351,17
2025090600351,87
2025090600351,139
2025090600352,90
2025090600353,50
2025090600353,90
2025090600354,102
2025090600356,56
2025090600356,92
2025090600356,121
2025090600357,120
2025090600361,63
2025090600361,151
2025090600361,163
2025090600361,186
2025090600362,12
2025090600362,133
2025090600364,156
2025090600365,43
2025090600365,138
2025090600366,9
2025090600366,114
2025090600366,121
2025090600378,69
2025090600378,81
2025090600379,67
2025090600379,82
2025090600379,148
2025090600380,54
2025090600380,86
2025090600380,112
2025090600380,154
2025090600381,49
2025090600382,137
2025090600384,48
2025090600384,67
2025090600384,106
2025090600384,126
2025090600384,157
2025090600385,38
2025090600386,162
2025090600387,83
2025090600387,137
2025090600387,152
2025090600388,40
2025090600388,49
2025090600388,108
2025090600389,36
2025090600390,62
2025090600390,86
2025090600390,101
2025090600390,141
2025090600391,59
2025090600391,86
2025090600391,90
2025090600391,95
2025090600392,107
2025090600393,43
2025090600393,46
2025090600393,148
2025090600394,150
2025090600394,186
2025090600396,171
2025090600397,100
2025090600398,108
2025090600399,89
2025090600399,154
2025090600400,138
2025090600401,45
2025090600402,131
2025090600404,66
2025090600404,78
2025090600404,133
2025090600404,155
2025090600405,53
2025090600405,115
2025090600406,139
2025090600409,66
2025090600410,147
2025090600410,156
2025090600410,175
2025090600412,50
2025090600412,51
2025090600413,11
2025090600413,142
2025090600413,176
2025090600413,184
2025090600415,129
2025090600417,25
2025090600417,45
2025090600417,50
2025090600417,127
2025090600418,74
2025090600418,83
2025090600418,89
2025090600419,108
2025090600419,150
2025090600420,40
2025090600420,82
2025090600420,124
2025090600420,139
2025090600421,12
2025090600421,37
2025090600421,119
2025090600422,134
2025090600423,89
2025090600424,92
2025090600424,95
2025090600425,56
2025090600425,120
2025090600426,75
2025090600427,95
2025090600428,24
2025090600429,102
2025090600429,130
2025090600431,144
2025090600431,170
2025090600431,179
2025090600432,34
2025090600432,158
2025090600434,50
2025090600434,107
2025090600434,154
2025090600436,171
2025090600437,97
2025090600439,26
2025090600439,54
2025090600439,61
2025090600440,109
2025090600440,116
2025090600441,24
2025090600441,127
2025090600441,181
2025090600442,60
2025090600442,116
2025090600442,184
2025090600443,22
2025090600445,151
2025090600447,149
2025090600448,47
2025090600501,4
2025090600501,41
2025090600501,166
2025090600502,25
2025090600502,32
2025090600516,57
2025090600517,36
2025090600517,54
2025091300602,28
2025091300602,133
2025091300604,100
2025091300605,70
2025091300605,131
2025091300606,177
2025091300607,36
2025091300609,67
2025091300610,63
2025091300610,84
2025091300610,88
2025091300610,131
2025091300610,158
2025091300613,56
2025091300613,92
2025091300613,103
2025091300613,113
2025091300613,144
2025091300613,177
2025091300614,32
2025091300614,160
2025091300615,97
2025091300615,163
2025091300616,26
2025091300617,22
2025091300617,47
2025091300617,64
2025091300617,94
2025091300618,133
2025091300618,144
2025091300619,108
2025091300619,124
2025091300619,185
2025091300620,39
2025091300620,47
2025091300621,9
2025091300621,26
2025091300621,58
2025091300621,185
2025091300622,61
2025091300622,109
2025091300622,125
2025091300623,40
2025091300623,41
2025091300623,74
2025091300623,142
2025091300624,51
2025091300624,146
2025091300625,17
2025091300625,160
2025091300627,106
2025091300628,149
2025091300630,53
2025091300631,28
2025091300631,42
2025091300632,51
2025091300632,92
2025091300632,120
2025091300632,130
2025091300632,131
2025091300632,141
2025091300633,33
2025091300633,71
2025091300634,44
2025091300634,139
2025091300635,23
2025091300635,32
2025091300635,83
2025091300636,115
2025091300636,184
2025091300637,88
2025091300638,88
2025091300638,124
2025091300638,172
2025091300639,145
2025091300640,61
2025091300641,62
2025091300641,86
2025091300641,103
2025091300641,179
2025091300642,61
2025091300642,95
2025091300642,103
2025091300642,147
2025091300643,60
2025091300644,124
2025091300645,97
2025091300645,111
2025091300645,151
2025091300648,150
2025091300649,67
2025091300649,88
2025091300649,145
2025091300649,178
2025091300649,185
2025091300665,53
2025091300666,57
2025091300666,125
2025091300667,114
2025091300667,184
2025091300668,24
2025091300668,43
2025091300668,58
2025091300668,130
2025091300669,60
2025091300669,124
2025091300669,143
2025091300670,37
2025091300670,49
2025091300671,87
2025091300671,155
2025091300672,59
2025091300673,106
2025091300673,129
2025091300674,129
2025091300674,145
2025091300675,108
2025091300675,142
2025091300677,39
2025091300678,15
2025091300678,81
2025091300680,81
2025091300681,121
2025091300681,152
2025091300682,58
2025091300684,31
2025091300684,128
2025091300685,147
2025091300686,93
2025091300686,100
2025091300688,104
2025091300688,108
2025091300688,139
2025091300688,150
2025091300689,17
2025091300689,111
2025091300690,37
2025091300690,108
2025091300690,139
2025091300690,164
2025091300691,53
2025091300692,26
2025091300692,129
2025091300693,71
2025091300693,132
2025091300693,177
2025091300694,55
2025091300694,71
2025091300694,104
2025091300695,118
2025091300695,174
2025091300695,175
2025091300699,36
2025091300699,150
2025091300699,156
2025091300700,63
2025091300700,87
2025091300701,68
2025091300701,180
2025091300703,24
2025091300703,132
2025091300704,55
2025091300704,99
2025091300704,155
2025091300706,28
2025091300706,39
2025091300706,47
2025091300706,91
2025091300706,128
2025091300707,102
2025091300707,150
2025091300708,32
2025091300708,50
2025091300710,87
2025091300712,55
2025091300712,81
2025091300712,128
2025091300713,43
2025091300714,66
2025091300714,115
2025091300714,132
2025091300714,156
2025091300716,6
2025091300716,100
2025091500060,170
2025091500061,107
2025091500062,36
2025091500062,70
2025091500062,141
2025091500063,108
2025091500064,121
2025091500064,134
2025091500064,178
2025091500065,56
2025091500065,87
2025091500065,155
2025091500066,151
2025091500067,40
2025091500067,118
2025091500068,108
2025091500069,48
2025091500069,86
2025091500070,126
2025091500071,25
2025091500071,108
2025091500071,129
2025091500072,5
2025091500073,21
2025091500073,146
2025091500074,62
2025091500074,99
2025091500075,59
2025091500075,109
2025091500075,117
2025091500075,135
2025091500075,152
2025091500076,180
2025091500077,45
2025091500077,57
2025091500077,59
2025091500077,70
2025091500077,86
2025091500077,153
2025091500078,13
2025091500078,43
2025091500081,84
2025091500082,11
2025091500082,110
2025091500083,141
2025091500084,46
2025091500084,82
2025091500084,104
2025091500085,58
2025091500085,68
2025091500085,69
2025091500085,131
2025091500086,43
2025091500086,99
2025091500087,18
2025091500087,171
2025091500088,44
2025091500088,117
2025091500088,121
2025091500088,133
2025091500089,19
2025091500089,49
2025091500089,57
2025091500090,50
2025091500090,138
2025091500090,172
2025091500091,62
2025091500091,158
2025091500092,98
2025091500093,81
2025091500094,105
2025091500095,127
2025091500096,18
2025091500096,117
2025091500096,137
2025091500096,139
2025091500097,25
2025091500097,144
2025091500098,31
2025091500098,63
2025091500098,127
2025091500099,119
2025091500100,67
2025091500103,150
2025091500103,154
2025091500104,105
2025091500105,117
2025091500105,132
2025091500105,158
2025091500106,54
2025091500106,95
2025091500106,108
2025091800189,89
2025091800189,142
2025091800190,45
2025091800190,54
2025091800190,125
2025091800191,60
2025091800191,143
2025091800192,81
2025091800192,97
2025091800193,63
2025091800193,120
2025091800193,130
2025091800193,156
2025091800195,127
2025091800196,129
2025091800197,36
2025091800198,44
2025091800198,86
2025091800199,129
2025091800200,105
2025091800201,29
2025091800202,151
2025091800203,104
2025091800203,112
2025091800203,140
2025091800204,143
2025091800204,148
2025091800205,120
2025091800206,139
2025091800207,88
2025091800207,90
2025091800207,137
2025091800208,147
2025091800209,117
2025091800210,141
2025091800211,131
2025091800211,142
2025091800212,135
2025091800213,95
2025091800214,50
2025091800214,96
2025091800215,37
2025091800215,57
2025091800215,121
2025091800215,132
2025091800215,160
2025091800218,150
2025091800218,155
2025091800219,36
2025091800219,176
2025091800220,84
2025091900155,52
2025091900157,97
2025091900157,133
2025091900157,172
2025091900158,4
2025091900158,160
2025091900158,185
2025091900159,47
2025091900160,64
2025091900160,137
2025091900161,59
2025091900161,83
2025091900161,85
2025091900161,143
2025091900162,58
2025091900162,64
2025091900162,125
2025091900163,112
2025091900163,125
2025091900163,147
2025091900163,167
2025091900164,56
2025091900164,114
2025091900164,160
2025091900165,47
2025091900166,105
2025091900166,134
2025091900167,90
2025091900167,155
2025091900168,58
2025091900168,148
2025091900169,37
2025091900169,39
2025091900170,173
2025091900171,178
2025091900172,45
2025091900172,142
2025091900172,147
2025091900173,1
2025091900175,88
2025091900176,115
2025091900177,21
2025091900177,70
2025091900177,87
2025091900178,88
2025091900178,115
2025091900178,130
2025091900180,93
2025091900180,111
2025091900180,185
2025091900181,139
2025091900181,166
2025091900183,52
2025091900183,134
2025091900185,105
2025091900185,114
2025091900185,167
2025091900186,36
2025091900186,119
2025091900188,80
2025091900188,124
2025091900189,98
2025091900189,117
2025091900191,140
2025091900193,133
2025091900194,43
2025091900195,121
2025091900195,131
2025091900195,138
2025091900197,133
2025091900198,117
2025091900204,124
2025091900205,78
2025091900205,127
2025091900205,148
2025091900206,50
2025091900207,115
2025091900207,127
2025091900209,152
2025091900210,92
2025091900211,47
2025091900211,58
2025091900211,109
2025091900211,131
2025091900214,162
2025091900215,97
2025091900215,176
2025091900216,53
2025091900218,132
2025091900218,156
2025091900218,170
2025091900219,4
2025091900219,108
2025091900220,127
2025091900220,134
2025091900220,149
2025091900220,152
2025091900221,36
2025091900224,93
2025091900224,149
2025091900225,98
2025091900227,13
2025091900228,87
2025091900228,89
2025091900228,147
2025091900229,133
2025091900229,154
2025091900230,81
2025091900230,102
2025091900231,156
2025091900231,157
2025091900232,58
2025091900233,101
2025091900234,137
2025091900235,108
2025091900237,43
2025091900237,64
2025091900238,82
2025091900239,170
2025091900240,151
2025091900243,62
2025091900243,160
2025091900244,104
2025091900244,118
2025091900245,117
2025091900245,121
2025091900247,50
2025091900248,96
2025091900248,158
2025091900249,144
2025091900251,41
2025091900251,49
2025091900254,139
2025091900255,154
2025091900256,100
2025091900256,141
2025092000059,59
2025092000060,56
2025092000061,130
2025092000062,128
2025092000062,156
2025092000063,70
2025092000063,100
2025092000063,155
2025092000064,90
2025092000067,102
2025092000067,120
2025092000067,146
2025092000067,160
2025092000069,101
2025092000071,76
2025092000072,66
2025092000072,76
2025092000072,95
2025092000073,49
2025092000073,86
2025092000073,108
2025092000073,129
2025092000073,160
2025092000075,87
2025092000075,137
2025092000077,133
2025092000079,80
2025092000080,9
2025092000080,102
2025092000081,107
2025092000081,115
2025092000081,121
2025092000081,136
2025092000082,141
2025092000085,42
2025092000085,46
2025092000085,52
2025092000085,62
2025092000087,36
2025092000088,91
2025092000088,182
2025092000088,187
2025092000089,33
2025092000089,148
2025092000092,154
2025092000093,41
2025092000094,60
2025092000094,96
2025092000096,17
2025092000097,46
2025092000097,126
2025092000097,159
2025092000098,14
2025092000098,52
2025092000099,55
2025092000101,80
2025092000101,129
2025092000102,44
2025092000102,83
2025092000103,183
2025092000105,69
2025092000106,89
2025092000108,59
2025092000108,110
2025092000108,144
2025092000109,131
2025092000109,181
2025092000111,44
2025092000111,54
2025092000112,115
2025092000113,25
2025092000113,82
2025092000114,104
2025092000115,131
2025092000116,75
2025092000117,84
2025092000118,104
2025092000123,140
2025092000124,16
2025092000125,36
2025092000127,76
2025092000127,100
2025092000127,156
2025092000130,6
2025092000130,44
2025092000130,74
2025092000130,121
2025092000130,183
2025092000134,5
2025092000137,92
2025092000138,107
2025092000139,67
2025092000139,162
2025092000140,57
2025092000140,58
2025092000141,74
2025092000142,164
2025092000143,32
2025092000144,31
2025092000144,124
2025092000146,33
2025092000148,173
2025092000150,130
2025092000151,4
2025092000151,119
2025092000154,167
2025092000155,3
2025092000156,5
2025092000157,184
2025092100025,12
2025092100026,4
2025092100029,16
2025092100029,76
2025092100031,34
2025092100047,186
2025092100048,3
2025092100051,186
2025092100054,80
2025092100057,171
2025092100060,170
2025092100062,13
2025092100073,17
2025092100084,184
2025092100089,78
2025092100091,7
2025092100091,75
2025092100098,14
2025092100099,167
2025092100101,10
2025092100104,33
2025092100111,1
2025092100113,22
2025092100116,4
2025092100126,4
2025092100130,74
2025092100140,179
2025092100142,170
2025070900532,171
2025070900532,172
2025070900532,173
2025070900532,174
2025070900532,175
2025070900532,176
2025070900532,177
2025070900532,178
2025070900532,179
2025070900532,180
2025070900532,183
2025070900532,184
2025070900532,185
2025070900532,186
2025070900532,187
2025070900533,75
2025070900533,76
2025070900533,77
2025070900533,78
2025070900533,79
2025070900533,117
2025070900533,118
2025070900533,120
2025070900533,121
2025070900533,124
2025070900534,9
2025070900534,10
2025070900534,11
2025070900534,12
2025070900534,13
2025070900534,14
2025070900534,15
2025070900534,16
2025070900534,17
2025070900534,18
2025070900534,21
2025070900534,22
2025070900534,23
2025070900534,24
2025070900534,25
2025070900534,26
2025070900534,44
2025070900534,45
2025070900534,46
2025070900534,47
2025070900534,48
2025070900534,49
2025070900534,50
2025070900534,51
2025070900534,52
2025070900534,53
2025070900534,54
2025070900534,55
2025070900534,56
2025070900534,57
2025070900534,58
2025070900534,59
2025070900534,60
2025070900534,61
2025070900534,62
2025070900534,63
2025070900534,64
2025070900534,66
2025070900534,67
2025070900534,69
2025070900534,70
2025070900534,83
2025070900534,86
2025070900534,90
2025070900534,91
2025070900534,92
2025070900534,93
2025070900534,94
2025070900534,95
2025070900534,98
2025070900534,99
2025070900534,100
2025070900534,101
2025070900534,102
2025070900534,103
2025070900534,104
2025070900534,105
2025070900534,106
2025070900534,107
2025070900534,108
2025070900534,109
2025070900534,111
2025070900534,114
2025070900580,171
2025070900580,172
2025070900580,173
2025070900580,174
2025070900580,175
2025070900580,176
2025070900580,177
2025070900580,178
2025070900580,179
2025070900580,180
2025070900580,183
2025070900580,184
2025070900580,185
2025070900580,186
2025070900580,187
2025070900581,75
2025070900581,76
2025070900581,78
2025070900581,79
2025070900581,117
2025070900581,118
2025070900581,120
2025070900581,121
2025070900581,124
2025070900582,9
2025070900582,10
2025070900582,11
2025070900582,12
2025070900582,13
2025070900582,14
2025070900582,15
2025070900582,16
2025070900582,17
2025070900582,18
2025070900582,21
2025070900582,22
2025070900582,23
2025070900582,24
2025070900582,25
2025070900582,26
2025070900582,44
2025070900582,45
2025070900582,46
2025070900582,47
2025070900582,48
2025070900582,49
2025070900582,50
2025070900582,51
2025070900582,52
2025070900582,53
2025070900582,54
2025070900582,55
2025070900582,56
2025070900582,57
2025070900582,58
2025070900582,59
2025070900582,60
2025070900582,61
2025070900582,62
2025070900582,63
2025070900582,64
2025070900582,66
2025070900582,67
2025070900582,69
2025070900582,70
2025070900582,83
2025070900582,86
2025070900582,90
2025070900582,91
2025070900582,92
2025070900582,93
2025070900582,94
2025070900582,95
2025070900582,98
2025070900582,99
2025070900582,100
2025070900582,101
2025070900582,102
2025070900582,103
2025070900582,104
2025070900582,105
2025070900582,106
2025070900582,107
2025070900582,108
2025070900582,109
2025070900582,111
2025070900582,114
2025071000372,33
2025071000372,72
2025071000372,73
2025071000372,75
2025071000372,76
2025071000372,78
2025071000372,79
2025071000372,117
2025071000372,118
2025071000372,119
2025071000372,120
2025071000372,121
2025071000372,124
2025071000372,125
2025071000372,132
2025071000372,162
2025071000414,177
2025071000414,178
2025071000414,179
2025071000414,183
2025071000414,184
2025071000414,185
2025071000414,186
2025071000414,187
2025071000416,8
2025071000416,12
2025071000416,13
2025071000416,14
2025071000416,15
2025071000416,16
2025071000416,17
2025071000416,24
2025071000416,38
2025071000416,41
2025071000416,44
2025071000416,45
2025071000416,46
2025071000416,47
2025071000416,48
2025071000416,49
2025071000416,50
2025071000416,51
2025071000416,52
2025071000416,53
2025071000416,54
2025071000416,55
2025071000416,57
2025071000416,58
2025071000416,59
2025071000416,60
2025071000416,61
2025071000416,62
2025071000416,69
2025071000416,90
2025071000416,91
2025071000416,92
2025071000416,93
2025071000416,94
2025071000416,95
2025071000416,96
2025071000416,97
2025071000416,98
2025071000416,99
2025071000416,100
2025071000416,101
2025071000416,102
2025071000416,103
2025071000416,104
2025071000416,105
2025071000416,106
2025071000416,108
2025071000416,109
2025071000416,111
2025071000416,112
2025071000416,136
2025071000444,33
2025071000444,72
2025071000444,73
2025071000444,75
2025071000444,76
2025071000444,78
2025071000444,79
2025071000444,117
2025071000444,118
2025071000444,119
2025071000444,120
2025071000444,121
2025071000444,124
2025071000444,125
2025071000533,30
2025071000533,31
2025071000533,33
2025071000533,34
2025071000533,72
2025071000533,73
2025071000533,75
2025071000533,76
2025071000533,78
2025071000533,79
2025071000533,117
2025071000533,118
2025071000533,120
2025071000533,121
2025071000533,124
2025071000533,125
2025071000534,30
2025071000534,31
2025071000534,33
2025071000534,34
2025071000534,72
2025071000534,73
2025071000534,75
2025071000534,76
2025071000534,78
2025071000534,79
2025071000534,117
2025071000534,118
2025071000534,120
2025071000534,121
2025071000534,124
2025071000534,125
2025071000579,165
2025071000579,166
2025071000579,169
2025071000579,170
2025071000579,177
2025071000579,178
2025071000581,13
2025071000581,14
2025071000581,16
2025071000581,17
2025071000581,24
2025071000581,25
2025071000581,26
2025071000581,46
2025071000581,47
2025071000581,49
2025071000581,50
2025071000581,52
2025071000581,53
2025071000581,54
2025071000581,55
2025071000581,56
2025071000581,57
2025071000581,58
2025071000581,59
2025071000581,60
2025071000581,61
2025071000581,62
2025071000581,63
2025071000581,64
2025071000581,66
2025071000581,67
2025071000581,68
2025071000581,69
2025071000581,70
2025071000581,71
2025071000581,90
2025071000581,91
2025071000581,92
2025071000581,93
2025071000581,94
2025071000581,95
2025071000581,96
2025071000581,97
2025071000581,98
2025071000581,99
2025071000581,100
2025071000581,101
2025071000581,102
2025071000581,103
2025071000581,104
2025071000581,105
2025071000581,106
2025071000581,107
2025071000581,108
2025071000581,109
2025071000581,110
2025071000581,111
2025071000581,112
2025071000581,114
2025071000581,115
2025071000581,136
2025071000581,137
2025071000581,144
2025071000581,145
2025071000581,146
2025071000581,153
2025071000581,154
2025071100643,8
2025071100643,10
2025071100643,11
2025071100643,12
2025071100643,13
2025071100643,14
2025071100643,15
2025071100643,16
2025071100643,17
2025071100643,18
2025071100643,19
2025071100643,21
2025071100643,22
2025071100643,23
2025071100643,24
2025071100643,25
2025071100643,26
2025071100643,37
2025071100643,38
2025071100643,40
2025071100643,41
2025071100643,44
2025071100643,45
2025071100643,46
2025071100643,47
2025071100643,48
2025071100643,49
2025071100643,50
2025071100643,51
2025071100643,52
2025071100643,53
2025071100643,54
2025071100643,55
2025071100643,56
2025071100643,57
2025071100643,58
2025071100643,59
2025071100643,60
2025071100643,61
2025071100643,62
2025071100643,63
2025071100643,64
2025071100643,66
2025071100643,67
2025071100643,68
2025071100643,69
2025071100643,70
2025071100643,90
2025071100643,91
2025071100643,92
2025071100643,95
2025071100643,99
2025071100643,100
2025071100643,101
2025071100643,102
2025071100643,103
2025071100643,104
2025071100643,105
2025071100643,106
2025071100643,108
2025071100694,159
2025071100694,182
2025071100694,184
2025071100706,8
2025071100706,10
2025071100706,11
2025071100706,12
2025071100706,13
2025071100706,14
2025071100706,15
2025071100706,16
2025071100706,17
2025071100706,18
2025071100706,19
2025071100706,21
2025071100706,22
2025071100706,23
2025071100706,24
2025071100706,25
2025071100706,26
2025071100706,37
2025071100706,38
2025071100706,40
2025071100706,41
2025071100706,44
2025071100706,45
2025071100706,46
2025071100706,47
2025071100706,48
2025071100706,49
2025071100706,50
2025071100706,51
2025071100706,52
2025071100706,53
2025071100706,54
2025071100706,55
2025071100706,56
2025071100706,57
2025071100706,58
2025071100706,59
2025071100706,60
2025071100706,61
2025071100706,62
2025071100706,63
2025071100706,64
2025071100706,66
2025071100706,67
2025071100706,68
2025071100706,69
2025071100706,70
2025071100706,90
2025071100706,91
2025071100706,92
2025071100706,95
2025071100706,99
2025071100706,100
2025071100706,101
2025071100706,102
2025071100706,103
2025071100706,104
2025071100706,105
2025071100706,106
2025071100706,108
2025071100742,159
2025071100742,160
2025071100742,182
2025071100742,184
2025071100742,185
2025071100742,186
2025071100742,187
2025071700525,40
2025071700525,41
2025071700525,43
2025071700525,44
2025071700525,48
2025071700525,51
2025071700525,52
2025071700525,53
2025071700525,60
2025071700525,61
2025071700525,82
2025071700525,83
2025071700525,84
2025071700525,85
2025071700525,86
2025071700525,87
2025071700525,88
2025071700525,89
2025071700525,90
2025071700525,91
2025071700525,92
2025071700525,93
2025071700525,94
2025071700525,95
2025071700525,96
2025071700525,97
2025071700525,98
2025071700525,99
2025071700525,100
2025071700525,101
2025071700525,102
2025071700525,103
2025071700525,104
2025071700525,105
2025071700525,106
2025071700525,107
2025071700525,126
2025071700525,127
2025071700525,128
2025071700525,129
2025071700525,130
2025071700525,131
2025071700525,132
2025071700525,133
2025071700525,134
2025071700525,135
2025071700525,136
2025071700525,137
2025071700525,138
2025071700525,139
2025071700525,140
2025071700525,141
2025071700525,142
2025071700525,143
2025071700525,144
2025071700525,145
2025071700525,146
2025071700525,147
2025071700525,148
2025071700525,150
2025071700525,151
2025071700525,164
2025071700525,171
2025071700525,172
2025071700525,173
2025071700525,180
2025071700525,181
2025071700525,183
2025071700525,184
2025071700526,11
2025071700526,18
2025071700526,19
2025071800301,1
2025071800301,2
2025071800301,4
2025071800301,5
2025071800301,8
2025071800301,9
2025071800301,10
2025071800301,11
2025071800301,12
2025071800301,13
2025071800301,14
2025071800301,15
2025071800301,16
2025071800301,18
2025071800301,19
2025071800301,21
2025071800302,30
2025071800302,33
2025071800302,34
2025071800302,72
2025071800302,73
2025071800302,75
2025071800302,76
2025071800302,77
2025071800302,78
2025071800302,79
2025071800302,80
2025071800302,87
2025071800302,117
2025071800302,118
2025071800302,119
2025071800302,120
2025071800302,121
2025071800302,126
2025071800417,75
2025071800417,76
2025071800417,77
2025071800417,78
2025071800417,79
2025071800417,80
2025071800417,81
2025071800417,82
2025071800417,83
2025071800417,84
2025071800417,85
2025071800417,86
2025071800417,87
2025071800417,88
2025071800417,89
2025071800417,90
2025071800417,91
2025071800417,93
2025071800417,94
2025071800417,96
2025071800417,97
2025071800417,117
2025071800417,118
2025071800417,119
2025071800417,120
2025071800417,121
2025071800417,124
2025071800417,125
2025071800417,126
2025071800417,127
2025071800417,128
2025071800417,129
2025071800417,130
2025071800417,131
2025071800417,132
2025071800417,133
2025071800417,134
2025071800417,135
2025071800417,136
2025071800417,138
2025071800417,139
2025071800417,141
2025071800417,142
2025071800417,143
2025071800417,162
2025071800417,163
2025071800417,164
2025071800417,165
2025071800417,166
2025071800417,167
2025071800417,171
2025071800417,172
2025071800417,173
2025071800417,174
2025071800417,175
2025071800417,176
2025071800419,112
2025071800419,113
2025071800419,114
2025071800419,115
2025071800419,116
2025071800419,153
2025071800419,154
2025071800419,155
2025071800419,156
2025071800419,157
2025071800419,158
2025071800419,159
2025071800419,160
2025071800421,9
2025071800421,10
2025071800421,11
2025071800421,13
2025071800421,14
2025071800421,16
2025071800421,17
2025071800421,18
2025071800421,19
2025071800421,21
2025071800421,22
2025071800421,23
2025071800421,24
2025071800421,25
2025071800421,26
2025071800421,46
2025071800461,75
2025071800461,76
2025071800461,77
2025071800461,78
2025071800461,79
2025071800461,80
2025071800461,81
2025071800461,82
2025071800461,83
2025071800461,84
2025071800461,85
2025071800461,86
2025071800461,87
2025071800461,88
2025071800461,89
2025071800461,90
2025071800461,91
2025071800461,93
2025071800461,94
2025071800461,96
2025071800461,97
2025071800461,117
2025071800461,118
2025071800461,119
2025071800461,120
2025071800461,121
2025071800461,124
2025071800461,125
2025071800461,126
2025071800461,127
2025071800461,128
2025071800461,129
2025071800461,130
2025071800461,131
2025071800461,132
2025071800461,133
2025071800461,134
2025071800461,135
2025071800461,136
2025071800461,138
2025071800461,139
2025071800461,141
2025071800461,142
2025071800461,143
2025071800461,162
2025071800461,163
2025071800461,164
2025071800461,165
2025071800461,166
2025071800461,167
2025071800461,169
2025071800461,171
2025071800461,172
2025071800461,173
2025071800461,174
2025071800461,175
2025071800461,176
2025071800463,162
2025071800463,163
2025071800463,164
2025071800463,165
2025071800463,166
2025071800463,167
2025071800463,169
2025071800463,170
2025071800463,171
2025071800463,174
2025071800463,175
2025071800463,177
2025071800463,178
2025071800465,9
2025071800465,10
2025071800465,11
2025071800465,13
2025071800465,14
2025071800465,16
2025071800465,17
2025071800465,18
2025071800465,19
2025071800465,21
2025071800465,22
2025071800465,23
2025071800465,24
2025071800465,25
2025071800465,26
2025071800465,46
2025071900458,1
2025071900458,2
2025071900458,3
2025071900458,4
2025071900458,5
2025071900458,6
2025071900458,7
2025071900458,8
2025071900458,9
2025071900458,10
2025071900458,11
2025071900458,12
2025071900458,13
2025071900458,14
2025071900458,15
2025071900458,18
2025071900458,19
2025071900458,36
2025071900458,37
2025071900462,62
2025071900462,69
2025071900462,93
2025071900462,94
2025071900462,95
2025071900462,96
2025071900462,97
2025071900462,98
2025071900462,99
2025071900462,100
2025071900462,101
2025071900462,102
2025071900462,103
2025071900462,104
2025071900462,105
2025071900462,106
2025071900462,107
2025071900462,108
2025071900462,109
2025071900462,111
2025071900462,112
2025071900462,114
2025071900462,115
2025071900462,116
2025071900462,135
2025071900462,136
2025071900462,137
2025071900462,139
2025071900462,140
2025071900462,142
2025071900462,143
2025071900462,144
2025071900462,145
2025071900462,146
2025071900462,147
2025071900462,148
2025071900462,149
2025071900462,150
2025071900462,151
2025071900462,152
2025071900462,153
2025071900462,154
2025071900462,155
2025071900462,156
2025071900462,157
2025071900462,158
2025071900462,159
2025071900462,160
2025071900462,172
2025071900462,173
2025071900462,176
2025071900462,179
2025071900462,180
2025071900462,181
2025071900462,182
2025071900462,183
2025071900462,184
2025071900462,185
2025071900462,186
2025071900462,187
2025071900463,33
2025071900463,72
2025071900463,73
2025071900463,75
2025071900463,76
2025071900463,78
2025071900463,79
2025071900463,80
2025071900463,117
2025071900463,118
2025071900463,119
2025071900463,120
2025071900463,121
2025071900463,124
2025071900463,125
2025071900463,132
2025072000314,64
2025072000314,67
2025072000314,68
2025072000314,70
2025072000314,71
2025072000314,109
2025072000314,110
2025072000314,112
2025072000314,113
2025072000330,1
2025072000330,2
2025072000330,3
2025072000330,4
2025072000330,5
2025072000330,6
2025072000330,7
2025072000330,8
2025072000330,9
2025072000330,12
2025072000330,15
2025072000330,28
2025072000330,29
2025072000330,30
2025072000330,31
2025072000330,32
2025072000330,33
2025072000330,36
2025072000330,37
2025072000330,38
2025072000330,39
2025072000330,40
2025072000330,41
2025072000330,45
2025072000330,46
2025072000330,48
2025072000330,49
2025072000361,64
2025072000361,67
2025072000361,68
2025072000361,70
2025072000361,71
2025072000361,109
2025072000361,110
2025072000361,112
2025072000361,113
2025072000377,1
2025072000377,2
2025072000377,3
2025072000377,4
2025072000377,5
2025072000377,6
2025072000377,7
2025072000377,8
2025072000377,9
2025072000377,12
2025072000377,15
2025072000377,28
2025072000377,29
2025072000377,30
2025072000377,31
2025072000377,32
2025072000377,33
2025072000377,36
2025072000377,37
2025072000377,38
2025072000377,39
2025072000377,40
2025072000377,41
2025072000377,45
2025072000377,46
2025072000377,48
2025072000377,49
2025072000383,88
2025072000383,89
2025072000383,96
2025072000383,97
2025072000383,127
2025072000383,128
2025072000383,130
2025072000383,131
2025072000383,133
2025072000383,134
2025072000383,135
2025072000383,136
2025072000383,137
2025072000383,138
2025072000383,139
2025072000383,140
2025072000383,141
2025072000383,142
2025072000383,143
2025072000383,144
2025072000383,145
2025072000383,146
2025072000383,147
2025072000383,148
2025072000383,149
2025072000383,150
2025072000383,151
2025072000383,152
2025072000383,163
2025072000383,164
2025072000383,166
2025072000383,167
2025072000383,169
2025072000383,170
2025072000383,171
2025072000383,172
2025072000383,173
2025072000383,174
2025072000383,175
2025072000383,176
2025072000383,177
2025072000383,178
2025072000383,179
2025072000383,180
2025072000383,181
2025072000383,182
2025072000383,183
2025072000383,184
2025072000383,185
2025072000383,186
2025072000383,187
2025072100391,51
2025072100391,52
2025072100391,53
2025072100391,60
2025072100391,61
2025072100391,62
2025072100391,69
2025072100391,70
2025072100391,86
2025072100391,89
2025072100391,90
2025072100391,91
2025072100391,92
2025072100391,93
2025072100391,94
2025072100391,95
2025072100391,96
2025072100391,97
2025072100391,98
2025072100391,99
2025072100391,100
2025072100391,101
2025072100391,102
2025072100391,103
2025072100391,104
2025072100391,105
2025072100391,106
2025072100391,107
2025072100391,108
2025072100391,109
2025072100391,111
2025072100391,112
2025072100391,114
2025072100391,115
2025072100391,128
2025072100391,131
2025072100391,134
2025072100391,135
2025072100391,136
2025072100391,137
2025072100391,138
2025072100391,139
2025072100391,140
2025072100391,141
2025072100391,142
2025072100391,143
2025072100391,144
2025072100391,145
2025072100391,146
2025072100391,147
2025072100391,148
2025072100391,149
2025072100391,150
2025072100391,151
2025072100391,152
2025072100391,153
2025072100391,156
2025072100391,159
2025072100391,164
2025072100391,171
2025072100391,173
2025072100391,180
2025072100391,181
2025072100391,182
2025072100392,1
2025072100392,2
2025072100392,3
2025072100392,4
2025072100392,5
2025072100392,9
2025072100392,10
2025072100392,12
2025072100392,13
2025072100393,51
2025072100393,52
2025072100393,53
2025072100393,60
2025072100393,61
2025072100393,62
2025072100393,69
2025072100393,86
2025072100393,89
2025072100393,90
2025072100393,91
2025072100393,92
2025072100393,93
2025072100393,94
2025072100393,95
2025072100393,96
2025072100393,97
2025072100393,98
2025072100393,99
2025072100393,100
2025072100393,101
2025072100393,102
2025072100393,103
2025072100393,104
2025072100393,105
2025072100393,106
2025072100393,107
2025072100393,108
2025072100393,109
2025072100393,111
2025072100393,112
2025072100393,114
2025072100393,115
2025072100393,128
2025072100393,131
2025072100393,134
2025072100393,135
2025072100393,136
2025072100393,137
2025072100393,138
2025072100393,139
2025072100393,140
2025072100393,141
2025072100393,142
2025072100393,143
2025072100393,144
2025072100393,145
2025072100393,146
2025072100393,147
2025072100393,148
2025072100393,149
2025072100393,150
2025072100393,151
2025072100393,152
2025072100393,153
2025072100393,156
2025072100393,159
2025072100393,164
2025072100393,171
2025072100393,172
2025072100393,173
2025072100393,180
2025072100393,181
2025072100393,182
2025072100393,185
2025072100433,1
2025072100433,2
2025072100433,3
2025072100433,4
2025072100433,5
2025072100433,9
2025072100433,10
2025072100433,12
2025072100433,13
2025072100435,51
2025072100435,52
2025072100435,53
2025072100435,60
2025072100435,61
2025072100435,62
2025072100435,69
2025072100435,86
2025072100435,89
2025072100435,90
2025072100435,91
2025072100435,92
2025072100435,93
2025072100435,94
2025072100435,95
2025072100435,96
2025072100435,97
2025072100435,98
2025072100435,99
2025072100435,100
2025072100435,101
2025072100435,102
2025072100435,103
2025072100435,104
2025072100435,105
2025072100435,106
2025072100435,107
2025072100435,108
2025072100435,109
2025072100435,111
2025072100435,112
2025072100435,114
2025072100435,115
2025072100435,128
2025072100435,131
2025072100435,134
2025072100435,135
2025072100435,136
2025072100435,137
2025072100435,138
2025072100435,139
2025072100435,140
2025072100435,141
2025072100435,142
2025072100435,143
2025072100435,144
2025072100435,145
2025072100435,146
2025072100435,147
2025072100435,148
2025072100435,149
2025072100435,150
2025072100435,151
2025072100435,152
2025072100435,153
2025072100435,156
2025072100435,159
2025072100435,164
2025072100435,171
2025072100435,172
2025072100435,173
2025072100435,180
2025072100435,181
2025072100435,182
2025072100435,185
2025072100475,1
2025072100475,2
2025072100475,3
2025072100475,4
2025072100475,5
2025072100475,9
2025072100475,10
2025072100475,12
2025072100475,13
2025072200400,124
2025072200400,125
2025072200400,162
2025072200400,165
2025072200401,17
2025072200401,21
2025072200401,22
2025072200401,24
2025072200401,25
2025072200401,26
2025072200401,54
2025072200401,55
2025072200401,56
2025072200401,57
2025072200401,58
2025072200401,59
2025072200401,61
2025072200401,63
2025072200401,66
2025072200401,70
2025072200401,71
2025072200401,104
2025072200401,107
2025072200401,108
2025072200401,109
2025072200401,110
2025072200401,111
2025072200401,112
2025072200401,113
2025072200401,114
2025072200437,1
2025072200437,2
2025072200437,3
2025072200437,4
2025072200437,5
2025072200437,6
2025072200437,7
2025072200437,8
2025072200437,9
2025072200437,12
2025072200437,15
2025072200437,16
2025072200437,28
2025072200437,29
2025072200437,30
2025072200437,31
2025072200437,32
2025072200437,33
2025072200437,34
2025072200437,35
2025072200437,36
2025072200437,37
2025072200437,38
2025072200437,39
