ssObjectId,rate,helio,topo,ra,dec,ndet,rabin,decbin
20890967136548172,1.0905969174285122,1.3748564264398784,0.380147605329056,305.8161632448561,-18.403621330153694,2,305,-20
20892066547511374,1.7051311049771423,1.1165991904000827,0.13675001548062565,318.67473590961674,-20.019509890470697,2,315,-25
20892066631594561,1.0856676642533984,1.11780111950693,0.14483557986233023,314.2345077250944,-18.221913746802407,1,310,-20
21163607132026970,1.627079907993664,1.0177174751832996,0.19988742094985862,61.41427623625912,-50.28758834284828,1,60,-55
21163615955464274,0.4261613637613547,1.2240858360451454,0.2961678299929169,297.39456480746014,-17.7243348325269,3,295,-20
21163624528687190,1.3106224985834058,1.2811089528090027,0.41526047670555893,302.72655439774144,-19.804984908687622,1,300,-20
21163628739769165,1.3013826343996184,1.2408622872632158,0.3689625580410284,11.141857873643255,-42.49911865662844,56,10,-45
21163637329769541,1.1380355720068995,1.4655004827403142,0.4991706769270465,314.87211702098756,-19.40733177868485,3,310,-20
21163645836079173,0.9228675127757904,1.2511374132431836,0.23654590654620247,284.10833635483687,-16.30857953561171,1,280,-20
21164706676224599,1.413764992874751,1.208407339447533,0.5525811685325244,56.87058637280659,-49.9883699860544,3,55,-50
21164710970798661,0.9607914812008054,1.2675212314713946,0.44690707193052187,9.614617741588733,-45.80891210500555,2,5,-50
21164715349717827,0.8560282940686496,1.2793796557002302,0.47166831131730896,323.24721770980165,-14.556824637923382,5,320,-15
21164715399983185,0.9703524765163934,1.1484147752075522,0.16410010249867887,324.7336154935918,-21.08111018705092,1,320,-25
21164715416761927,1.6192732005612707,1.2906761120442212,0.2823810555482489,308.1292318077342,-16.67780838943628,13,305,-20
21164719778837581,0.7984728589074952,1.2320833251124683,0.22917880294163864,307.5656533305652,-18.583905599611857,11,305,-20
21164724157689924,0.7332842701963196,1.1324170827206348,0.1198931783527404,303.33145141296416,-17.0730293421011,32,300,-20
21164728234553921,0.4654246266534113,1.1298520502693912,0.2349854989215852,323.2687075401992,-14.674713233330838,13,320,-15
21164732529520724,2.476753458198838,1.0077542267290645,0.08900196167677302,63.752051205515485,-47.77225524594822,2,60,-50
21164736874950724,0.3147930876374262,1.2649346826832724,0.2556147918657893,285.6513295349062,-19.659314187417536,5,285,-20
21164736908571985,1.1530935884815587,1.0577126345002155,0.2681861313377333,57.7401456361887,-47.9363837186339,4,55,-50
21164740951684421,0.5117310532168179,1.1664431958723205,0.16033092181994338,310.58429441599407,-14.334018150040148,7,310,-15
21164741186695748,2.006025634022062,1.202541671011947,0.18694046361014144,296.16110449561324,-16.36163179286703,5,295,-20
21164745447978327,5.064134310012702,1.0785214027038907,0.06531564376802537,302.61875607144765,-16.169294672413454,3,300,-20
21165810599866456,0.6047283328596715,1.1513983365080631,0.1358143513888566,289.27025608919973,-19.0824045096198,18,285,-20
21165810633421130,0.22989576221705377,1.153831576685254,0.14120360363504963,313.2502898743943,-14.647593066536508,16,310,-15
21165810666975566,0.8542585541863134,1.080329261774561,0.2908077543038229,58.54431363192058,-49.4018903073435,3,55,-50
21165810700531777,2.6440142106632525,1.0399970938768737,0.2155015825817031,149.4272694945153,0.4845215535275545,32,145,0
21165814911612496,0.5399481643226598,1.2937582544361232,0.30966039296774306,297.92696719538674,-19.669060376091522,3,295,-20
21165814945166923,0.6684170431099483,1.2865106069366685,0.36269323006194965,315.8294406567877,-13.942317608407226,3,315,-15
21165814978850893,0.7695286638382169,1.2130358200107505,0.25150920318406866,186.1560850342572,6.417977237945804,27,185,5
21165814978918220,0.6990352577860732,1.2017558674373212,0.6672532045199481,149.97840349696577,1.1426827315177226,117,145,0
21165819307241807,0.10582868526857156,1.2395701092406943,0.6733331820681979,64.89071796422598,-48.14673815952787,14,60,-50
21165827612291156,0.4468062835448441,1.1911800203310343,0.19860891115958962,320.0137093065689,-17.705660648156694,24,320,-20
21165827645519189,0.05584992757891236,1.1942199729048149,0.1908323645420117,312.62939412153696,-18.906279286071715,29,310,-20
21165827645651034,1.239232702032896,1.1459581565351633,0.17036093696013727,188.66723544130528,8.662936299619812,84,185,5
21165827679138374,1.8483012107464794,1.006053476066852,0.17621834231831432,148.85654835982467,2.7349933828569637,91,145,0
21165827729404497,3.5554082281447235,1.0837594251600675,0.07641755014873813,300.9581103252076,-16.65937521020089,1,300,-20
21165827762958422,2.3458539907983758,1.0710612522892025,0.05508190601712257,295.63256119707285,-18.103582541465443,12,295,-20
21165827762958666,0.652412710904624,1.273455457202169,0.2684254311233306,303.3851707060613,-20.889748734465705,16,300,-25
21165827762958924,0.11292470796760418,1.172437225332963,0.15824765779928474,313.9807626557292,-13.571494269169676,2,310,-15
21165827763155538,0.6341737520130878,1.263718067968533,0.29826343995120247,187.9041692839562,7.134102061736247,28,185,5
21165827763156053,0.39710599522040557,1.2518630716547245,0.2862101994277353,185.76258814477205,9.169934119132476,7,185,5
21165827763484762,1.4741745142572327,1.107389874695499,0.1027081385796144,300.0434286099064,-14.839714932731376,1,300,-15
21165827763484994,0.975487491858871,1.265369664987367,0.3229155919274316,318.0141457106318,-19.02953155890196,1,315,-20
21165827763484998,6.227956496400486,1.0659726709458353,0.06912636833714729,318.71053143676716,-20.19102287660105,2,315,-25
21165827763484999,3.05485892610269,1.0952827137080856,0.11680091434413835,323.2951428040685,-19.111974862996053,1,320,-20
21165827763548504,1.2470743874097676,1.3278952144616474,0.3221954670341291,298.2304303215937,-18.028060348673215,4,295,-20
21165827763550544,0.842395594615955,1.253262751036366,0.24483117668494797,301.8015827139443,-20.225873406566095,13,300,-25
21165827779735620,3.1513537898007717,1.1080584236071964,0.1010705177096233,308.5267311910829,-19.867617115484904,2,305,-20
21165827779735623,1.0479009110338635,1.1433204568437023,0.1477995429280209,323.0697197758715,-18.86519544627138,8,320,-20
21165827779735627,1.1760562897737334,1.1345495931082938,0.1253661767757411,302.1174625035694,-15.749897620479295,2,300,-20
21165827779735633,0.7584950592825548,1.2269007044014877,0.2161517135416796,313.815967661105,-15.492353610356533,16,310,-20
21165827779735636,3.2594103895347706,1.0954275303809786,0.08154622398449493,300.0238706991955,-17.52133400519254,6,300,-20
21165827779735874,1.666517356045856,1.189131348199266,0.20545350741318358,324.2825549288475,-14.36761946797585,4,320,-15
21165827779735882,1.1136416375613611,1.1884256338922834,0.18273480597449973,323.4014077499089,-17.63931186571054,9,320,-20
21165827779735893,1.0456167345958212,1.4954806366273155,0.4888906513299243,312.00415044688424,-17.962180518694925,7,310,-20
21165827779737690,0.4638026233695574,1.2370623680296533,0.2242944041732295,313.0765165932708,-19.998653439935836,5,310,-20
21165827779737921,0.2595792839557482,1.2671688407398252,0.2648370777495291,309.0112315624328,-16.474620566560432,22,305,-20
21165827796513092,0.32085807976896297,1.182611365920609,0.19682416800789337,321.04679882546264,-15.564887170830836,5,320,-20
21165827796513113,3.277580452573119,1.0805486650567522,0.06603833359301393,289.3501315434329,-18.2935509387584,4,285,-20
21165827796513626,1.2459105068723486,1.1330782291475232,0.11775329747797096,302.3180854687757,-14.900763071342787,7,300,-15
21165827796513869,2.0470069542877347,1.0835506568277835,0.07152524811419257,308.7331482247613,-17.587898507106235,6,305,-20
21165827796513872,0.6609800233401881,1.20642772849299,0.196234380813537,315.7125968655823,-14.346506732970756,2,315,-15
21165827796514647,1.2717012987749383,1.1642654677448037,0.1494443700983128,303.29463472792065,-19.221056792657322,2,300,-20
21165827796514649,0.6489987417987132,1.168371101971092,0.155467360967679,322.24598406167775,-14.588634892749985,5,320,-15
21165827796515150,0.33242418937973073,1.2044647551495253,0.19216926075637925,324.53081149202103,-14.995607731210766,2,320,-15
21165827796515155,0.724740354101544,1.2271245278429952,0.22720250784997434,314.6413859763562,-18.06327146128965,8,310,-20
21165827796515158,1.7555979867127007,1.1170359426819072,0.10231026331142933,310.7439818009497,-18.975798835633206,6,310,-20
21165827796515159,0.1921915859389409,1.234881697197091,0.22574202725622552,283.5974878192044,-14.457078804710749,1,280,-15
21165827796578380,0.9851970971639776,1.1012815306201809,0.08583518753204349,308.51641761394336,-19.095936655145017,2,305,-20
21165827796578636,2.6296830209910547,1.1071895625887531,0.09171415925348353,302.7399649572658,-14.931859982292407,3,300,-15
21165827796578900,0.3808653931127851,1.2500626436018465,0.23453251912555717,291.82001162891584,-21.132927388604337,2,290,-25
21165827796578901,6.414702004546491,1.0343541962565534,0.01915715176263671,314.5356180912776,-15.616418192799532,1,310,-20
21165827796579139,2.0949717176455342,1.1965014001127714,0.18170114748224248,313.0645692120827,-16.91844711788527,2,310,-20
21165827796579652,1.069441417298397,1.2655320036102733,0.342839730707567,9.686480980854107,-45.7979583427774,2,5,-50
21165827796644935,1.0949978295839369,1.2789698879966753,0.2660069476816205,317.8717063609045,-17.698906033442256,6,315,-20
21165827796775748,0.9623993775839346,1.2104708845886178,0.196241760523101,307.724199326737,-21.41475790994491,4,305,-25
21165827813290056,1.0477157917580175,1.2618960630035134,0.27566765028934354,320.90893601702044,-15.553652997394103,6,320,-20
21165827813290330,3.3769820174283125,1.1577347839256529,0.14445212078456543,318.81296921409853,-17.36401487403162,2,315,-20
21165827830068306,0.4432939402358484,1.241275278340427,0.23329730636480234,318.59331239518815,-15.89880821138057,1,315,-20
21165827830068822,0.13613733854067944,1.2183360483385397,0.2106252227111248,290.58251314394806,-17.754570334698418,2,290,-20
21165827830069571,0.9478958961944415,1.1977671672982124,0.3369731243810619,8.74121361946343,-45.62951085943321,4,5,-50
21165827830133583,1.0917302378358285,1.1296888201702202,0.11768350013943014,310.9598743802329,-14.674791905872109,8,310,-15
21165827846844481,1.0670291171430775,1.0821555386208155,0.08405057554586065,287.77899379271105,-21.105116426218494,1,285,-25
21165827846845528,4.235825081599737,1.0217521981915443,0.025247321471023,314.12551616233384,-16.437558188589932,2,310,-20
21165827863621720,0.9305984942249385,1.0783282731713655,0.07733886981812152,318.5080145208352,-21.681570140416557,3,315,-25
21165827863621971,2.473018489699212,1.140828563074222,0.17305016684929886,322.3831160717385,-19.29705506260337,2,320,-20
21165827863688522,4.793270696869101,1.03817914652995,0.052982830937839634,311.47428109037946,-20.706424084702086,2,310,-25
