L_true,dpa,L_meas
6.0,0.88816833,14.039901733398438
6.0,10.733871,12.207196235656738
6.0,13.85643,13.155427932739258
6.0,6.49955,11.78091812133789
6.0,15.802719,11.951787948608398
6.0,17.345673,12.476831436157227
6.0,24.452438,13.340902328491211
6.0,4.778038,12.061812400817871
6.0,17.33963,10.258544921875
6.0,1.6025238,11.544820785522461
6.0,8.712051,14.629144668579102
8.0,6.053589,11.800819396972656
8.0,6.244156,13.453286170959473
8.0,14.806625,13.707610130310059
8.0,23.367264,15.395953178405762
8.0,53.084732,11.278441429138184
8.0,46.964752,14.763731956481934
8.0,19.485481,11.599946975708008
8.0,4.032181,12.057506561279297
8.0,1.7419281,8.96253776550293
8.0,20.448029,37.8191032409668
10.0,21.37268,11.149505615234375
10.0,15.958817,18.52892303466797
10.0,2.8966522,13.447279930114746
10.0,5.267494,14.437280654907227
10.0,11.5698395,15.65999984741211
10.0,10.1362,13.802924156188965
10.0,2.2304077,17.037866592407227
10.0,14.079407,18.13290023803711
10.0,9.693787,12.161330223083496
10.0,4.9267426,13.211392402648926
10.0,1.951477,14.274187088012695
13.0,14.811554,21.305191040039062
13.0,1.7942963,20.093767166137695
13.0,2.0588226,16.77337646484375
13.0,4.5901947,12.88106918334961
13.0,18.241852,17.879484176635742
13.0,8.255745,20.095651626586914
13.0,18.699692,14.098592758178711
13.0,69.79726,15.278748512268066
13.0,1.5352173,16.996810913085938
13.0,1.1776581,22.71026039123535
13.0,6.8358154,16.70781707763672
17.0,3.8917236,21.241085052490234
17.0,4.4254303,27.336931228637695
17.0,5.094757,17.6014404296875
17.0,2.9552307,22.416921615600586
17.0,5.395279,20.098751068115234
17.0,2.9192276,22.026323318481445
17.0,3.3495178,16.364139556884766
17.0,1.5223083,19.093557357788086
17.0,2.6539536,22.084793090820312
17.0,2.7506409,16.692245483398438
17.0,1.9324722,25.507600784301758
17.0,18.879242,13.773528099060059
22.0,3.6875305,33.99522018432617
22.0,1.7772293,28.351219177246094
22.0,1.233017,31.01619529724121
22.0,5.609894,27.666051864624023
22.0,1.8319626,29.479188919067383
22.0,7.53389,22.380889892578125
22.0,2.6501465,31.45163917541504
30.0,1.678627,35.37725067138672
30.0,2.8455734,32.05747985839844
30.0,0.057357788,25.21095848083496
30.0,3.6630936,34.890987396240234
30.0,1.3293686,22.570751190185547
30.0,1.3052673,39.72139358520508
30.0,14.499054,28.116619110107422
30.0,2.0295105,30.445310592651367
30.0,1.4517899,29.527055740356445
6.0,24.554672,13.845742225646973
6.0,28.586533,14.388701438903809
6.0,16.655975,12.040658950805664
6.0,11.204712,11.206294059753418
6.0,0.139328,12.06071949005127
6.0,3.127365,11.32596206665039
6.0,15.139946,11.025423049926758
6.0,17.264648,12.044004440307617
6.0,31.340385,12.050853729248047
6.0,32.97809,12.933262825012207
6.0,29.08319,11.597119331359863
8.0,15.501358,14.116636276245117
8.0,6.79657,11.183649063110352
8.0,8.441177,12.542032241821289
8.0,20.384453,11.803617477416992
8.0,31.358948,19.487567901611328
8.0,0.5042114,15.283103942871094
8.0,6.479065,16.33020782470703
8.0,10.839638,13.424982070922852
8.0,1.7588043,14.629533767700195
8.0,30.98108,14.294129371643066
8.0,4.9832916,13.480842590332031
10.0,29.413353,19.510269165039062
10.0,21.928581,15.091042518615723
10.0,48.143097,25.248750686645508
10.0,19.317383,14.211929321289062
10.0,18.404572,14.812138557434082
10.0,19.935791,15.076397895812988
10.0,1.6435394,13.191479682922363
10.0,7.893608,15.661822319030762
10.0,29.095535,30.829727172851562
10.0,13.151878,13.98708724975586
13.0,6.4130936,19.020015716552734
13.0,17.01889,14.276252746582031
13.0,4.563553,19.80673599243164
13.0,0.86586,18.304542541503906
13.0,5.2462006,20.23136329650879
13.0,0.23742676,17.914287567138672
13.0,11.141098,8.314555168151855
13.0,3.3234482,16.529571533203125
17.0,0.3300705,27.240995407104492
17.0,66.270584,19.60038185119629
17.0,10.648491,23.714696884155273
17.0,4.239723,24.188465118408203
17.0,2.365471,29.49268913269043
17.0,22.752037,13.196223258972168
17.0,0.06768799,21.842750549316406
17.0,0.9883499,20.11515998840332
17.0,7.892868,19.261295318603516
17.0,7.6383057,19.262632369995117
22.0,3.9743805,28.32634735107422
22.0,2.4357986,24.532588958740234
22.0,0.5692749,32.55083465576172
22.0,11.344269,21.049890518188477
22.0,21.418068,26.84139633178711
22.0,4.6617126,26.099849700927734
22.0,8.580238,33.00687789916992
22.0,0.045043945,30.378978729248047
22.0,9.818802,34.232208251953125
30.0,3.5211105,24.584217071533203
30.0,2.4036713,45.43434524536133
30.0,4.4819336,30.073383331298828
30.0,4.917938,27.84636116027832
30.0,0.54956055,37.81889724731445
30.0,3.2937012,33.0680046081543
6.0,13.21357,10.706050872802734
6.0,23.249046,11.997625350952148
6.0,7.8791046,15.656583786010742
6.0,54.381226,12.062253952026367
6.0,28.521637,13.986172676086426
6.0,32.05722,11.202598571777344
6.0,15.390427,16.017929077148438
6.0,4.324402,10.636404991149902
6.0,12.908112,12.041130065917969
6.0,27.015175,11.988430976867676
6.0,65.38569,13.771025657653809
6.0,35.595688,10.0
8.0,11.389206,11.803525924682617
8.0,7.8535156,11.588373184204102
8.0,21.03859,12.23690414428711
8.0,10.267761,16.61429786682129
8.0,10.009476,22.38410186767578
8.0,6.01783,12.890254020690918
8.0,41.11136,11.214401245117188
8.0,68.12207,12.53186321258545
8.0,5.580658,17.389741897583008
8.0,39.84543,11.071043968200684
8.0,21.777359,22.305686950683594
10.0,39.236923,17.030946731567383
10.0,5.1084595,13.417762756347656
10.0,10.822586,15.66190242767334
10.0,0.6953125,16.138076782226562
10.0,18.158463,14.295547485351562
10.0,3.197525,17.016517639160156
10.0,3.4228058,13.21494197845459
10.0,29.48605,23.1999568939209
10.0,1.3000488,16.756446838378906
10.0,13.518356,14.572394371032715
10.0,7.5392,23.439748764038086
10.0,3.8357086,13.853691101074219
13.0,42.076496,17.000892639160156
13.0,4.114067,17.414518356323242
13.0,1.2371216,16.96810531616211
13.0,11.533623,21.46148681640625
13.0,0.85517883,19.224332809448242
13.0,7.7512817,12.060606956481934
13.0,1.6365585,16.02943229675293
17.0,9.068878,30.570070266723633
17.0,5.630066,19.015090942382812
17.0,11.566017,17.15284538269043
17.0,5.6944504,19.19886016845703
17.0,2.3375168,17.3411922454834
17.0,11.329529,22.124290466308594
17.0,1.7601471,18.27120590209961
17.0,7.359955,22.019041061401367
22.0,14.445847,18.080806732177734
22.0,3.2156982,25.539003372192383
22.0,4.1158066,20.03164291381836
22.0,18.076714,25.82599449157715
22.0,1.5190201,27.439393997192383
22.0,0.020713806,30.429443359375
22.0,2.3578415,34.84007263183594
22.0,8.918747,30.920013427734375
22.0,2.1405258,24.146873474121094
22.0,0.30929565,34.46929931640625
30.0,6.6164093,28.35121726989746
30.0,4.566574,35.34590148925781
30.0,6.45076,36.01017761230469
30.0,4.241394,28.697399139404297
30.0,0.840744,28.96963882446289
30.0,1.3864365,33.04267501831055
30.0,0.36345673,26.4550838470459
30.0,5.0025787,26.188884735107422
6.0,15.658081,13.868735313415527
6.0,44.11371,12.896008491516113
6.0,28.918777,11.615546226501465
6.0,1.5406342,11.254408836364746
6.0,14.799652,11.95375919342041
6.0,32.146732,14.777013778686523
6.0,16.547958,12.14846134185791
6.0,21.993431,10.168883323669434
6.0,16.317398,9.0
6.0,31.233597,11.210845947265625
6.0,5.034996,11.571800231933594
8.0,11.8383255,14.811795234680176
8.0,48.09439,10.216534614562988
8.0,14.46196,11.039368629455566
8.0,15.380058,13.181631088256836
8.0,19.166382,11.796614646911621
8.0,7.236603,16.031496047973633
8.0,2.411621,13.841394424438477
8.0,40.034645,11.611753463745117
8.0,11.545746,11.790977478027344
8.0,3.1653442,14.159588813781738
8.0,16.905731,15.401677131652832
8.0,3.4671783,12.898185729980469
10.0,1.6382523,13.438750267028809
10.0,10.472382,15.704696655273438
10.0,2.1919098,15.237943649291992
10.0,85.191605,12.319197654724121
10.0,4.4732513,19.64446449279785
10.0,3.8869934,12.485280990600586
10.0,11.36338,12.23893928527832
10.0,2.695053,13.459712028503418
10.0,61.06111,18.040061950683594
10.0,13.888809,14.439932823181152
10.0,15.009171,15.061544418334961
10.0,2.5416718,15.561004638671875
13.0,0.49762726,18.233579635620117
13.0,1.551117,18.29201316833496
13.0,2.070198,28.40666389465332
13.0,15.705154,14.797673225402832
13.0,14.093636,18.127763748168945
13.0,3.3437805,18.99381446838379
13.0,3.46521,14.757208824157715
13.0,7.434723,15.385221481323242
13.0,15.285721,15.044584274291992
13.0,7.9384537,15.093262672424316
13.0,0.3965454,17.038393020629883
13.0,4.0642014,16.29258918762207
17.0,0.510376,22.017118453979492
17.0,0.9636688,25.520980834960938
17.0,29.597641,13.27061653137207
17.0,2.0665817,21.249692916870117
17.0,4.578308,21.253379821777344
17.0,2.4683914,23.235191345214844
17.0,1.8911972,14.190422058105469
17.0,1.1639404,20.383358001708984
17.0,9.945183,25.557662963867188
22.0,0.34498596,26.022249221801758
22.0,1.8679199,26.360198974609375
22.0,19.9758,31.830780029296875
22.0,1.1745605,30.624765396118164
22.0,1.1961441,30.627052307128906
22.0,10.002762,18.40662956237793
22.0,1.2658997,28.04878807067871
22.0,12.03038,30.902456283569336
22.0,19.296387,17.331682205200195
22.0,0.44705963,21.852943420410156
22.0,0.75190735,31.890565872192383
30.0,0.38549805,33.96052551269531
30.0,0.62999725,29.17935562133789
30.0,45.49524,42.61520004272461
30.0,1.6720505,43.805870056152344
30.0,0.9857483,28.758270263671875
30.0,0.40625763,34.54396057128906
30.0,1.8476105,35.89030838012695
30.0,1.4523621,40.0820198059082
30.0,2.9026566,42.860626220703125
30.0,14.460541,17.030248641967773
6.0,15.769287,13.98788833618164
6.0,11.779488,12.083637237548828
6.0,13.5145035,13.364620208740234
6.0,7.1524277,12.06223201751709
6.0,14.354919,12.049116134643555
6.0,32.572548,10.068904876708984
6.0,29.122635,11.371538162231445
6.0,34.960938,12.156659126281738
6.0,8.931549,11.205738067626953
6.0,49.738922,11.02889633178711
6.0,10.683067,11.973567962646484
6.0,62.4814,10.363961219787598
8.0,8.082443,12.594367980957031
8.0,8.635132,12.943933486938477
8.0,12.776154,12.062244415283203
8.0,19.069077,13.038686752319336
8.0,8.428642,18.301631927490234
8.0,1.0983734,12.868959426879883
8.0,7.7397842,12.541535377502441
8.0,9.230469,13.382187843322754
8.0,4.0942383,13.215374946594238
8.0,3.5677032,14.295557022094727
8.0,20.16658,12.237521171569824
8.0,4.005951,11.809844017028809
10.0,34.171402,19.931974411010742
10.0,0.3267746,18.017578125
10.0,5.045059,17.414627075195312
10.0,8.612854,11.348821640014648
10.0,5.1802216,15.661843299865723
10.0,1.4663696,13.013388633728027
10.0,6.018242,23.60395622253418
10.0,49.323395,11.251631736755371
10.0,10.386734,12.223336219787598
10.0,1.0274811,15.338019371032715
10.0,3.081932,15.347692489624023
13.0,0.075042725,20.63986587524414
13.0,12.18631,16.794239044189453
13.0,2.3488312,20.276323318481445
13.0,10.287704,15.38786792755127
13.0,6.9387817,17.442319869995117
13.0,12.441391,18.40046501159668
13.0,11.328583,21.459930419921875
13.0,10.216713,13.478732109069824
13.0,9.099243,13.842974662780762
13.0,0.85059357,19.043994903564453
13.0,0.9264679,15.173758506774902
13.0,12.498459,28.981849670410156
17.0,0.9342804,26.152254104614258
17.0,10.7789,27.769136428833008
17.0,6.223091,15.302655220031738
17.0,4.27829,20.6982421875
17.0,3.4338684,24.950010299682617
17.0,4.184067,20.262611389160156
17.0,5.9523163,17.572494506835938
17.0,3.9435577,16.3348388671875
17.0,2.484047,18.142053604125977
17.0,5.181137,26.752973556518555
17.0,4.7524796,22.327192306518555
22.0,0.49769592,30.32201385498047
22.0,0.08409119,22.361827850341797
22.0,0.16119385,29.071544647216797
22.0,6.303314,28.109830856323242
22.0,5.590317,31.068744659423828
22.0,0.13599396,30.30356216430664
22.0,21.808807,20.227102279663086
22.0,3.7958832,29.37503433227539
22.0,1.9622955,24.583127975463867
22.0,2.7801971,25.062007904052734
22.0,1.7639465,19.131290435791016
22.0,0.4421463,31.268709182739258
30.0,0.9028168,35.302757263183594
30.0,3.392105,35.14472961425781
30.0,15.953766,32.699851989746094
30.0,4.0681305,36.77490997314453
30.0,1.006958,40.386383056640625
30.0,70.13132,19.112667083740234
30.0,0.27147675,25.814228057861328
30.0,2.132248,35.8984489440918
30.0,2.3782349,30.213117599487305
6.0,26.983368,11.615407943725586
6.0,25.604034,11.261384010314941
6.0,12.0703125,12.054848670959473
6.0,1.361351,10.35142993927002
6.0,9.890762,10.423983573913574
6.0,26.27629,11.252945899963379
6.0,24.78276,11.615768432617188
6.0,87.440254,16.64319610595703
6.0,41.77722,12.57503890991211
6.0,17.796074,12.932934761047363
6.0,21.550812,12.058120727539062
6.0,16.27813,13.433858871459961
8.0,9.144745,11.780478477478027
8.0,65.99927,11.181272506713867
8.0,14.22345,16.040164947509766
8.0,5.4723053,12.517355918884277
8.0,5.106819,11.21403694152832
8.0,10.898811,13.591666221618652
8.0,3.648262,11.614228248596191
8.0,6.6916885,11.808618545532227
8.0,19.241043,12.205584526062012
8.0,5.264389,14.625127792358398
8.0,20.935455,11.414546012878418
8.0,1.583252,12.37912368774414
10.0,20.383888,14.623513221740723
10.0,8.178123,14.402584075927734
10.0,0.21334839,16.019784927368164
10.0,17.463997,17.336576461791992
10.0,3.1007462,14.61719036102295
10.0,37.469086,7.088655948638916
10.0,3.2335358,16.001253128051758
10.0,0.56746674,13.215599060058594
10.0,2.6184387,13.8360595703125
10.0,9.305267,14.190258026123047
10.0,13.965874,18.01677894592285
10.0,13.89122,15.349769592285156
13.0,2.3296356,18.556339263916016
13.0,0.62223816,16.983522415161133
13.0,0.6289444,20.481361389160156
13.0,1.1942673,16.487443923950195
13.0,9.078476,21.251575469970703
13.0,1.4692459,19.262441635131836
13.0,4.1451416,15.167476654052734
13.0,0.89253235,22.02530288696289
13.0,1.8846588,18.197509765625
13.0,0.8668823,20.571470260620117
13.0,5.8833466,14.233224868774414
13.0,4.127701,16.626264572143555
17.0,3.6677322,20.21267318725586
17.0,3.2194061,20.110382080078125
17.0,5.845558,25.187240600585938
17.0,15.091034,18.82613754272461
17.0,1.3133087,23.40009117126465
17.0,2.3786316,21.679967880249023
17.0,0.81463623,21.78974723815918
17.0,4.538025,19.64801597595215
17.0,11.835327,25.18943977355957
17.0,2.6721115,16.081010818481445
17.0,0.7097473,19.492040634155273
22.0,3.5750122,28.40842628479004
22.0,0.7319107,31.84626007080078
22.0,3.100502,34.52865219116211
22.0,1.5483856,36.010841369628906
22.0,16.042099,38.89809799194336
22.0,1.733696,29.435659408569336
22.0,1.919136,30.475032806396484
22.0,2.859436,28.412372589111328
22.0,0.11883545,22.347700119018555
22.0,1.3608246,29.005107879638672
30.0,4.104355,29.48796844482422
30.0,6.135704,32.31610870361328
30.0,0.36846924,33.86998748779297
30.0,0.49495697,34.593505859375
30.0,3.3112564,38.9992790222168
30.0,1.5804749,30.41208839416504
30.0,4.165024,29.067737579345703
30.0,1.8227539,41.325504302978516
30.0,0.41670227,33.949920654296875
6.0,45.160507,11.606954574584961
6.0,79.08644,13.120927810668945
6.0,1.9503937,11.201521873474121
6.0,8.02758,11.425076484680176
6.0,5.1256866,13.46488094329834
6.0,2.6109467,12.594990730285645
6.0,5.5437317,11.114089012145996
6.0,17.422012,11.488785743713379
6.0,3.6131134,14.429532051086426
6.0,20.279045,12.142740249633789
6.0,15.1994705,10.486187934875488
6.0,17.67913,11.797314643859863
8.0,7.730438,12.599322319030762
8.0,14.447304,10.695502281188965
8.0,14.831909,14.040507316589355
8.0,8.549332,12.94111156463623
8.0,4.113037,15.01806640625
8.0,0.8437805,13.41662883758545
8.0,13.760345,12.030539512634277
8.0,8.388695,12.058099746704102
8.0,5.3105927,11.781146049499512
8.0,7.1578827,14.440293312072754
8.0,29.647102,12.893324851989746
8.0,35.430313,11.222441673278809
10.0,3.4166641,29.951446533203125
10.0,5.9418335,13.99934196472168
10.0,14.080925,21.443912506103516
10.0,5.1933136,14.616056442260742
10.0,16.983322,16.031862258911133
10.0,2.9950867,14.011204719543457
10.0,4.495537,16.628759384155273
10.0,0.020309448,12.544445037841797
10.0,7.8361206,12.126679420471191
13.0,6.796631,15.151445388793945
13.0,6.4299774,16.883155822753906
13.0,4.322777,13.840487480163574
13.0,10.052162,29.855527877807617
13.0,12.917702,19.012840270996094
13.0,3.2965698,17.038015365600586
13.0,1.7497253,15.367033004760742
13.0,7.8353577,15.29984188079834
13.0,4.04039,14.765412330627441
13.0,27.863106,17.2185001373291
13.0,10.995605,13.236078262329102
13.0,30.496315,13.409196853637695
17.0,5.57502,21.915454864501953
17.0,0.34042358,25.039623260498047
17.0,2.2747574,19.80132293701172
17.0,7.403084,20.99823760986328
17.0,8.807991,21.885562896728516
17.0,0.19387054,26.79588508605957
17.0,1.8640594,18.820072174072266
17.0,3.1193848,21.01590919494629
17.0,0.3395996,18.76279067993164
17.0,8.806221,15.660700798034668
17.0,1.8922424,22.78264617919922
17.0,25.189606,21.99982261657715
22.0,2.7607574,29.96682357788086
22.0,30.142845,18.265050888061523
22.0,0.22266388,29.06307601928711
22.0,0.76301575,37.30003356933594
22.0,2.9294434,26.19906997680664
22.0,2.1728592,25.393739700317383
22.0,0.037338257,27.341707229614258
22.0,1.6729889,29.061107635498047
22.0,3.7217102,26.513713836669922
22.0,1.3020554,26.847286224365234
30.0,1.8084412,12.940421104431152
30.0,5.946884,33.628387451171875
30.0,2.3300858,35.09838104248047
30.0,2.016922,35.214786529541016
30.0,7.9666214,39.70083236694336
30.0,3.5726166,46.003475189208984
6.0,89.8739,19.73960304260254
6.0,13.053299,11.183055877685547
6.0,22.768402,10.371878623962402
6.0,4.0378265,13.798322677612305
6.0,67.821014,15.247841835021973
6.0,44.54843,14.19661808013916
6.0,3.6090393,12.017718315124512
6.0,12.744919,10.706791877746582
6.0,13.38475,10.567951202392578
6.0,41.573597,13.799579620361328
6.0,7.044403,11.070197105407715
6.0,3.1436996,10.692388534545898
8.0,34.67531,13.659253120422363
8.0,19.486412,14.363335609436035
8.0,1.1620483,12.241979598999023
8.0,50.66283,18.109827041625977
8.0,13.365761,14.970333099365234
8.0,22.59082,19.81102752685547
8.0,20.766602,16.020479202270508
8.0,4.2642593,11.485245704650879
8.0,0.89601135,12.103230476379395
8.0,7.9917603,14.620893478393555
8.0,70.35503,18.88878059387207
8.0,25.451477,17.927152633666992
10.0,5.1874313,12.57616138458252
10.0,9.937218,19.49915313720703
10.0,13.134399,12.599163055419922
10.0,12.42485,11.947766304016113
10.0,1.0646973,14.174863815307617
10.0,7.9687347,17.122180938720703
10.0,2.9762268,12.913766860961914
10.0,8.436157,12.543375968933105
10.0,3.750946,11.594846725463867
10.0,66.66441,19.193603515625
10.0,11.952881,18.31363296508789
10.0,34.824463,11.194014549255371
13.0,7.841034,20.173542022705078
13.0,3.9610138,16.142467498779297
13.0,7.1540375,17.35923194885254
13.0,12.638107,22.027612686157227
13.0,7.816803,15.31331729888916
13.0,16.182663,19.248720169067383
13.0,3.2146912,17.32274055480957
13.0,1.9934158,18.484512329101562
13.0,2.3156738,16.994659423828125
13.0,6.968811,18.420806884765625
13.0,5.8834457,13.485465049743652
13.0,1.3262024,20.40924835205078
17.0,0.7336807,23.206296920776367
17.0,0.019935608,21.878742218017578
17.0,28.640953,13.481947898864746
17.0,3.9127197,18.21245574951172
17.0,8.264229,22.038005828857422
17.0,0.71242523,22.014890670776367
17.0,6.2725677,21.026897430419922
17.0,1.2954102,20.762292861938477
17.0,2.4652405,21.46109390258789
17.0,58.5804,16.17241096496582
17.0,6.379013,21.88768196105957
22.0,84.02933,23.00363540649414
22.0,11.764923,17.105606079101562
22.0,2.542122,28.14920425415039
22.0,1.5326157,32.635128021240234
22.0,1.395958,31.288131713867188
22.0,2.3099213,28.083187103271484
22.0,1.1738663,26.80084800720215
22.0,2.153946,24.766210556030273
22.0,1.2718048,26.788623809814453
30.0,1.0079803,34.608646392822266
30.0,0.83584595,35.93098068237305
30.0,0.19598389,32.99949645996094
30.0,1.5968475,42.86151123046875
30.0,0.20256042,27.969799041748047
30.0,14.25914,7.0
30.0,0.92559814,35.715999603271484
30.0,0.7632141,36.64947509765625
30.0,0.4583969,34.062496185302734
30.0,0.65927887,31.81157875061035
30.0,0.46380615,30.80706787109375
6.0,16.804642,11.833934783935547
6.0,0.4033661,15.648632049560547
6.0,56.494633,11.131734848022461
6.0,0.7719269,11.795291900634766
6.0,67.97656,12.511658668518066
6.0,20.469292,12.419476509094238
6.0,14.8565445,11.153098106384277
6.0,0.068725586,12.14246940612793
6.0,5.1998825,13.394193649291992
6.0,43.31993,11.254035949707031
6.0,14.194336,11.85269546508789
6.0,2.0541687,13.991788864135742
8.0,18.50251,12.944247245788574
8.0,12.421402,13.996552467346191
8.0,0.8792496,13.848719596862793
8.0,20.026047,14.032230377197266
8.0,16.295357,11.0
8.0,0.38102722,17.437294006347656
8.0,7.502243,15.489295959472656
8.0,8.641808,11.189806938171387
8.0,27.624466,12.944228172302246
8.0,3.5270233,20.039508819580078
8.0,1.7531204,13.053182601928711
8.0,3.225151,14.802614212036133
10.0,8.586044,16.998491287231445
10.0,6.4780273,13.986504554748535
10.0,10.765198,13.427252769470215
10.0,3.716957,16.528396606445312
10.0,24.026611,13.185336112976074
10.0,4.7738037,13.99328327178955
10.0,0.8205185,15.173137664794922
10.0,37.5719,16.347402572631836
10.0,7.7329254,14.288965225219727
10.0,9.745514,22.65846061706543
10.0,10.399918,13.899495124816895
13.0,2.8234787,17.289981842041016
13.0,11.773499,17.330839157104492
13.0,7.0288925,21.087745666503906
13.0,8.454063,21.60879898071289
13.0,0.7336731,17.888893127441406
13.0,3.360794,18.025035858154297
13.0,0.20501709,15.12022876739502
13.0,3.7114716,17.928302764892578
13.0,3.5525665,21.076391220092773
17.0,2.0390625,23.010774612426758
17.0,2.3500443,22.59772300720215
17.0,2.697281,25.088523864746094
17.0,3.2286682,19.613300323486328
17.0,5.133911,18.422195434570312
17.0,2.5309143,21.88640594482422
17.0,12.207893,17.31155014038086
17.0,0.4583969,25.13540267944336
17.0,6.687317,25.60438346862793
17.0,1.5344238,21.189016342163086
22.0,0.01335907,26.135366439819336
22.0,5.093239,26.11347007751465
22.0,6.768135,33.04206466674805
22.0,1.2722168,30.07619857788086
22.0,4.55307,38.71302795410156
22.0,13.888947,16.55851936340332
22.0,0.96250916,25.953224182128906
22.0,1.614891,26.04525375366211
22.0,4.439041,21.71942138671875
22.0,6.402817,29.040555953979492
30.0,0.18882751,29.922439575195312
30.0,0.6687012,38.84370040893555
30.0,4.8903275,39.43593978881836
30.0,1.9859238,35.2994384765625
30.0,1.708435,41.45340347290039
30.0,4.90049,32.386680603027344
30.0,5.810364,33.10731506347656
30.0,2.077858,35.60737228393555
30.0,0.55366516,44.02401351928711
30.0,7.474739,36.00437545776367
30.0,0.8516922,35.3889045715332
6.0,19.892403,13.424433708190918
6.0,0.894516,12.500661849975586
6.0,0.8127136,12.092549324035645
6.0,62.989624,12.198183059692383
6.0,19.897758,13.217223167419434
6.0,7.257477,13.134530067443848
6.0,8.550232,11.280014038085938
6.0,9.786819,12.224302291870117
6.0,53.73932,12.935199737548828
6.0,16.11261,12.40781021118164
6.0,82.60007,11.831869125366211
6.0,31.727432,11.460866928100586
8.0,5.327965,14.326301574707031
8.0,1.6065674,12.537195205688477
8.0,26.385132,10.617196083068848
8.0,19.987328,13.031441688537598
8.0,7.743538,12.043098449707031
8.0,15.737984,11.18034839630127
8.0,14.642578,13.846562385559082
8.0,5.8597183,12.535282135009766
8.0,16.913132,11.589466094970703
8.0,8.600685,13.577042579650879
8.0,3.3033295,13.997320175170898
8.0,16.723557,11.078322410583496
10.0,17.910866,10.392313957214355
10.0,5.1164703,15.12703800201416
10.0,6.910736,14.250020980834961
10.0,34.156685,11.19573974609375
10.0,0.6501007,16.944637298583984
10.0,3.445633,12.602307319641113
10.0,4.057251,14.353306770324707
10.0,37.846497,10.37649154663086
10.0,9.288002,13.998093605041504
10.0,19.664734,12.931469917297363
10.0,4.1519623,16.159725189208984
10.0,22.859589,12.05622673034668
13.0,20.544632,23.846956253051758
13.0,1.3795166,15.399019241333008
13.0,25.483154,23.720184326171875
13.0,2.7415314,13.369407653808594
13.0,33.796234,14.752701759338379
13.0,13.416061,28.28533935546875
13.0,11.575417,16.444589614868164
13.0,7.225006,14.23144245147705
13.0,11.662918,23.67201805114746
13.0,2.5536041,14.739485740661621
13.0,18.666199,14.624958038330078
13.0,6.6552124,17.10770034790039
17.0,3.251236,23.17640495300293
17.0,7.888481,28.288955688476562
17.0,6.0770035,23.010883331298828
17.0,8.305748,20.278594970703125
17.0,5.0629272,19.788209915161133
17.0,4.8979874,22.432600021362305
17.0,5.9855957,21.004661560058594
17.0,1.7917862,24.859561920166016
17.0,5.503128,16.002182006835938
17.0,1.1309357,25.205791473388672
17.0,1.58078,19.294017791748047
22.0,1.8187027,23.67568016052246
22.0,5.7944183,31.145797729492188
22.0,0.9866562,28.467357635498047
22.0,4.798477,28.685226440429688
22.0,3.0978012,17.00874137878418
30.0,5.552086,18.14188575744629
30.0,4.354927,29.985422134399414
30.0,0.58161163,44.4150276184082
30.0,0.5570755,35.01443099975586
30.0,8.496307,14.24586009979248
30.0,0.42163086,30.419443130493164
30.0,1.0377731,15.309030532836914
30.0,6.9674683,36.01312255859375
6.0,23.41249,13.043051719665527
6.0,9.314468,15.179936408996582
6.0,83.60125,13.171825408935547
6.0,44.347137,15.57606315612793
6.0,28.00843,12.0
6.0,28.570587,13.820538520812988
6.0,44.207916,25.21012306213379
6.0,7.8095703,12.523701667785645
6.0,5.582634,12.381986618041992
6.0,7.531212,11.536067962646484
8.0,18.260773,12.94131088256836
8.0,48.46131,10.37649154663086
8.0,28.3947,10.598609924316406
8.0,2.9875412,12.588069915771484
8.0,27.932404,12.536087989807129
8.0,6.4259644,23.270532608032227
8.0,56.61499,13.946150779724121
8.0,6.482361,11.070883750915527
8.0,6.6280975,12.545100212097168
8.0,6.8834305,13.475479125976562
8.0,13.574051,12.595343589782715
10.0,17.95221,14.765050888061523
10.0,13.483719,8.994057655334473
10.0,18.30368,22.10872459411621
10.0,0.98464966,16.000808715820312
10.0,82.71155,8.122666358947754
10.0,0.6152191,13.092867851257324
10.0,38.37146,18.760848999023438
10.0,18.4178,13.107075691223145
10.0,10.212952,15.202637672424316
10.0,1.2019501,15.128792762756348
13.0,13.866745,14.357686996459961
13.0,0.7353821,17.40924644470215
13.0,18.02687,20.75798225402832
13.0,3.2292328,12.246207237243652
13.0,11.297867,22.318408966064453
13.0,5.9224014,18.139829635620117
13.0,2.8564758,19.234859466552734
13.0,3.6692429,18.757545471191406
13.0,6.712181,13.42345142364502
13.0,1.8329697,16.069252014160156
17.0,3.8204422,20.269996643066406
17.0,11.994217,20.761856079101562
17.0,1.1142578,27.752466201782227
17.0,9.739288,20.015230178833008
17.0,5.096283,22.598526000976562
17.0,7.365143,19.791799545288086
22.0,6.2755814,14.729315757751465
22.0,1.4252777,28.77853775024414
22.0,5.2612686,22.865034103393555
22.0,7.575989,12.493733406066895
22.0,4.361618,28.811721801757812
22.0,5.4096527,28.89029884338379
22.0,2.1564941,26.206241607666016
22.0,1.0627441,27.8511962890625
22.0,18.492645,23.231159210205078
22.0,1.6235886,31.649580001831055
30.0,2.7879639,46.51588821411133
30.0,14.6315155,33.72732162475586
30.0,1.6126709,31.01774787902832
30.0,8.254906,31.20090675354004
30.0,37.8323,16.954212188720703
30.0,4.0872574,27.851083755493164
6.0,2.26223,12.241299629211426
6.0,38.80137,12.058222770690918
6.0,23.42894,11.615571975708008
6.0,41.14357,11.23440933227539
6.0,49.831528,10.656402587890625
6.0,3.4668045,12.94276237487793
6.0,8.281799,12.015094757080078
6.0,36.952744,11.536953926086426
6.0,7.3912354,10.540217399597168
6.0,15.706848,12.511322975158691
6.0,37.18628,10.363961219787598
6.0,31.804932,12.056499481201172
8.0,26.327446,13.048714637756348
8.0,12.973305,13.811657905578613
8.0,0.27136993,12.611757278442383
8.0,7.5549774,13.836221694946289
8.0,7.2888107,11.971531867980957
8.0,41.45166,13.217480659484863
8.0,10.53653,13.930170059204102
8.0,4.8237762,13.454532623291016
8.0,4.1161804,12.057718276977539
8.0,4.8326797,15.330734252929688
8.0,4.0935593,13.999977111816406
8.0,16.714417,12.524993896484375
10.0,17.57029,14.419135093688965
10.0,6.126915,16.63155746459961
10.0,0.6110382,16.188678741455078
10.0,0.002822876,11.523848533630371
10.0,1.7907791,16.007028579711914
10.0,0.7887192,18.1404972076416
10.0,2.930519,23.10049057006836
10.0,21.943626,15.57619857788086
10.0,47.57408,10.511861801147461
10.0,11.3611145,9.0
10.0,5.751877,16.073429107666016
10.0,2.5447006,13.78396224975586
13.0,8.709915,24.241670608520508
13.0,7.4694977,19.81049156188965
13.0,14.272858,16.648693084716797
13.0,2.286438,15.703903198242188
13.0,2.3614426,17.33441734313965
13.0,17.187378,15.154982566833496
13.0,0.13621521,19.12210464477539
13.0,0.7256317,16.99722671508789
13.0,2.7130508,16.999235153198242
13.0,11.426865,24.61476707458496
13.0,8.440056,11.974220275878906
13.0,12.641426,17.87978172302246
17.0,1.0747681,23.681249618530273
17.0,1.5152283,27.34178924560547
17.0,2.4150925,22.248231887817383
17.0,2.8620148,22.021562576293945
17.0,5.0817413,23.10300636291504
17.0,4.14653,22.319087982177734
17.0,1.9801178,21.68833351135254
17.0,1.7230377,20.393224716186523
17.0,3.389389,25.948827743530273
17.0,5.4728317,16.048921585083008
17.0,4.1626434,23.410518646240234
17.0,1.8554611,19.198345184326172
22.0,5.562607,28.185096740722656
22.0,3.499611,32.176666259765625
22.0,1.9008102,27.462642669677734
22.0,1.1627426,29.056055068969727
22.0,0.9129715,29.709871292114258
22.0,8.720932,31.979442596435547
22.0,23.211014,23.31289291381836
22.0,5.413101,24.944297790527344
22.0,3.129959,32.596858978271484
22.0,9.3750305,25.086490631103516
22.0,3.6100235,29.491741180419922
30.0,0.72621155,40.656394958496094
30.0,1.3215942,26.958402633666992
30.0,2.0995789,32.80146408081055
30.0,0.06851196,29.4744873046875
30.0,1.480217,30.34827995300293
30.0,1.1414032,33.36448287963867
30.0,3.9836884,37.120018005371094
30.0,3.7364578,35.7522087097168
30.0,3.0171967,29.5507869720459
30.0,2.9337769,34.71168518066406
6.0,30.121338,13.048792839050293
6.0,8.783936,16.271482467651367
6.0,11.967361,12.031845092773438
6.0,5.0214386,11.955300331115723
6.0,15.1167755,12.023714065551758
6.0,39.675972,11.599946975708008
6.0,1.8721085,14.197938919067383
6.0,11.313812,10.300414085388184
6.0,1.4717865,12.535282135009766
6.0,26.123215,11.107050895690918
6.0,4.060074,24.494163513183594
8.0,25.142212,15.167280197143555
8.0,37.105453,15.136866569519043
8.0,4.984894,11.20448112487793
8.0,13.240135,12.53543758392334
8.0,8.966995,13.452469825744629
8.0,4.480118,13.200654983520508
8.0,19.089127,15.083504676818848
8.0,41.496506,12.205609321594238
8.0,13.47168,17.35919952392578
10.0,4.273056,13.022164344787598
10.0,1.0267639,15.162540435791016
10.0,6.1509094,14.706034660339355
10.0,19.964722,14.43001651763916
10.0,3.0119476,28.17491340637207
10.0,8.216766,17.887319564819336
10.0,1.1389236,12.476902961730957
10.0,28.802032,23.193586349487305
13.0,0.17073059,23.301481246948242
13.0,6.4458923,16.437707901000977
13.0,12.6436,20.64228057861328
13.0,1.9208145,22.347148895263672
13.0,8.636108,21.78255271911621
13.0,5.0348587,17.530330657958984
13.0,4.995102,17.104829788208008
13.0,4.1846085,15.668856620788574
13.0,28.290558,18.0887393951416
17.0,0.37554932,22.1031494140625
17.0,0.14305878,24.076406478881836
17.0,2.3781586,23.913789749145508
17.0,3.3191833,18.75368881225586
17.0,2.8208466,22.247262954711914
17.0,12.859879,19.748760223388672
17.0,2.9222717,23.308095932006836
17.0,3.311676,21.0103816986084
17.0,0.86694336,21.23409080505371
22.0,7.578636,29.666696548461914
22.0,14.040695,8.102303504943848
22.0,0.18469238,30.370803833007812
22.0,13.756432,18.031808853149414
22.0,9.127975,33.52007293701172
22.0,2.3437042,30.92378807067871
22.0,5.6880646,23.998886108398438
22.0,1.2780914,25.952207565307617
30.0,12.167572,23.918678283691406
30.0,7.163254,22.88652801513672
30.0,0.7124481,30.61865997314453
30.0,0.299469,33.986976623535156
30.0,8.425423,33.15424346923828
30.0,2.865242,30.909942626953125
30.0,0.78227234,38.452125549316406
6.0,8.503555,15.159424781799316
6.0,6.303253,12.53589916229248
6.0,34.01262,10.615514755249023
6.0,24.338669,13.338264465332031
6.0,41.32775,16.8764591217041
6.0,7.3528824,11.077364921569824
6.0,6.06028,12.588797569274902
6.0,0.647995,12.002847671508789
6.0,16.613205,11.820436477661133
6.0,29.991783,11.264619827270508
6.0,34.103577,12.523941040039062
6.0,0.7502365,11.6149320602417
8.0,0.49949646,13.204824447631836
8.0,0.5605469,11.106396675109863
8.0,2.1193848,13.99854564666748
8.0,12.492607,11.509578704833984
8.0,7.9976196,11.686413764953613
8.0,6.321396,12.002847671508789
8.0,17.664383,15.368209838867188
8.0,11.98777,18.293888092041016
8.0,10.924622,11.187101364135742
8.0,1.1665115,13.732085227966309
8.0,4.2201157,12.467982292175293
8.0,2.9849625,12.534614562988281
10.0,15.771179,13.404179573059082
10.0,3.6794739,21.997716903686523
10.0,4.769951,15.596436500549316
10.0,12.026619,13.219537734985352
10.0,1.2911758,14.346975326538086
10.0,10.233597,14.31705379486084
10.0,5.234497,12.022283554077148
10.0,19.222572,11.998127937316895
10.0,1.3738174,11.612613677978516
10.0,34.683395,12.936077117919922
10.0,46.70572,11.809341430664062
10.0,4.038269,14.043571472167969
13.0,1.7271423,18.864755630493164
13.0,7.857353,16.205007553100586
13.0,7.2098694,18.85942840576172
13.0,3.2041473,16.91069984436035
13.0,4.0583725,18.101774215698242
13.0,5.0183105,19.239961624145508
13.0,0.35134125,16.79231071472168
13.0,9.733948,15.373863220214844
13.0,16.536964,13.205021858215332
13.0,5.6183777,17.90113639831543
13.0,48.587784,27.6888484954834
13.0,8.491394,13.24289321899414
17.0,12.546066,15.103761672973633
17.0,1.5031891,19.799409866333008
17.0,1.5151672,18.316913604736328
17.0,6.478348,20.360687255859375
17.0,2.449768,23.307025909423828
17.0,9.540192,14.77009391784668
17.0,5.5137024,20.264719009399414
17.0,2.8952637,22.675405502319336
17.0,8.344131,18.41667938232422
17.0,3.8009262,26.471147537231445
17.0,14.530243,19.23139762878418
22.0,3.0798187,20.01675033569336
22.0,5.023163,23.225452423095703
22.0,0.88396454,31.2943115234375
22.0,4.381607,24.51487922668457
22.0,2.6615753,35.90476608276367
22.0,1.9122009,33.602996826171875
22.0,0.14562988,29.05667495727539
22.0,0.070114136,31.292600631713867
22.0,2.122078,29.14899444580078
22.0,5.3047485,22.1882266998291
30.0,0.84690094,30.636962890625
30.0,2.060791,35.76192092895508
30.0,1.8219757,36.75202560424805
30.0,0.59025574,37.91869354248047
30.0,4.2736816,28.348112106323242
30.0,1.1714554,34.08316421508789
30.0,4.3833466,40.687808990478516
30.0,3.7600098,36.19354248046875
30.0,5.7231903,36.19831848144531
6.0,1.6050415,14.195565223693848
6.0,25.468658,11.474908828735352
6.0,44.246456,10.386446952819824
6.0,35.325867,13.045269966125488
6.0,13.1970215,11.261223793029785
6.0,4.6627045,11.589466094970703
6.0,26.156593,11.183549880981445
6.0,32.517555,11.207418441772461
6.0,12.995705,11.071067810058594
6.0,6.717621,11.112513542175293
6.0,0.59236145,10.935770034790039
6.0,8.226379,11.09791088104248
8.0,17.519203,13.397607803344727
8.0,7.505493,12.52712631225586
8.0,5.91555,16.804576873779297
8.0,6.2733917,11.963902473449707
8.0,24.57351,12.014151573181152
8.0,14.628044,12.485280990600586
8.0,5.817482,13.363199234008789
8.0,9.081009,12.386560440063477
8.0,6.626587,13.486515998840332
8.0,1.4573593,15.17577075958252
8.0,18.362396,13.355818748474121
8.0,31.913216,11.51424789428711
10.0,10.086441,15.014348983764648
10.0,8.209579,15.657299041748047
10.0,2.1018982,14.097837448120117
10.0,4.9044876,25.964229583740234
10.0,2.4934006,15.384664535522461
10.0,55.626846,18.31688690185547
10.0,7.1253357,11.80872917175293
10.0,4.8800125,14.646661758422852
10.0,8.397209,12.73886489868164
10.0,19.62825,13.465367317199707
10.0,1.0545349,16.2034854888916
10.0,0.79693604,14.287530899047852
13.0,9.975815,22.381637573242188
13.0,1.4559479,18.5439510345459
13.0,8.823524,16.99840545654297
13.0,9.898666,14.755192756652832
13.0,1.7973785,18.44776153564453
13.0,3.9630966,15.17996597290039
13.0,10.723045,16.035917282104492
13.0,10.198257,13.372848510742188
13.0,11.095261,19.5889835357666
13.0,6.4069214,16.584613800048828
13.0,8.210808,15.163305282592773
17.0,13.409378,19.03058433532715
17.0,0.4711151,28.794448852539062
17.0,3.414238,28.675827026367188
17.0,18.254028,23.84402847290039
17.0,3.4582214,19.003385543823242
17.0,3.0912628,24.217044830322266
17.0,4.183769,21.085588455200195
17.0,10.8302,19.712322235107422
17.0,4.752655,27.41616439819336
17.0,0.9937439,19.647863388061523
17.0,0.35443115,27.509780883789062
17.0,11.970245,23.415437698364258
22.0,4.9726715,26.429746627807617
22.0,3.2515182,28.914094924926758
22.0,3.0103989,21.445730209350586
22.0,2.6842651,37.95416259765625
22.0,3.4446793,37.80253982543945
22.0,2.1010666,27.680908203125
22.0,1.0363083,27.01939582824707
22.0,2.4809723,27.49921989440918
22.0,3.8297424,24.591039657592773
22.0,8.476227,21.890703201293945
22.0,0.46514893,27.70652198791504
30.0,7.2795715,29.472379684448242
30.0,2.5431824,37.009708404541016
30.0,0.18871307,34.863677978515625
30.0,2.5537949,25.384763717651367
30.0,10.813248,27.22779655456543
30.0,4.45755,35.19051742553711
30.0,20.862206,19.63118553161621
30.0,1.3808289,30.40036964416504
6.0,5.5286407,13.177783012390137
6.0,10.3984375,12.241255760192871
6.0,3.5411682,12.474475860595703
6.0,4.374878,12.478471755981445
6.0,0.8367691,13.81398868560791
6.0,9.679207,12.3316011428833
6.0,20.97554,11.0
6.0,1.0928497,12.595416069030762
6.0,25.645317,24.87579345703125
6.0,25.84433,12.408703804016113
8.0,24.881927,13.111701011657715
8.0,5.703499,15.045063018798828
8.0,20.21975,13.135079383850098
8.0,0.505661,14.644847869873047
8.0,29.622498,13.077553749084473
8.0,8.016869,14.357640266418457
8.0,4.5852814,28.37578010559082
8.0,0.90286255,13.47939395904541
8.0,8.963501,14.028904914855957
8.0,0.070892334,15.159153938293457
8.0,10.530235,15.01340103149414
10.0,9.50338,14.7507963180542
10.0,78.457886,25.69036293029785
10.0,4.088356,17.563262939453125
10.0,2.6625519,17.034542083740234
10.0,9.214554,16.038414001464844
10.0,12.471687,15.7007474899292
10.0,0.94125366,16.918659210205078
10.0,7.3348846,14.727160453796387
10.0,11.733261,16.10055923461914
10.0,11.472305,15.077858924865723
10.0,7.849823,15.922311782836914
13.0,1.4947586,19.26166343688965
13.0,8.835297,19.969200134277344
13.0,1.9699554,17.836299896240234
13.0,4.5403137,18.317729949951172
13.0,5.403267,19.29450225830078
13.0,1.8433228,20.17991828918457
13.0,5.419281,18.761144638061523
13.0,1.3025589,21.419775009155273
13.0,8.386581,18.48468589782715
17.0,1.2711334,24.053585052490234
17.0,5.00383,23.312829971313477
17.0,1.9758148,23.991046905517578
17.0,53.21241,18.60702133178711
17.0,10.928902,22.43630599975586
17.0,4.065277,23.636781692504883
17.0,5.4918823,22.434566497802734
17.0,3.4274902,23.231470108032227
17.0,7.7091064,22.74164581298828
17.0,3.0430298,24.61443328857422
22.0,2.2918549,28.16313362121582
22.0,5.07782,27.71586036682129
22.0,0.592865,26.671377182006836
22.0,1.330246,28.07002830505371
22.0,2.7237701,28.925874710083008
22.0,5.047661,17.86976432800293
22.0,3.443695,28.67919921875
22.0,1.8780136,23.686777114868164
22.0,4.266823,29.311100006103516
22.0,0.4752426,28.999935150146484
30.0,2.545578,34.86493682861328
30.0,1.1849213,35.35690689086914
30.0,1.3511658,35.38309860229492
30.0,1.2308807,35.37974548339844
30.0,2.7972488,37.5137825012207
30.0,1.3949127,36.570926666259766
30.0,2.624649,35.77358627319336
30.0,1.6867676,35.701393127441406
30.0,0.46111298,37.19989776611328
30.0,2.0317764,35.76076889038086
30.0,1.9070816,35.82297897338867
6.0,24.774658,13.216683387756348
6.0,73.36163,11.983345985412598
6.0,3.3454437,13.009980201721191
6.0,30.862717,12.235283851623535
6.0,10.544037,12.173069953918457
6.0,29.13478,12.33737850189209
6.0,10.654388,13.412728309631348
6.0,3.2092133,13.403244972229004
6.0,19.743156,12.426108360290527
6.0,3.7664948,21.87088966369629
6.0,49.764984,11.544973373413086
6.0,1.5888748,13.432515144348145
8.0,6.758728,14.690098762512207
8.0,5.946686,14.432586669921875
8.0,10.746338,14.176254272460938
8.0,37.976524,13.686570167541504
8.0,26.422958,17.601314544677734
8.0,14.030975,14.367671966552734
8.0,5.9013824,14.019586563110352
8.0,22.94806,14.167593955993652
8.0,12.114838,13.746975898742676
8.0,31.03389,16.033491134643555
8.0,23.622215,14.197775840759277
8.0,4.8723907,14.629812240600586
10.0,4.9833527,19.120634078979492
10.0,1.7394257,14.886568069458008
10.0,18.141632,15.614537239074707
10.0,8.190704,16.160009384155273
10.0,8.364067,15.115196228027344
10.0,14.7656555,15.66930866241455
10.0,9.250336,15.009747505187988
10.0,1.9477615,17.101276397705078
10.0,6.263962,15.390138626098633
10.0,17.351868,14.399060249328613
10.0,0.035812378,16.304288864135742
13.0,10.286324,18.49193000793457
13.0,26.304123,19.474517822265625
13.0,0.0057373047,19.058591842651367
13.0,56.197006,19.23773956298828
13.0,2.448227,19.263582229614258
13.0,2.3699036,18.97065544128418
13.0,4.8847046,17.03799819946289
13.0,2.4365387,19.601308822631836
13.0,12.333252,17.88780403137207
13.0,11.0872345,17.872404098510742
13.0,0.04824066,20.483642578125
13.0,8.392395,19.23541259765625
17.0,0.6114502,29.486486434936523
17.0,2.6922302,22.599279403686523
17.0,2.6142654,24.28983497619629
17.0,5.506317,23.305606842041016
17.0,0.39115906,23.119680404663086
17.0,4.1701126,23.207412719726562
17.0,4.5452957,22.374792098999023
17.0,1.3264618,22.76563262939453
17.0,2.8408813,23.62891387939453
17.0,7.4325714,22.62091064453125
17.0,3.8938904,24.11786651611328
22.0,3.5604095,27.407329559326172
22.0,3.4392166,27.733943939208984
22.0,3.3771973,27.386167526245117
22.0,0.9727936,28.914104461669922
22.0,0.9962158,28.59795570373535
22.0,0.3534317,27.388473510742188
22.0,0.97872925,29.070940017700195
22.0,1.5941162,29.01226234436035
22.0,2.5165253,27.07395362854004
22.0,1.5728455,28.410974502563477
22.0,0.944046,28.45829200744629
22.0,4.8397217,27.259353637695312
30.0,1.9069214,37.526084899902344
30.0,1.2353973,36.254390716552734
30.0,0.74689484,40.40159225463867
30.0,0.62029266,36.133426666259766
30.0,0.72177887,36.103641510009766
30.0,1.6536789,36.55180358886719
30.0,2.7682343,33.395633697509766
30.0,0.6634369,36.20033264160156
30.0,35.410805,15.597114562988281
30.0,1.2361832,33.93758010864258
30.0,0.4898529,36.2931022644043
6.0,6.846962,13.42055892944336
6.0,61.894867,14.621747016906738
6.0,18.269363,12.529747009277344
6.0,22.074844,13.33016300201416
6.0,8.164238,12.114611625671387
6.0,0.42298126,12.015094757080078
6.0,32.850327,7.535533905029297
6.0,63.755898,12.444941520690918
6.0,42.455254,11.029760360717773
6.0,3.9891205,12.212026596069336
6.0,41.650146,16.535701751708984
8.0,3.7984695,12.9351806640625
8.0,30.6922,9.336191177368164
8.0,77.569,30.920007705688477
8.0,13.003433,14.049600601196289
8.0,1.646431,12.017193794250488
8.0,5.858963,13.194183349609375
8.0,1.8552094,12.040207862854004
8.0,41.56687,12.045954704284668
8.0,24.510979,13.212626457214355
8.0,0.8346329,18.314897537231445
8.0,0.077316284,12.934845924377441
8.0,1.9133072,12.596428871154785
10.0,8.445091,18.999874114990234
10.0,20.622879,7.1606011390686035
10.0,9.752243,12.403569221496582
10.0,1.266304,13.999418258666992
10.0,10.914627,15.162796974182129
10.0,0.7447128,12.944249153137207
10.0,8.636963,16.62717056274414
10.0,10.095238,7.0
10.0,7.6015778,12.59146785736084
10.0,32.810783,15.406854629516602
10.0,12.12001,14.780312538146973
13.0,0.6302719,16.088083267211914
13.0,48.44278,13.835700988769531
13.0,6.836319,19.809707641601562
13.0,18.221497,18.249595642089844
13.0,4.646866,18.207195281982422
13.0,4.8681183,19.254249572753906
13.0,3.3127518,19.420434951782227
13.0,3.1660614,15.60827350616455
13.0,4.191437,17.300548553466797
13.0,44.975433,15.135750770568848
13.0,6.654297,16.5860652923584
17.0,55.493347,13.216165542602539
17.0,15.108765,11.9240083694458
17.0,5.6976547,19.2790584564209
17.0,1.9762573,26.803491592407227
17.0,0.9349823,30.525915145874023
17.0,22.842514,17.540340423583984
17.0,0.37114716,26.757095336914062
17.0,3.8643036,21.72001838684082
22.0,2.4533157,20.6391658782959
22.0,9.225395,27.409252166748047
22.0,2.5024261,36.309268951416016
22.0,1.9251251,24.805622100830078
22.0,9.403763,24.195016860961914
22.0,2.5012054,25.53814697265625
22.0,0.8919525,32.297019958496094
22.0,7.917145,22.866500854492188
22.0,3.7445679,28.190061569213867
30.0,0.57894135,31.65340232849121
30.0,0.18971252,36.14975357055664
30.0,4.4769287,38.09710693359375
30.0,1.5552368,37.98198699951172
30.0,1.4436798,31.27354621887207
6.0,19.198875,10.255633354187012
6.0,3.5207138,15.131980895996094
6.0,56.569855,10.536415100097656
6.0,37.142464,13.963013648986816
6.0,3.0765152,11.258129119873047
6.0,3.5122528,10.706955909729004
6.0,54.457718,25.004837036132812
6.0,64.98218,14.111130714416504
6.0,9.0412445,12.928378105163574
6.0,5.989891,10.3909330368042
6.0,20.396942,13.73606014251709
8.0,13.003365,12.452637672424316
8.0,9.483658,13.431364059448242
8.0,33.880417,11.411433219909668
8.0,56.683594,12.052946090698242
8.0,3.436821,14.610485076904297
8.0,19.29741,11.262974739074707
8.0,19.866867,12.944255828857422
8.0,6.344162,13.147659301757812
8.0,11.921722,13.632198333740234
8.0,12.061676,11.299189567565918
10.0,0.049293518,14.729313850402832
10.0,57.40268,17.1035099029541
10.0,1.6396332,14.260503768920898
10.0,0.2111435,12.038041114807129
10.0,21.613083,13.83944320678711
10.0,8.974907,12.540685653686523
10.0,12.261902,15.178984642028809
10.0,43.75329,11.411040306091309
10.0,7.209709,17.032047271728516
10.0,0.5446243,14.809951782226562
10.0,1.449028,12.451518058776855
13.0,65.6248,0.0
13.0,1.3627319,15.31269645690918
13.0,7.031044,20.3940372467041
13.0,3.1227036,17.804492950439453
13.0,3.4690247,18.30768394470215
13.0,1.2979736,16.205074310302734
13.0,17.900253,34.11783981323242
13.0,14.468834,14.42241096496582
13.0,2.0529327,15.206371307373047
17.0,5.5416107,29.075077056884766
17.0,3.347496,22.02591323852539
17.0,0.3631134,16.840824127197266
17.0,2.0404816,28.634307861328125
17.0,6.1347656,16.9920654296875
17.0,1.3613434,20.06597900390625
17.0,7.5075607,24.873085021972656
17.0,2.5407715,19.610824584960938
17.0,7.7931366,15.612561225891113
17.0,1.5417252,22.106077194213867
22.0,6.212364,30.1310977935791
22.0,0.75779724,16.7205810546875
22.0,14.648514,13.429292678833008
22.0,2.3481445,31.28313446044922
22.0,14.775795,29.51148796081543
22.0,1.6795349,28.064441680908203
22.0,2.8779068,24.559181213378906
22.0,6.2966156,18.317527770996094
22.0,2.143753,37.985591888427734
30.0,3.5021362,32.59273910522461
30.0,2.4476166,25.90500831604004
30.0,5.950485,32.9706916809082
30.0,14.245125,27.07105255126953
30.0,27.271286,16.03819465637207
30.0,4.3572693,34.05006408691406
30.0,25.332642,25.47208595275879
30.0,27.107162,34.36848068237305
30.0,4.220352,26.671506881713867
30.0,6.027054,24.707233428955078
30.0,12.737953,0.0
6.0,12.811203,14.621149063110352
6.0,59.986298,12.378862380981445
6.0,35.364166,10.145410537719727
6.0,4.5356445,11.74359130859375
6.0,24.004204,13.935896873474121
6.0,4.531891,13.14250373840332
6.0,49.062027,13.43035888671875
6.0,4.587921,10.345109939575195
6.0,33.684784,13.210017204284668
6.0,2.7246475,14.765673637390137
6.0,7.579529,11.934309959411621
6.0,24.725563,12.944206237792969
8.0,28.150719,19.1207332611084
8.0,2.074356,11.541107177734375
8.0,1.3532944,12.215286254882812
8.0,5.3283234,14.76681900024414
8.0,7.2028503,11.174104690551758
8.0,18.082962,14.738056182861328
8.0,35.529358,12.24092960357666
8.0,50.35817,10.0
8.0,6.9455414,12.809056282043457
8.0,8.355057,23.197864532470703
8.0,4.727478,13.29988956451416
8.0,5.8237762,13.135363578796387
10.0,3.2735596,14.085737228393555
10.0,3.8417053,16.034730911254883
10.0,1.3531952,16.725440979003906
10.0,18.186874,16.036523818969727
10.0,17.896698,16.601106643676758
10.0,11.285721,14.044914245605469
10.0,12.940208,14.162123680114746
10.0,10.720345,14.007768630981445
10.0,55.50055,17.148286819458008
10.0,6.9815063,11.501758575439453
10.0,11.415283,15.179896354675293
13.0,9.814301,16.07957649230957
13.0,16.461502,13.208394050598145
13.0,7.9164886,18.347942352294922
13.0,4.486519,19.797929763793945
13.0,4.2244797,17.41317367553711
13.0,26.910896,14.662689208984375
13.0,18.451553,15.164445877075195
13.0,1.06353,15.230300903320312
13.0,6.7964554,12.208268165588379
13.0,12.382683,18.017181396484375
13.0,3.2453918,14.640470504760742
13.0,5.0332947,15.179972648620605
17.0,1.406311,22.09347915649414
17.0,5.3474503,26.847108840942383
17.0,2.0196,20.943023681640625
17.0,0.22436523,20.99895477294922
17.0,2.6118927,20.143991470336914
17.0,6.3055496,15.55916976928711
17.0,7.3008347,24.615060806274414
17.0,1.960434,22.759174346923828
17.0,63.7657,20.095199584960938
17.0,9.616699,16.636333465576172
17.0,2.2316895,16.999881744384766
17.0,46.715942,19.28510856628418
22.0,14.595413,31.584985733032227
22.0,4.1575317,30.604562759399414
22.0,1.505722,35.9403190612793
22.0,3.011673,34.79833221435547
22.0,2.1018372,33.83114242553711
22.0,4.454468,29.691843032836914
22.0,1.8862,21.783782958984375
30.0,6.743698,36.529762268066406
30.0,4.737488,40.195556640625
30.0,3.3415833,34.1998176574707
30.0,1.6828613,31.00813102722168
30.0,5.3673706,36.640869140625
30.0,2.6298218,27.34146499633789
6.0,43.19458,11.5447416305542
6.0,29.957932,11.09825325012207
6.0,21.184372,10.269549369812012
6.0,26.721725,17.06720542907715
6.0,4.227539,11.751044273376465
6.0,5.8228607,12.936285018920898
6.0,20.216866,13.429360389709473
6.0,89.07004,12.850701332092285
6.0,14.733406,13.986144065856934
6.0,6.3655014,12.055159568786621
6.0,76.760925,11.649971008300781
6.0,12.828476,12.409280776977539
8.0,2.3135757,13.407517433166504
8.0,35.26631,10.643726348876953
8.0,20.847916,12.233362197875977
8.0,39.995148,14.155508041381836
8.0,75.2112,13.675443649291992
8.0,13.619553,16.040897369384766
8.0,4.5746613,13.35792350769043
8.0,16.57875,18.865421295166016
8.0,23.022232,16.038711547851562
8.0,16.6148,15.698690414428711
8.0,4.053734,13.710002899169922
8.0,35.550873,13.104552268981934
10.0,16.987808,16.13016700744629
10.0,15.031479,13.428635597229004
10.0,23.215729,13.097963333129883
10.0,11.595795,12.600786209106445
10.0,21.9999,12.222317695617676
10.0,1.2732925,15.304171562194824
10.0,5.856613,22.0050048828125
10.0,31.334503,14.169998168945312
10.0,3.5954437,19.799150466918945
10.0,1.58535,17.33475685119629
10.0,10.845886,13.80414867401123
13.0,1.5772781,19.18827247619629
13.0,6.030075,17.445186614990234
13.0,7.4900665,18.209983825683594
13.0,0.6806183,16.190088272094727
13.0,21.135468,22.4388484954834
13.0,3.8662872,18.251394271850586
13.0,11.753616,26.43231773376465
13.0,23.74118,15.325654029846191
13.0,0.59308624,15.63270092010498
13.0,2.094246,12.200033187866211
13.0,1.382225,17.838422775268555
17.0,8.220551,28.37428092956543
17.0,5.790283,26.078216552734375
17.0,0.36582947,24.495878219604492
17.0,2.6167755,20.762540817260742
17.0,7.1324463,18.317567825317383
17.0,3.9335022,29.598453521728516
17.0,10.300713,18.950790405273438
17.0,3.2491302,24.203147888183594
17.0,4.6070023,28.79819107055664
17.0,1.1392288,20.630199432373047
22.0,0.67752075,25.31139373779297
22.0,1.5931091,36.52524185180664
22.0,5.9528656,31.177356719970703
22.0,11.711426,20.123920440673828
22.0,16.812897,16.15386390686035
22.0,12.748169,21.626373291015625
22.0,11.055847,30.815732955932617
22.0,31.46598,14.612686157226562
22.0,15.406563,9.20119571685791
30.0,9.244385,29.02572250366211
30.0,2.2653656,33.5404167175293
30.0,2.2166061,40.21866226196289
30.0,0.29534912,27.738441467285156
30.0,0.67433167,36.54402160644531
30.0,8.394623,38.4226188659668
30.0,1.0647202,32.207462310791016
30.0,4.399292,28.185258865356445
30.0,1.0020905,29.578033447265625
6.0,9.881668,11.552939414978027
6.0,29.02536,12.24523639678955
6.0,16.999146,13.792606353759766
6.0,11.541496,12.849915504455566
6.0,4.8196564,11.337150573730469
6.0,16.10897,11.144686698913574
6.0,12.167694,12.448103904724121
6.0,16.895546,12.874178886413574
6.0,69.52086,12.999814987182617
6.0,39.628082,11.754315376281738
6.0,17.392258,12.940877914428711
6.0,7.181305,11.796331405639648
8.0,9.778183,12.022367477416992
8.0,14.405434,11.606040000915527
8.0,38.754715,12.538175582885742
8.0,1.3399124,12.942610740661621
8.0,23.514206,10.582510948181152
8.0,4.0216675,14.786859512329102
8.0,29.165314,12.17298412322998
8.0,9.459335,12.13402271270752
8.0,0.6691284,11.415323257446289
8.0,3.1401596,14.170812606811523
8.0,8.129959,13.48653507232666
8.0,4.6444397,14.24726390838623
10.0,8.757996,17.601194381713867
10.0,7.03421,15.893001556396484
10.0,3.6968994,15.977409362792969
10.0,20.606262,15.140475273132324
10.0,11.644867,16.041507720947266
10.0,10.792244,13.475110054016113
10.0,2.0623322,15.169804573059082
10.0,8.761131,13.260472297668457
10.0,10.1827545,13.201390266418457
10.0,10.466499,13.433968544006348
10.0,0.49819183,16.112510681152344
10.0,24.573235,16.640003204345703
13.0,0.8614197,17.599605560302734
13.0,1.2217865,17.925615310668945
13.0,0.8149338,16.307037353515625
13.0,8.742981,16.772659301757812
13.0,2.7105408,20.009286880493164
13.0,8.264374,19.132713317871094
13.0,12.722763,19.80904197692871
13.0,7.0061035,15.32796573638916
13.0,12.844681,17.32708740234375
13.0,0.51594543,18.999332427978516
13.0,8.233795,14.749056816101074
13.0,9.6927185,19.23914337158203
17.0,4.630417,21.37826919555664
17.0,0.1791153,26.552297592163086
17.0,3.2834015,20.762731552124023
17.0,2.7097015,20.49238395690918
17.0,3.6867218,26.1925048828125
17.0,3.5402374,23.615102767944336
17.0,0.48921967,22.015193939208984
17.0,13.5012665,24.985843658447266
17.0,7.34182,18.296161651611328
17.0,5.6186523,23.104930877685547
17.0,17.909462,7.0
22.0,7.6244507,28.83014488220215
22.0,1.561554,29.380704879760742
22.0,5.125458,28.157503128051758
22.0,4.3084183,28.341068267822266
22.0,2.493515,28.9730167388916
22.0,3.052353,21.02912712097168
22.0,6.51371,29.016090393066406
22.0,0.32804108,26.951589584350586
22.0,4.99794,22.59214973449707
22.0,4.7791977,23.094438552856445
30.0,3.6214447,35.93510055541992
30.0,3.0231323,36.03387451171875
30.0,3.264923,35.1421012878418
30.0,2.2531586,43.20457458496094
30.0,0.95825195,37.41806411743164
30.0,3.5635147,26.07269859313965
30.0,3.0257416,27.751554489135742
30.0,16.387672,43.09492874145508
30.0,4.113098,30.634014129638672
30.0,1.0237656,33.14890670776367
30.0,4.7493896,33.82804870605469
6.0,5.297432,11.077364921569824
6.0,22.254272,15.370513916015625
6.0,7.3675766,12.480145454406738
6.0,7.267105,13.436419486999512
6.0,13.240143,11.14373779296875
6.0,18.775726,11.508074760437012
6.0,17.717613,10.025074005126953
6.0,0.0012664795,11.84532356262207
6.0,40.94818,11.075411796569824
6.0,48.176147,10.439081192016602
6.0,44.742825,12.29780387878418
8.0,16.373611,14.275668144226074
8.0,6.6069794,11.6829833984375
8.0,16.01413,13.062993049621582
8.0,4.539734,12.062243461608887
8.0,65.917725,10.0
8.0,8.141769,13.326543807983398
8.0,23.495026,12.275476455688477
8.0,53.000282,11.77817440032959
8.0,1.4462357,14.287047386169434
8.0,1.5788498,14.422486305236816
8.0,5.029602,21.029340744018555
8.0,2.0509567,12.538872718811035
10.0,10.690445,13.194866180419922
10.0,14.7022705,12.874212265014648
10.0,2.768036,17.4073486328125
10.0,0.83961487,16.806100845336914
10.0,1.9988098,17.33674430847168
10.0,4.1224823,15.035663604736328
10.0,16.623413,13.394193649291992
10.0,19.20871,11.731616020202637
10.0,13.709694,12.014703750610352
10.0,0.21734619,13.427191734313965
10.0,0.66978455,16.007980346679688
10.0,8.112167,12.12625789642334
13.0,2.77948,19.649127960205078
13.0,0.07006836,18.559890747070312
13.0,65.3745,14.80189323425293
13.0,4.703598,14.25043773651123
13.0,8.66758,17.567058563232422
13.0,5.357712,18.93289566040039
13.0,6.8709946,16.01647186279297
13.0,1.5762329,17.928102493286133
13.0,11.26918,15.137643814086914
13.0,16.915565,20.023637771606445
13.0,2.0509796,16.5379581451416
13.0,5.9822235,17.451990127563477
17.0,8.498627,31.67152214050293
17.0,4.6918106,28.378957748413086
17.0,3.2257843,23.234052658081055
17.0,6.3867188,20.030912399291992
17.0,12.911987,25.188674926757812
17.0,0.31237793,20.546125411987305
17.0,8.910812,18.312734603881836
17.0,3.4598694,24.2443904876709
17.0,0.27799988,18.95553970336914
17.0,3.847374,22.3834171295166
17.0,0.61489105,23.2138614654541
22.0,2.544098,32.285858154296875
22.0,0.5984192,23.405881881713867
22.0,0.30107117,28.801971435546875
22.0,1.8168716,29.962337493896484
22.0,0.108299255,27.747268676757812
22.0,0.40441132,30.44507598876953
22.0,0.5033493,21.489900588989258
22.0,12.504471,33.15068435668945
30.0,1.1560669,32.7760124206543
30.0,7.162491,31.45541763305664
30.0,2.862564,41.48506164550781
30.0,4.299698,32.45314025878906
30.0,0.3968048,30.867568969726562
30.0,0.33769226,30.83055877685547
30.0,2.3539581,36.31887435913086
30.0,0.78730774,38.18692398071289
30.0,10.919678,29.121034622192383
30.0,2.773964,34.6041374206543
6.0,24.96045,11.070609092712402
6.0,10.194687,15.226139068603516
6.0,16.96975,11.0
6.0,16.567345,23.312488555908203
6.0,7.021126,14.732637405395508
6.0,40.576233,11.184077262878418
6.0,14.924866,13.054206848144531
6.0,11.625839,12.944244384765625
6.0,57.757538,13.439799308776855
6.0,32.22101,12.921022415161133
8.0,12.660225,11.267714500427246
8.0,6.602844,14.237452507019043
8.0,60.393402,28.917360305786133
8.0,20.95311,14.196187019348145
8.0,43.722233,14.812925338745117
8.0,5.044327,12.828133583068848
8.0,14.298767,15.386479377746582
8.0,35.111862,11.062543869018555
8.0,6.248665,14.769769668579102
8.0,13.683342,16.64678192138672
8.0,37.05893,13.84785270690918
8.0,31.376114,12.101716995239258
10.0,22.109253,25.915225982666016
10.0,6.229599,16.043975830078125
10.0,10.61467,15.985259056091309
10.0,7.0145187,12.864385604858398
10.0,14.66362,16.369312286376953
10.0,18.984322,12.597834587097168
10.0,6.390251,13.351502418518066
10.0,13.304016,14.19802474975586
10.0,11.596695,13.999320983886719
10.0,21.392235,15.164399147033691
13.0,5.7228394,22.348535537719727
13.0,1.3902588,21.44014549255371
13.0,6.610977,17.410249710083008
13.0,12.609314,16.593706130981445
13.0,0.34228516,13.433895111083984
13.0,4.3076324,19.143287658691406
13.0,0.091682434,17.014009475708008
13.0,1.2014999,25.3924617767334
13.0,3.1604004,24.211772918701172
13.0,0.77347565,26.043838500976562
17.0,17.531113,27.39644432067871
17.0,36.034447,14.183238983154297
17.0,2.5726624,14.294960021972656
17.0,1.6555634,21.249704360961914
17.0,3.8815918,27.02145004272461
17.0,1.1777344,11.130158424377441
17.0,0.97255707,18.538490295410156
17.0,1.2628708,26.023780822753906
17.0,24.603409,21.47930908203125
17.0,3.409851,34.477718353271484
22.0,12.624397,22.34515953063965
22.0,0.38894653,24.992794036865234
22.0,1.6776886,22.416086196899414
22.0,7.3097305,34.58720397949219
22.0,5.4511566,31.890722274780273
22.0,14.379906,21.715974807739258
22.0,1.9249039,28.83765411376953
22.0,28.47564,24.70943260192871
22.0,56.9041,0.0
30.0,1.0693054,36.1965446472168
30.0,5.4482574,34.41545104980469
30.0,1.0001068,35.776912689208984
30.0,1.1961899,22.66452980041504
30.0,5.2028046,31.959686279296875
30.0,1.240036,35.89500045776367
30.0,2.9007416,42.889095306396484
6.0,1.1332932,11.615148544311523
6.0,21.504425,11.477763175964355
6.0,5.8583374,11.20943546295166
6.0,0.6199722,10.65282154083252
6.0,3.6373596,12.236715316772461
6.0,74.1493,14.187965393066406
6.0,82.398766,12.10261344909668
6.0,78.23342,12.922812461853027
6.0,3.3303986,13.219538688659668
6.0,27.977692,13.188873291015625
6.0,7.5927734,12.237174034118652
6.0,19.1716,11.796222686767578
8.0,10.421951,11.733823776245117
8.0,31.192673,14.777505874633789
8.0,2.7822342,15.0365629196167
8.0,3.2505646,13.218793869018555
8.0,35.60324,12.898638725280762
8.0,8.73452,15.661581993103027
8.0,4.095215,15.100568771362305
8.0,32.721046,9.690535545349121
8.0,89.84575,17.411394119262695
8.0,29.240608,15.562078475952148
8.0,5.4104767,10.705810546875
8.0,28.078629,20.195842742919922
10.0,6.54895,13.209847450256348
10.0,7.095169,21.03853988647461
10.0,63.36725,20.583942413330078
10.0,13.956718,19.294240951538086
10.0,4.4172363,18.133052825927734
10.0,1.2811279,12.527542114257812
10.0,7.774414,14.204397201538086
10.0,9.217987,19.801498413085938
10.0,0.42433167,14.67138957977295
10.0,39.60013,8.0
10.0,22.730827,20.6433162689209
10.0,7.555649,18.338031768798828
13.0,13.456421,21.02864646911621
13.0,20.561584,27.08675765991211
13.0,5.0836487,14.24991512298584
13.0,0.4282837,12.368080139160156
13.0,0.61065674,13.965818405151367
13.0,4.6669846,27.167715072631836
13.0,9.90255,14.766947746276855
13.0,2.0070648,15.169221878051758
13.0,4.736107,15.117697715759277
13.0,1.3480453,17.876108169555664
13.0,15.963539,10.6873140335083
17.0,2.8561707,24.57260513305664
17.0,3.54924,21.47301483154297
17.0,4.9002075,20.717315673828125
17.0,4.5623016,22.35371208190918
17.0,80.633575,7.0
17.0,0.6420746,14.81153678894043
17.0,9.997192,20.533931732177734
22.0,3.3937912,27.343107223510742
22.0,0.3118286,23.910314559936523
22.0,6.0516815,21.980562210083008
22.0,18.217392,17.38138771057129
22.0,0.45367432,18.148439407348633
22.0,0.24999237,23.849098205566406
30.0,0.49035645,37.11801528930664
30.0,0.2977295,29.031116485595703
30.0,10.0559845,36.31687545776367
30.0,1.3671417,36.55568313598633
30.0,15.477982,21.40578842163086
30.0,1.0553894,45.59703826904297
30.0,0.24507141,31.692935943603516
30.0,2.3087006,42.05409622192383
6.0,73.82315,13.152766227722168
6.0,49.100975,22.243038177490234
6.0,62.14911,11.272333145141602
6.0,23.366608,19.207897186279297
6.0,15.285294,13.075342178344727
6.0,27.668198,11.182653427124023
6.0,32.63022,12.215332984924316
6.0,13.448242,20.128217697143555
6.0,53.897446,12.50472640991211
6.0,3.3367996,11.900437355041504
6.0,14.640213,11.614228248596191
8.0,5.174904,12.600258827209473
8.0,4.3270416,13.433809280395508
8.0,22.488693,14.313007354736328
8.0,1.2905579,13.84606647491455
8.0,15.584152,11.544973373413086
8.0,8.2376175,16.648330688476562
8.0,4.672325,14.282928466796875
8.0,17.84011,11.144307136535645
8.0,9.323959,10.637799263000488
8.0,0.36814117,19.583942413330078
8.0,40.043747,11.460335731506348
10.0,4.388588,11.538970947265625
10.0,12.290848,17.892230987548828
10.0,1.4222107,17.03763771057129
10.0,4.924118,11.810242652893066
10.0,6.8857193,15.20590877532959
10.0,48.8143,19.24525260925293
10.0,0.12029266,16.204364776611328
10.0,30.677376,15.178193092346191
10.0,13.456619,17.453458786010742
10.0,0.23561096,12.543997764587402
10.0,7.393402,12.535165786743164
13.0,0.008483887,14.659292221069336
13.0,6.5428314,15.169148445129395
13.0,3.8941345,22.076295852661133
13.0,2.8280792,19.23356819152832
13.0,4.192047,19.23227882385254
13.0,12.712006,14.558272361755371
13.0,3.3212662,21.02474021911621
13.0,6.6739655,17.031877517700195
13.0,6.469986,14.671609878540039
13.0,8.212807,16.170211791992188
17.0,26.207092,10.320638656616211
17.0,11.389755,21.477508544921875
17.0,3.0269012,19.70395851135254
17.0,6.6401596,24.00950050354004
17.0,6.896118,21.865985870361328
17.0,3.950058,19.79050064086914
17.0,1.0493698,20.549938201904297
17.0,1.8650665,22.019670486450195
17.0,0.40847778,29.924640655517578
17.0,3.3455963,26.798402786254883
22.0,10.541367,10.06318187713623
22.0,0.36927795,24.60125732421875
22.0,5.1434326,34.548255920410156
22.0,1.1023407,20.880083084106445
22.0,0.83703613,35.60014724731445
22.0,2.6416016,28.156774520874023
22.0,7.4817276,24.840606689453125
30.0,8.74128,24.523042678833008
30.0,8.062317,40.685638427734375
30.0,0.35057068,33.03620529174805
30.0,6.981903,30.031457901000977
30.0,18.053238,26.640552520751953
30.0,0.27285767,27.00695037841797
6.0,9.097015,11.156327247619629
6.0,24.194931,9.291328430175781
6.0,4.695572,12.060839653015137
6.0,21.167526,16.942197799682617
6.0,20.285126,18.30586814880371
6.0,6.552681,11.611701965332031
6.0,57.41269,21.455472946166992
6.0,74.58745,19.469268798828125
6.0,31.931427,17.683979034423828
6.0,8.415657,15.656221389770508
6.0,4.339531,12.453086853027344
8.0,36.7274,15.956338882446289
8.0,10.849716,22.38045883178711
8.0,2.5416336,18.133699417114258
8.0,30.45066,19.290231704711914
8.0,18.255463,21.631853103637695
8.0,8.360001,11.615754127502441
8.0,13.947647,17.758018493652344
8.0,59.58676,17.77480697631836
8.0,2.8019257,13.459712028503418
8.0,4.004837,13.800803184509277
8.0,8.060806,12.19780445098877
8.0,9.299667,16.075603485107422
10.0,16.614044,17.281986236572266
10.0,1.2983856,15.54323959350586
10.0,25.772827,15.400040626525879
10.0,4.363579,13.206527709960938
10.0,11.877304,16.999311447143555
10.0,33.071167,11.810096740722656
10.0,7.2976074,14.754705429077148
10.0,29.698006,17.597984313964844
10.0,51.25007,19.033296585083008
10.0,13.239265,14.62074089050293
10.0,7.774231,16.192325592041016
10.0,24.266098,20.13810920715332
13.0,2.3443756,17.903411865234375
13.0,1.1895599,19.51766014099121
13.0,3.3146362,19.616764068603516
13.0,29.161514,19.040483474731445
13.0,0.27366638,16.78474235534668
13.0,12.981033,19.397872924804688
13.0,2.07798,15.451070785522461
13.0,0.318161,18.202083587646484
13.0,17.193336,17.39389419555664
13.0,7.6654205,21.850801467895508
13.0,1.4424667,16.915943145751953
17.0,2.0610504,20.533565521240234
17.0,0.52282715,23.19610023498535
17.0,1.5409698,21.68037986755371
17.0,16.955109,12.38090991973877
17.0,43.39073,20.759016036987305
17.0,0.84052277,22.769533157348633
17.0,0.7395477,24.210805892944336
17.0,0.3536377,20.1511173248291
17.0,0.5465851,23.683837890625
17.0,0.5022278,21.05382537841797
17.0,1.2025986,21.19725227355957
22.0,5.756897,25.504438400268555
22.0,1.3727875,28.755523681640625
22.0,1.3262177,28.16737174987793
22.0,3.7332916,35.78020095825195
22.0,0.81044006,24.60505485534668
22.0,2.1955109,29.294715881347656
22.0,1.4340591,29.452407836914062
22.0,0.050315857,23.457210540771484
30.0,0.850235,35.739620208740234
30.0,0.8439255,39.854530334472656
30.0,1.0083618,23.61314582824707
30.0,0.47094727,29.983434677124023
30.0,25.520576,37.836997985839844
30.0,1.4678955,36.554752349853516
30.0,1.6161728,28.002498626708984
6.0,6.3829956,10.0
6.0,5.26268,12.061989784240723
6.0,4.1019974,12.061392784118652
6.0,43.477997,11.599946975708008
6.0,16.313385,33.04983139038086
6.0,47.547573,13.762894630432129
6.0,15.099228,13.219066619873047
6.0,14.892853,11.434779167175293
6.0,55.334686,11.271378517150879
6.0,4.778061,12.0435791015625
6.0,75.41757,20.46999168395996
8.0,10.923309,14.808557510375977
8.0,5.1780853,16.034130096435547
8.0,5.212784,12.011811256408691
8.0,3.3562775,12.242725372314453
8.0,8.99855,11.981782913208008
8.0,0.5892792,13.123435020446777
8.0,4.991379,21.519912719726562
8.0,4.1436615,28.98788070678711
8.0,12.380447,14.81307315826416
8.0,6.7136993,10.70820426940918
8.0,2.7348785,25.400571823120117
10.0,12.963661,13.355992317199707
10.0,7.167282,17.009044647216797
10.0,0.9168854,10.630780220031738
10.0,5.6081085,14.630084991455078
10.0,10.255852,15.016204833984375
10.0,5.781105,13.847984313964844
10.0,5.5715637,13.109957695007324
10.0,4.876007,32.681453704833984
10.0,2.7072906,29.233009338378906
10.0,1.4462204,18.030702590942383
13.0,16.598938,27.489971160888672
13.0,11.772682,18.305315017700195
13.0,4.886101,14.331100463867188
13.0,8.967979,14.437528610229492
13.0,8.679001,10.28793716430664
13.0,1.8384781,23.307315826416016
13.0,38.06186,16.505773544311523
13.0,8.035706,14.635954856872559
13.0,9.975304,18.114917755126953
13.0,32.565926,22.027210235595703
13.0,6.036606,13.503133773803711
13.0,44.25641,15.017240524291992
17.0,5.148056,21.702590942382812
17.0,0.5781784,22.408933639526367
17.0,4.400482,31.7254695892334
17.0,6.230362,19.020750045776367
17.0,5.0859985,19.237695693969727
17.0,7.9685974,19.80813217163086
17.0,1.5745239,21.375041961669922
17.0,5.7442474,17.499065399169922
17.0,7.6333847,16.360504150390625
22.0,0.018203735,28.329381942749023
22.0,77.08975,13.036442756652832
22.0,7.32695,25.999412536621094
22.0,2.8858643,26.161909103393555
22.0,0.74318695,27.17656707763672
22.0,21.91272,26.171831130981445
22.0,6.3144836,25.945091247558594
22.0,8.152939,31.199840545654297
22.0,2.915039,29.50099754333496
22.0,13.1553955,27.193790435791016
30.0,2.8098907,33.42679977416992
30.0,2.861473,36.87488555908203
30.0,2.2270813,33.39962387084961
30.0,1.858429,45.07423400878906
30.0,2.4595795,42.27486038208008
6.0,75.95242,9.720535278320312
6.0,0.506897,12.00753116607666
6.0,21.03106,11.244125366210938
6.0,63.88092,11.164299964904785
6.0,48.901855,13.848566055297852
6.0,7.0536194,11.982075691223145
6.0,2.397705,12.053545951843262
6.0,64.56437,11.598419189453125
6.0,65.4875,10.255633354187012
6.0,32.372528,10.315665245056152
6.0,15.669922,15.588833808898926
6.0,12.984848,11.071067810058594
8.0,7.5740128,15.083358764648438
8.0,10.264191,12.11705207824707
8.0,13.108994,11.080252647399902
8.0,9.535507,12.235661506652832
8.0,31.597519,10.298919677734375
8.0,8.484222,12.534734725952148
8.0,3.416626,13.031615257263184
8.0,1.3963776,11.216134071350098
8.0,9.684944,11.603361129760742
8.0,15.926979,16.031307220458984
8.0,6.4854126,13.369186401367188
8.0,75.40451,14.042582511901855
10.0,13.379906,12.531137466430664
10.0,1.8026886,17.578784942626953
10.0,2.945572,20.26727867126465
10.0,3.8088074,14.768969535827637
10.0,13.032806,15.032636642456055
10.0,19.438667,14.294414520263672
10.0,7.456436,14.32167911529541
10.0,6.9906006,16.156169891357422
10.0,2.649643,11.266366958618164
10.0,9.661484,12.412589073181152
10.0,5.3557053,14.127427101135254
10.0,20.858917,20.396100997924805
13.0,6.6062317,18.763397216796875
13.0,5.339737,15.401517868041992
13.0,5.2374115,14.61109733581543
13.0,2.7191315,23.841684341430664
13.0,7.2103806,15.39779281616211
13.0,0.4907837,10.16446590423584
13.0,7.6591187,16.033634185791016
13.0,3.6253128,15.9701509475708
13.0,6.482086,14.638774871826172
13.0,3.6427765,15.7032470703125
13.0,80.49156,22.378520965576172
13.0,6.125229,20.989397048950195
17.0,4.3797455,24.51764678955078
17.0,8.005981,18.420488357543945
17.0,7.7363434,20.971839904785156
17.0,57.929855,14.757315635681152
17.0,4.756119,15.34463119506836
17.0,5.433235,20.552085876464844
17.0,11.7293625,26.004215240478516
17.0,3.416687,20.969074249267578
17.0,0.5478897,25.624746322631836
17.0,4.2150803,18.197795867919922
17.0,3.332283,21.11517333984375
17.0,10.657745,22.641971588134766
22.0,2.6507874,28.69619369506836
22.0,4.2463684,28.984569549560547
22.0,3.5651321,25.94141960144043
22.0,12.955452,31.652212142944336
22.0,0.93561554,30.248594284057617
22.0,4.6215286,27.322805404663086
22.0,11.839081,21.45445442199707
22.0,6.0543365,33.609256744384766
30.0,0.3782959,27.31723403930664
30.0,0.6711731,35.88590621948242
30.0,1.0772934,40.338871002197266
30.0,1.0507812,28.350492477416992
30.0,2.980072,33.22478485107422
30.0,3.033409,15.038695335388184
30.0,0.032081604,32.43829345703125
30.0,4.00296,35.32032012939453
30.0,0.9272003,33.38743209838867
30.0,5.508209,34.81813430786133
6.0,67.81763,18.853422164916992
6.0,51.06494,14.000076293945312
6.0,22.417572,11.584492683410645
6.0,15.367935,12.094141960144043
6.0,10.068573,14.183243751525879
6.0,5.159897,12.001731872558594
6.0,5.847206,9.656854629516602
6.0,62.50891,11.571800231933594
6.0,30.033722,12.73872184753418
6.0,43.1062,19.093379974365234
6.0,10.227753,11.190413475036621
6.0,29.517212,15.363454818725586
8.0,1.8806763,13.401334762573242
8.0,31.573822,12.113899230957031
8.0,9.162994,17.018543243408203
8.0,4.924553,13.189266204833984
8.0,63.632416,13.27983570098877
8.0,1.1741486,19.338970184326172
8.0,4.0289536,11.399882316589355
8.0,40.99025,20.548736572265625
8.0,8.772362,13.459222793579102
8.0,4.1891174,13.189374923706055
8.0,19.35437,21.407855987548828
10.0,13.548904,18.05685043334961
10.0,2.116043,13.423348426818848
10.0,37.9924,11.371538162231445
10.0,9.570839,14.232589721679688
10.0,16.414108,14.64305305480957
10.0,28.538055,14.626927375793457
10.0,24.192749,11.217815399169922
10.0,13.902359,12.546170234680176
10.0,9.933632,12.051898002624512
10.0,38.46637,15.088460922241211
10.0,25.624283,16.73284339904785
13.0,9.70079,20.258455276489258
13.0,4.1879272,18.03499984741211
13.0,7.856903,16.78748893737793
13.0,1.6505966,15.69295883178711
13.0,1.5880737,15.171651840209961
13.0,19.433426,25.26018524169922
13.0,1.8384323,19.26366424560547
13.0,12.751221,15.396896362304688
13.0,5.931404,25.856407165527344
17.0,70.754166,20.990768432617188
17.0,1.9318619,28.99259376525879
17.0,0.8648224,26.40218162536621
17.0,3.2562027,16.9788761138916
17.0,2.5174866,19.797529220581055
17.0,4.380188,23.10902214050293
17.0,18.136436,13.373442649841309
17.0,9.089218,22.244632720947266
17.0,8.243607,27.011777877807617
22.0,3.4133759,24.12456703186035
22.0,21.478218,35.35930252075195
22.0,2.764801,28.329824447631836
22.0,5.893051,31.065174102783203
22.0,10.651955,26.748687744140625
22.0,10.602386,18.315876007080078
22.0,2.1962585,33.29916000366211
22.0,1.5421753,24.875314712524414
22.0,5.015869,28.274457931518555
30.0,1.3352737,35.60096740722656
30.0,0.21486664,34.18867492675781
30.0,5.9506073,42.941654205322266
30.0,2.973404,32.628211975097656
30.0,14.224358,21.11623764038086
30.0,4.197426,29.563613891601562
30.0,4.8729095,30.389137268066406
30.0,2.8965073,29.17368507385254
30.0,7.4191055,15.15981674194336
